timestamp,ch1,ch2,ch3,ch4,ch5,ch6,ch7,ch8,noise
0.005,0,-2,-3,0,-1,-1,0,-1,0.0
0.01,-1,-1,-2,-2,-1,-1,0,0,0.0
0.015,0,0,0,-1,-1,-2,-2,-1,0.0
0.02,-2,-2,-2,-1,-1,-1,-1,-1,0.0
0.025,-1,-1,0,-1,-2,0,-2,-1,0.0
0.03,-1,0,0,1,-1,-1,0,-2,0.0
0.035,-1,-1,-2,-1,-1,0,-2,0,0.0
0.04,-2,-2,0,-2,-1,-2,0,0,0.0
0.045,-1,1,0,-1,0,-1,0,0,0.0
0.05,-1,-1,-1,-1,-2,-1,0,0,0.0
0.055,-2,0,-1,-1,-1,-2,0,0,0.0
0.06,-1,0,-1,-1,-1,0,-3,-1,0.0
0.065,-1,-2,-2,-1,0,-1,-1,-2,0.0
0.07,1,0,-1,-1,-1,-1,-3,-2,0.0
0.075,0,-1,-1,0,-1,0,1,-2,0.0
0.08,-2,-1,-1,-2,0,-1,0,-1,0.0
0.085,0,-3,-1,-2,0,0,0,0,0.0
0.09,-2,-2,-2,-2,1,-2,-2,-1,0.0
0.095,0,-3,-2,-2,-1,1,-3,0,0.0
0.1,0,-2,-1,0,0,-1,-2,0,0.0
0.105,-2,-2,-1,-1,-2,-1,-1,-2,0.0
0.11,-1,-2,0,-2,-1,-2,0,0,0.0
0.115,-1,-1,0,1,-2,-3,-2,-1,0.0
0.12,-3,0,-2,0,1,0,1,-3,0.0
0.125,-2,-2,-2,0,-1,-1,1,-2,0.0
0.13,0,-1,-3,-1,-1,-1,0,-2,0.0
0.135,-1,-2,-1,-1,0,-1,-1,-2,0.0
0.14,-2,-1,-2,-1,-3,-3,-2,0,0.0
0.145,0,-2,0,-2,-1,-1,-1,-1,0.0
0.15,0,-1,-3,-1,-1,-1,-1,-2,0.0
0.155,-1,-2,-2,-1,0,-2,-1,-1,0.0
0.16,-1,-1,-1,-1,-2,0,2,0,0.0
0.165,0,0,-1,0,-1,-3,-1,0,0.0
0.17,0,-1,-2,-1,-2,0,0,-1,0.0
0.17500000000000002,0,-2,-1,-2,-2,0,-1,-2,0.0
0.18,-1,-2,-1,-2,0,-2,-3,-1,0.0
0.185,-1,0,-1,-2,-2,0,-2,0,0.0
0.19,-2,-1,-2,0,-1,-3,0,0,0.0
0.195,-1,0,-1,-1,-2,0,-1,-1,0.0
0.2,0,-1,-1,1,-1,-3,-1,-1,0.0
0.20500000000000002,-1,-1,-3,-1,-3,0,-1,-2,0.0
0.21,-1,-2,0,0,0,-1,-1,-1,0.0
0.215,-1,-2,0,-2,-1,-1,0,0,0.0
0.22,-1,-1,-3,-2,-1,-1,-1,-2,0.0
0.225,0,-2,0,0,0,0,0,-2,0.0
0.23,0,-2,-1,-3,0,0,-1,-1,0.0
0.23500000000000001,-2,-1,-2,-1,-1,-1,1,0,0.0
0.24,-1,-1,0,0,-4,-2,0,0,0.0
0.245,-1,-1,0,0,0,-2,-1,-2,0.0
0.25,-1,0,1,-1,-1,-1,-1,-3,0.0
0.255,-1,0,0,-1,-1,0,-2,-1,0.0
0.26,-2,-2,-1,0,1,0,-2,-1,0.0
0.265,-2,-2,-1,0,-1,-1,-2,-2,0.0
0.27,-1,-2,-2,-1,-3,-2,-1,0,0.0
0.275,0,-2,0,-1,0,-3,-2,0,0.0
0.28,-1,-1,-1,-1,0,-2,-2,-1,0.0
0.28500000000000003,-1,-2,-1,-3,-2,0,0,-2,0.0
0.29,-2,-1,-2,-1,0,-1,-3,-2,0.0
0.295,0,-1,-1,0,-2,-1,-1,-2,0.0
0.3,-1,-1,-1,-1,-2,-1,1,0,0.0
0.305,0,0,-1,-1,0,-1,-1,-1,0.0
0.31,-2,-2,0,-1,0,-1,-2,0,0.0
0.315,-2,0,-2,0,-2,0,-1,-1,0.0
0.32,-2,-1,0,-1,-2,-1,-2,-1,0.0
0.325,-2,1,-1,-2,0,-1,-1,-1,0.0
0.33,-2,-2,-2,0,-1,0,-2,-1,0.0
0.335,0,-1,-1,-2,1,-2,-2,-2,0.0
0.34,-1,-3,-1,-3,1,-1,-2,-2,0.0
0.34500000000000003,-2,-2,-1,0,-1,0,-1,0,0.0
0.35000000000000003,1,2,0,-1,-1,-2,-1,0,0.0
0.355,-3,-1,-1,-1,-2,-2,-3,-1,0.0
0.36,-1,-2,-1,-1,-1,-2,0,-2,0.0
0.365,1,-2,0,-1,-1,-1,-1,-2,0.0
0.37,-1,-2,-1,-2,0,0,0,0,0.0
0.375,-1,-2,-1,-2,-2,0,-1,-1,0.0
0.38,0,-1,0,-1,-2,-1,-2,-1,0.0
0.385,0,-2,0,-1,-2,-1,-2,0,0.0
0.39,-1,-2,0,-1,0,-1,-1,-1,0.0
0.395,0,0,-1,0,1,-2,-2,-2,0.0
0.4,-1,-1,-1,-1,-1,0,-1,-2,0.0
0.405,-2,-1,-2,0,0,-1,-1,-1,0.0
0.41000000000000003,-2,-1,-1,-1,-1,0,0,0,0.0
0.41500000000000004,-1,-1,-2,-1,-1,-2,1,-1,0.0
0.42,-1,-2,-1,-1,-1,-1,-2,0,0.0
0.425,-2,-3,0,-1,-1,-2,-1,0,0.0
0.43,0,-2,-1,0,-3,-1,0,0,0.0
0.435,-2,-2,-1,0,-1,-1,-2,1,0.0
0.44,-2,-2,-2,1,0,-1,0,0,0.0
0.445,-1,-2,-2,-2,-1,-2,0,-1,0.0
0.45,-1,-2,-1,0,-2,-3,-2,-1,0.0
0.455,0,-2,0,1,-1,-1,-2,-1,0.0
0.46,-1,-2,-2,-2,-1,0,-1,-2,0.0
0.465,-1,0,-1,-2,0,-2,0,-1,0.0
0.47000000000000003,1,0,0,0,0,0,0,-2,0.0
0.47500000000000003,-1,1,-3,-1,0,0,-1,1,0.0
0.48,0,0,0,-1,-1,-1,-1,-1,0.0
0.485,0,-1,-2,0,-1,-2,-1,-1,0.0
0.49,-2,0,-3,-2,-1,-2,-3,-4,0.0
0.495,0,-2,-2,-2,-2,0,-1,-2,0.0
0.5,-2,-2,0,0,-1,0,-2,-2,0.0
0.505,-1,-1,1,-2,-1,-2,0,-1,0.0
0.51,-2,0,-1,-1,-1,-1,0,0,0.0
0.515,-1,-3,-1,-1,-1,0,-3,-2,0.0
0.52,0,-1,-1,-2,-2,-1,0,0,0.0
0.525,1,0,-1,-1,-1,0,-2,-2,0.0
0.53,-2,1,-2,-2,0,-1,-1,-1,0.0
0.535,-1,-1,-1,-2,-2,-1,0,-1,0.0
0.54,0,-2,-1,-2,-2,-3,-3,-1,0.0
0.545,-1,-3,-1,0,1,0,-3,-1,0.0
0.55,0,-2,-1,-1,0,0,1,0,0.0
0.555,-1,-1,0,-2,-2,-1,1,-1,0.0
0.56,-1,0,-1,1,0,-1,-1,0,0.0
0.5650000000000001,-1,-1,-3,-2,-2,-2,-1,0,0.0
0.5700000000000001,-2,0,-1,-2,0,0,-3,-2,0.0
0.5750000000000001,-1,0,-1,-1,0,-1,-3,-2,0.0
0.58,0,-1,-3,-2,-2,0,-2,0,0.0
0.585,-1,-1,-1,0,-1,1,-2,-2,0.0
0.59,1,0,-1,-1,-1,-1,0,-2,0.0
0.595,-1,-1,0,-1,-2,-2,0,0,0.0
0.6,-2,1,1,-2,0,-1,-1,-2,0.0
0.605,-1,0,-1,-1,-3,0,-1,1,0.0
0.61,-1,-2,0,-2,-2,-1,-2,0,0.0
0.615,-1,-1,-2,-1,-1,-2,-2,-2,0.0
0.62,1,-2,-2,-2,-1,-1,-2,0,0.0
0.625,0,0,0,1,0,-1,-2,0,0.0
0.63,0,-3,-2,0,-2,-1,-3,-3,0.0
0.635,-2,-1,0,-1,-1,-1,-3,-1,0.0
0.64,-2,-2,-2,0,0,0,-1,-2,0.0
0.645,-1,-2,0,-3,-1,0,-1,-1,0.0
0.65,0,-1,-1,-2,0,-2,1,-3,0.0
0.655,-1,0,-2,-2,0,-1,-1,-1,0.0
0.66,-3,-1,-1,0,0,-3,-2,2,0.0
0.665,-2,-1,-1,-2,0,-2,0,0,0.0
0.67,0,2,0,-2,0,0,-1,0,0.0
0.675,-1,-1,-2,0,-1,-3,-1,-3,0.0
0.68,-1,-1,0,-4,-3,0,-1,0,0.0
0.685,-1,0,-2,-3,-1,0,-2,-2,0.0
0.6900000000000001,-2,-1,-1,2,-1,-2,0,-2,0.0
0.6950000000000001,-2,-2,0,-2,-1,-1,-1,-1,0.0
0.7000000000000001,0,-1,-2,-1,-2,-2,1,-1,0.0
0.705,0,1,-2,-3,-2,-2,-1,-1,0.0
0.71,-2,-1,0,-2,0,1,0,-2,0.0
0.715,-2,-1,-2,1,-2,-1,0,1,0.0
0.72,-1,0,1,-1,-1,-1,0,-1,0.0
0.725,-1,-2,0,-2,0,-2,-1,-1,0.0
0.73,-1,1,0,-2,-2,-2,-2,-2,0.0
0.735,0,-1,-1,-3,-2,-2,-1,0,0.0
0.74,-1,-1,-1,-1,-1,0,-1,0,0.0
0.745,-1,0,-2,-1,-1,-1,-2,-1,0.0
0.75,0,-2,-2,-2,-1,-1,-1,-1,0.0
0.755,0,-1,-2,-1,1,-3,-1,-2,0.0
0.76,-1,-2,-1,0,-2,-1,-1,1,0.0
0.765,0,-2,-1,0,-2,-2,-1,-2,0.0
0.77,-1,0,1,0,-1,0,0,-2,0.0
0.775,1,0,-1,0,-1,-1,0,-1,0.0
0.78,0,-1,-2,-1,-2,-1,-2,-2,0.0
0.785,-2,-2,0,-3,-1,-1,1,-1,0.0
0.79,-1,-1,-1,0,0,-1,-1,0,0.0
0.795,-1,-2,-1,-2,0,-1,-2,-1,0.0
0.8,-3,-1,-2,-1,-1,-1,0,0,0.0
0.805,0,-2,0,0,-2,-1,-1,-1,0.0
0.81,-1,-2,-1,-1,-2,-1,-1,-1,0.0
0.8150000000000001,-3,-2,-1,-1,-1,-2,-1,0,0.0
0.8200000000000001,-1,-2,0,-2,-1,-2,-2,0,0.0
0.8250000000000001,-1,0,0,-2,-2,0,-1,-2,0.0
0.8300000000000001,-1,-2,-2,-2,-1,-2,0,-1,0.0
0.835,-3,-2,-3,-2,0,-2,-1,-3,0.0
0.84,-2,1,-2,0,-1,0,-2,-2,0.0
0.845,-1,0,-1,-1,1,0,-1,0,0.0
0.85,0,1,0,0,-1,-1,-1,-2,0.0
0.855,-2,-2,-1,-1,-1,-1,-2,1,0.0
0.86,-2,-1,-1,1,-1,-1,0,-1,0.0
0.865,-1,-1,-1,-1,-2,-1,-2,-2,0.0
0.87,-1,-1,-2,-1,-1,-2,-2,1,0.0
0.875,-1,1,-1,-2,-1,-1,0,-1,0.0
0.88,0,0,-3,-2,0,0,-1,0,0.0
0.885,-1,-3,0,1,-2,-1,-1,-1,0.0
0.89,-1,-3,1,-1,-1,-2,-2,-1,0.0
0.895,0,-1,-1,0,-2,0,0,0,0.0
0.9,0,-1,-1,-1,-2,-1,-2,-2,0.0
0.905,0,0,-2,0,1,0,-2,0,0.0
0.91,-2,0,-1,0,-1,0,-2,-1,0.0
0.915,-2,0,-1,-1,-1,1,-1,-1,0.0
0.92,-1,-2,-1,-2,-2,-1,-3,-3,0.0
0.925,-1,-1,-1,-1,0,0,-2,0,0.0
0.93,-2,-4,-1,-3,0,0,0,-1,0.0
0.935,-3,-1,0,-1,-3,-2,-1,-2,0.0
0.9400000000000001,-2,-2,-2,-1,0,1,0,0,0.0
0.9450000000000001,0,-3,-3,-3,-2,0,1,-2,0.0
0.9500000000000001,0,0,-1,0,-1,1,-2,-1,0.0
0.9550000000000001,1,-1,-3,-2,0,-2,-1,-2,0.0
0.96,-2,-1,0,0,-1,-4,-1,0,0.0
0.965,-2,-1,0,-1,-1,-2,-3,-2,0.0
0.97,1,-1,-1,1,0,0,-1,-1,0.0
0.975,0,-2,-3,-2,0,1,0,-3,0.0
0.98,-1,0,-1,-1,1,-1,0,-2,0.0
0.985,-2,-3,-2,-1,-2,0,-2,-1,0.0
0.99,-2,-2,-3,-1,-1,-1,0,0,0.0
0.995,-2,-3,1,0,-3,-2,-3,0,0.0
1.0,0,-2,-1,-1,-2,-1,0,-3,0.0
1.0050000000000001,-1,-1,-2,-2,-4,0,-1,-1,0.0
1.01,0,-2,-2,-4,-2,-1,-1,1,0.0
1.0150000000000001,-3,-2,1,-1,-1,-1,-1,-1,0.0
1.02,0,0,-1,-2,-2,-2,-1,0,0.0
1.025,0,1,1,0,0,-1,0,0,0.0
1.03,-2,-1,-1,-2,-2,0,-2,-2,0.0
1.035,-2,-2,0,-1,0,-3,-1,-1,0.0
1.04,-2,-3,-1,-1,-2,1,-2,-1,0.0
1.045,-1,-3,0,-2,1,-1,-1,-1,0.0
1.05,-1,0,0,-2,1,0,-1,-1,0.0
1.055,-1,0,-2,-1,0,0,-1,-1,0.0
1.06,0,0,-1,-1,-1,-1,-1,0,0.0
1.065,-1,0,-1,-1,-1,-3,-2,0,0.0
1.07,-1,-1,-1,0,-1,1,-2,-2,0.0
1.075,0,0,-1,-2,-1,-1,-1,-2,0.0
1.08,-2,-3,0,-1,0,1,2,-1,0.0
1.085,-3,-1,-2,0,-1,-1,-1,-1,0.0
1.09,-2,-2,-1,0,1,-1,-2,-1,0.0
1.095,-1,1,-1,0,-1,-1,-1,-1,0.0
1.1,1,-1,-1,-1,-2,-1,0,-1,0.0
1.105,-2,-1,-1,-3,-1,0,-1,-2,0.0
1.11,-3,-2,-2,-2,-1,-3,-1,-2,0.0
1.115,-1,0,1,-2,-1,0,-2,-1,0.0
1.12,-1,-2,-1,-3,0,-1,-2,-1,0.0
1.125,-1,-1,-1,0,-1,-1,-1,-3,0.0
1.1300000000000001,-1,0,-1,-1,-1,-2,-1,0,0.0
1.135,0,-2,-2,-1,-1,-3,1,-1,0.0
1.1400000000000001,-1,-1,-2,-1,-3,-4,-1,-1,0.0
1.145,0,-2,0,-1,-1,-2,0,0,0.0
1.1500000000000001,0,0,-1,0,-1,-1,0,-2,0.0
1.155,0,-3,-1,0,-1,-1,-2,0,0.0
1.16,-1,1,0,0,1,0,-1,-1,0.0
1.165,0,-2,-1,-2,0,-2,-2,-1,0.0
1.17,-1,-1,0,-1,0,-1,1,-1,0.0
1.175,0,-1,-2,-1,-1,0,-1,-1,0.0
1.18,-1,-3,0,-2,-1,-1,-1,-1,0.0
1.185,-2,-3,0,-3,-2,-2,-1,-1,0.0
1.19,-2,-1,-2,-4,-1,-1,-2,-1,0.0
1.195,1,0,1,-2,-1,-1,-2,-1,0.0
1.2,0,-2,-3,-1,-3,-1,-1,-1,0.0
1.205,-1,-1,0,1,-1,-1,-3,-2,0.0
1.21,1,-3,-1,-1,-2,-1,1,-2,0.0
1.215,-2,-1,-3,-1,-3,-2,1,-3,0.0
1.22,-3,-1,-1,-1,-2,-1,-2,0,0.0
1.225,-2,-1,-3,-3,1,0,-1,-1,0.0
1.23,-1,-1,-2,0,0,-2,-2,0,0.0
1.235,-1,0,-1,-1,-1,0,-3,0,0.0
1.24,-1,-2,-1,-1,1,0,-1,-2,0.0
1.245,0,-1,-3,-1,-2,1,-1,0,0.0
1.25,-2,0,-1,0,-3,-1,-1,-1,0.0
1.2550000000000001,-1,-2,-1,-2,-2,-1,-1,0,0.0
1.26,1,-1,-2,-2,0,-3,0,-2,0.0
1.2650000000000001,-1,-1,0,-2,-2,-1,-1,1,0.0
1.27,-1,-2,-2,-2,0,0,-1,-1,0.0
1.2750000000000001,0,0,-2,-1,-3,-1,-1,-1,0.0
1.28,1,-2,-3,-2,-1,0,-1,0,0.0
1.285,-1,-1,-2,0,-2,0,-1,-1,0.0
1.29,1,-1,-2,1,0,-2,-1,-1,0.0
1.295,-3,-2,-1,2,0,-2,-2,-2,0.0
1.3,-2,-3,1,-1,0,0,-1,-1,0.0
1.305,0,-2,-1,-1,-1,-2,-1,0,0.0
1.31,-1,-3,0,-2,-1,0,-1,0,0.0
1.315,-1,0,-1,-1,-1,0,-2,0,0.0
1.32,-1,1,-2,0,2,-1,0,-2,0.0
1.325,1,-1,-1,0,-2,-2,0,-1,0.0
1.33,-2,-2,-2,0,-1,-1,0,-3,0.0
1.335,-1,-2,-2,-1,0,0,0,-1,0.0
1.34,0,0,1,-3,-2,-2,-3,0,0.0
1.345,0,-2,-1,-3,-2,0,0,-2,0.0
1.35,0,-1,-1,1,-2,-2,1,-1,0.0
1.355,-1,-2,0,-3,-1,-1,-1,-2,0.0
1.36,-2,-1,-2,0,-1,-1,-4,-1,0.0
1.365,-2,-1,-1,-2,1,-1,-3,-3,0.0
1.37,-2,-1,-1,-3,-2,-1,-1,-1,0.0
1.375,-2,-3,0,1,-1,-2,0,-2,0.0
1.3800000000000001,-2,-2,-2,1,-3,0,1,-1,0.0
1.385,-2,-3,0,-3,0,-3,0,-1,0.0
1.3900000000000001,-1,-1,0,-1,-1,-1,-2,-2,0.0
1.395,-1,-1,-1,0,0,-1,-2,1,0.0
1.4000000000000001,-2,-1,-2,-2,1,1,-2,-1,0.0
1.405,0,0,-1,1,-3,-1,0,-2,0.0
1.41,-1,-1,-2,-2,-1,-1,-3,0,0.0
1.415,0,-1,-3,-1,-1,-2,-1,0,0.0
1.42,-2,-1,-1,-1,0,-1,-2,0,0.0
1.425,-1,0,-4,0,-1,0,-1,1,0.0
1.43,-1,-2,-1,-1,-3,-1,-2,-2,0.0
1.435,-2,-2,1,-1,-1,-1,0,-1,0.0
1.44,-1,-1,-1,-1,-3,-1,-1,-2,0.0
1.445,0,0,-1,-1,1,-1,-2,0,0.0
1.45,-1,-1,-1,-2,-1,1,-1,-2,0.0
1.455,-1,0,-3,-2,-2,0,1,-1,0.0
1.46,-1,-2,-1,-1,-2,-1,-1,0,0.0
1.465,-1,-1,-1,-1,-2,-1,-1,-1,0.0
1.47,-3,-1,1,-1,-2,-3,0,0,0.0
1.475,-1,-1,0,0,0,-1,-3,-1,0.0
1.48,0,-1,-1,-1,-2,-1,-2,-1,0.0
1.485,-2,-2,0,0,-2,-2,-1,-3,0.0
1.49,-2,0,-1,-1,-1,-2,-1,1,0.0
1.495,0,-2,-3,0,-1,-1,0,-1,0.0
1.5,-1,-1,-1,0,0,-2,0,0,0.0
1.5050000000000001,-1,-1,1,-2,-1,0,-2,-2,0.0
1.51,-1,0,-2,-1,0,0,-2,-1,0.0
1.5150000000000001,-2,0,-2,0,-1,-2,-2,-2,0.0
1.52,-2,-2,-2,-3,-1,-1,0,-1,0.0
1.5250000000000001,-3,-1,-1,-2,-1,0,0,-1,0.0
1.53,-2,-2,0,0,0,-2,1,1,0.0
1.5350000000000001,-1,-2,-1,-2,-2,0,0,0,0.0
1.54,0,-1,-3,-1,-1,-2,-3,-1,0.0
1.545,-1,-3,-1,-2,-2,-2,-2,-2,0.0
1.55,-2,-1,-1,-2,-2,-1,-1,-1,0.0
1.555,-1,-1,0,-1,0,-1,-2,-1,0.0
1.56,-1,-3,1,1,-2,0,-2,-2,0.0
1.565,-2,-2,-4,0,-1,-1,0,-1,0.0
1.57,0,0,-1,1,-2,-1,0,0,0.0
1.575,-1,-1,1,-3,0,-1,0,0,0.0
1.58,-1,-1,0,-1,0,-2,0,-1,0.0
1.585,0,0,-1,1,1,-1,-2,-2,0.0
1.59,-1,-2,-3,-3,0,-2,-1,-3,0.0
1.595,-1,-2,-2,-2,-1,-1,-2,-1,0.0
1.6,-1,-1,-2,-2,-2,-1,0,-1,0.0
1.605,0,-1,0,-2,-1,-2,-2,0,0.0
1.61,1,0,-2,-1,-1,-1,1,-2,0.0
1.615,-1,0,-1,0,-1,-2,0,-1,0.0
1.62,0,0,-1,-2,-2,-1,0,-1,0.0
1.625,0,-1,0,-2,1,-1,-1,-2,0.0
1.6300000000000001,-1,-4,0,0,-3,-2,-1,0,0.0
1.635,-1,-1,-2,-2,-2,-2,-1,-3,0.0
1.6400000000000001,-1,0,-2,-1,-2,-2,-1,-3,0.0
1.645,0,-2,-2,0,-2,-2,0,0,0.0
1.6500000000000001,-2,0,0,-1,-1,0,-2,0,0.0
1.655,-1,-2,-1,-1,2,-2,-1,0,0.0
1.6600000000000001,0,-1,0,0,-1,-1,-2,-2,0.0
1.665,-2,-1,0,-1,-1,-2,-1,1,0.0
1.67,-1,-2,-2,-2,1,-3,-1,-1,0.0
1.675,-2,-2,-1,0,-1,-1,-2,1,0.0
1.68,1,-2,-2,-1,-2,1,-3,0,0.0
1.685,-1,0,-3,-1,-1,-1,-1,-2,0.0
1.69,-1,1,-1,-2,0,-1,-1,-1,0.0
1.695,-2,-1,0,0,-1,0,1,-1,0.0
1.7,-1,-2,-1,-3,-2,0,0,0,0.0
1.705,0,-1,-1,0,-2,-1,-2,1,0.0
1.71,-3,1,-1,-2,0,-1,-1,0,0.0
1.715,-2,1,1,-1,-2,-1,-1,-2,0.0
1.72,-1,-2,0,-2,-2,-1,0,-1,0.0
1.725,-1,-3,-1,-2,-2,-1,-2,-3,0.0
1.73,-1,-1,-1,0,-2,-2,-2,-2,0.0
1.735,-2,0,0,-2,-1,0,-2,-2,0.0
1.74,0,-1,-1,-1,-1,-2,-1,-1,0.0
1.745,-2,0,0,-2,-3,-1,0,-1,0.0
1.75,1,-1,-1,-1,-3,-1,-2,0,0.0
1.7550000000000001,-1,-2,-1,-2,-3,-4,0,-1,0.0
1.76,-2,-2,-1,1,1,-1,0,-1,0.0
1.7650000000000001,-2,-2,-1,0,1,-1,-1,1,0.0
1.77,0,-2,-2,-3,-1,0,-1,0,0.0
1.7750000000000001,0,0,-2,-1,-1,-1,0,-2,0.0
1.78,-2,-3,-1,-1,-1,-2,-2,0,0.0
1.7850000000000001,1,-1,0,0,-1,-1,0,-1,0.0
1.79,-2,-3,-1,0,-1,1,-1,-2,0.0
1.795,0,0,-2,0,-2,-2,-1,0,0.0
1.8,-2,-1,1,-1,-1,-2,-1,-2,0.0
1.805,-1,0,-3,-3,-2,-2,1,-1,0.0
1.81,0,-1,-1,0,-1,-3,0,-1,0.0
1.815,-1,-2,-3,-1,-1,1,-1,-2,0.0
1.82,-1,-1,-2,-2,0,-2,-1,1,0.0
1.825,-1,-1,0,0,-1,-2,-1,0,0.0
1.83,0,0,-2,-1,-4,-3,0,-1,0.0
1.835,-1,0,-1,-1,1,0,-1,-2,0.0
1.84,-1,-1,-1,0,0,0,0,-1,0.0
1.845,-2,-1,-1,-1,0,1,-2,0,0.0
1.85,-1,-1,0,0,-3,-1,-2,-3,0.0
1.855,0,-3,-1,-1,-1,-2,-1,-2,0.0
1.86,-2,-2,-2,-1,-2,-1,-1,-3,0.0
1.865,-3,-2,-3,-2,1,-2,-1,-2,0.0
1.87,-1,-1,-1,-2,-1,0,-1,0,0.0
1.875,-1,-1,0,-1,-2,-1,-1,-1,0.0
1.8800000000000001,-1,1,-1,-1,1,-1,0,-1,0.0
1.885,0,-1,0,1,-2,-2,0,-2,0.0
1.8900000000000001,-2,-2,0,0,-1,0,-2,-2,0.0
1.895,-3,-2,-1,-2,0,-2,-2,-2,0.0
1.9000000000000001,0,-1,-2,-1,-1,-1,0,-1,0.0
1.905,-2,-2,-1,0,0,-2,0,0,0.0
1.9100000000000001,-2,-2,-2,-2,2,0,-1,-1,0.0
1.915,-1,-1,1,0,-1,-1,-2,-3,0.0
1.92,-1,-1,-1,0,-2,-2,-2,-2,0.0
1.925,0,1,-1,-2,-3,-1,-2,-3,0.0
1.93,0,-1,-2,-3,-3,-1,0,-1,0.0
1.935,-2,-3,-2,0,-1,1,1,0,0.0
1.94,0,-1,0,0,2,0,-1,0,0.0
1.945,-1,-2,0,-3,-3,-4,-3,-1,0.0
1.95,0,-1,-1,-1,1,1,-2,-2,0.0
1.955,1,-1,0,10,10,2,2,2,0.0
1.96,-1,-2,-2,-9,-7,-2,-2,-2,0.0
1.965,-2,-1,1,3,-5,-1,-2,-2,0.0
1.97,-1,-3,0,21,-7,-3,-1,-2,0.0
1.975,-1,-1,-3,-23,-14,-8,-5,-3,0.0
1.98,-4,-4,-5,15,5,1,-1,0,0.0
1.985,-2,-3,-6,-36,-3,-8,-3,-2,0.0
1.99,-1,-2,-1,16,19,6,2,1,0.0
1.995,-1,0,-2,5,-4,-1,-2,0,0.0
2.0,-1,-2,-2,-12,-15,-7,-3,-2,0.0
2.005,-2,-1,2,1,-11,1,-1,-1,0.0
2.0100000000000002,0,-5,0,14,-1,-2,-5,-1,0.0
2.015,1,-5,-5,-34,-3,0,0,-2,0.0
2.02,-2,-12,6,-1,-5,1,2,1,0.0
2.025,2,1,-1,-12,19,0,-1,-1,0.0
2.0300000000000002,0,2,2,-3,-17,-7,-3,-1,0.0
2.035,-3,2,-4,12,4,4,3,0,0.0
2.04,2,6,-4,-11,14,1,-1,-3,0.0
2.045,-1,2,4,5,-11,2,2,-2,0.0
2.05,-1,8,0,-9,-9,-7,-7,-2,0.0
2.055,-2,-1,4,-1,-21,-7,-2,1,0.0
2.06,-2,6,1,-12,-1,-2,-3,-2,0.0
2.065,-1,-3,-5,-28,-13,-7,-4,-1,0.0
2.07,-3,-7,1,21,-8,5,4,-1,0.0
2.075,0,1,-1,-54,-4,1,1,2,0.0
2.08,1,-3,1,35,12,-3,-3,-3,0.0
2.085,2,6,3,40,26,7,2,1,0.0
2.09,-3,-2,-6,-39,-4,-13,-8,-5,0.0
2.095,-1,-7,-1,-10,-3,-5,-4,-3,0.0
2.1,-1,2,2,-63,-31,-2,0,0,0.0
2.105,-2,-7,-1,23,6,-7,-4,-1,0.0
2.11,-2,0,7,32,10,9,4,0,0.0
2.115,-3,0,3,-1,-12,2,3,-1,0.0
2.12,2,1,-2,1,1,-1,-3,-1,0.0
2.125,-2,3,-4,-16,-4,-1,-1,-1,0.0
2.13,2,-1,3,7,3,0,-2,2,0.0
2.1350000000000002,-4,-6,-4,2,-12,-5,-2,-4,0.0
2.14,-1,0,-3,-1,9,3,2,-1,0.0
2.145,0,7,2,-4,-12,0,0,0,0.0
2.15,2,2,-1,-3,24,3,1,1,0.0
2.1550000000000002,0,-2,0,13,0,0,-2,-1,0.0
2.16,-5,-12,-8,1,-2,-1,-1,-2,0.0
2.165,1,2,-4,8,8,-2,-1,-1,0.0
2.17,-3,0,0,4,-6,-1,1,-1,0.0
2.1750000000000003,0,-3,2,10,-3,-5,-5,-2,0.0
2.18,-2,2,-5,-35,-15,-4,-2,-2,0.0
2.185,-1,1,-5,22,3,-1,-1,-1,0.0
2.19,1,7,-2,-15,-5,-2,-1,1,0.0
2.195,-2,2,0,-10,2,-3,-3,-2,0.0
2.2,-3,-5,-4,34,13,10,7,0,0.0
2.205,-2,-3,-4,-6,4,-3,-3,-1,0.0
2.21,-1,-1,-5,24,-5,-6,-6,-3,0.0
2.215,1,3,-4,-27,-5,-2,-3,-2,0.0
2.22,-4,1,1,-26,-12,-2,1,-3,0.0
2.225,0,-3,-4,-20,-3,-2,1,0,0.0
2.23,3,1,2,13,6,2,4,3,0.0
2.235,-4,-1,-7,14,-11,-7,-5,-2,0.0
2.24,-4,-12,6,1,5,7,4,3,0.0
2.245,-3,0,6,-12,-10,-1,-2,-4,0.0
2.25,1,3,-4,-19,-3,-4,-4,-3,0.0
2.255,-1,0,8,17,-17,-2,-2,-1,0.0
2.2600000000000002,5,3,-9,-16,20,2,2,2,0.0
2.265,-3,-3,4,-16,-17,-2,-2,0,0.0
2.27,5,-5,2,0,-3,2,1,-1,0.0
2.275,-2,0,-3,-3,8,-3,-1,-2,0.0
2.2800000000000002,-2,1,-1,-2,-17,-7,-6,-2,0.0
2.285,2,1,-1,0,9,7,7,1,0.0
2.29,-3,-2,-7,-2,-5,-2,0,-1,0.0
2.295,2,2,-1,8,0,-2,-2,-2,0.0
2.3000000000000003,-3,1,-5,-15,-17,-14,-5,-2,0.0
2.305,-3,-7,2,-1,0,-5,-4,0,0.0
2.31,-8,-2,0,-5,2,7,5,1,0.0
2.315,14,4,2,2,12,4,3,2,0.0
2.32,1,0,24,-20,-3,-5,-6,-1,0.0
2.325,9,5,4,24,-10,-6,-5,-1,0.0
2.33,-10,-10,11,10,11,2,4,-2,0.0
2.335,-11,-11,3,-42,-2,-6,-3,1,0.0
2.34,4,-22,6,57,4,2,-1,-2,0.0
2.345,4,-4,11,-24,-2,0,-1,-1,0.0
2.35,5,8,-1,-1,-2,-2,-4,-1,0.0
2.355,-5,-1,-6,-10,-6,-7,-4,-2,0.0
2.36,9,25,-26,4,1,-5,-4,-2,0.0
2.365,-22,1,-46,-15,-15,-3,-4,-4,0.0
2.37,0,-11,-27,-14,0,0,-3,-2,0.0
2.375,-3,5,-15,55,20,3,1,-1,0.0
2.38,0,6,5,-6,3,5,4,2,0.0
2.3850000000000002,0,-13,9,-5,-6,-4,-5,-1,0.0
2.39,3,-10,-6,-14,-17,-10,-7,-1,0.0
2.395,-10,-13,-2,-9,-3,3,0,-2,0.0
2.4,-5,-15,3,12,7,5,4,-2,0.0
2.4050000000000002,-1,20,-2,6,2,-1,-2,-2,0.0
2.41,-2,12,1,-19,-8,-2,-2,0,0.0
2.415,12,11,-5,-2,-5,0,0,3,0.0
2.42,-12,10,-3,9,-3,-4,-3,-2,0.0
2.4250000000000003,2,4,5,-17,11,8,12,2,0.0
2.43,-13,3,8,40,5,1,0,-4,0.0
2.435,4,-1,4,1,5,0,-6,0,0.0
2.44,1,-15,-1,-20,-15,-10,-6,-2,0.0
2.445,-1,-16,5,-5,-2,1,0,-2,0.0
2.45,5,5,-4,0,3,-3,-1,3,0.0
2.455,-1,-10,7,-2,-1,5,5,1,0.0
2.46,-12,16,-5,4,-1,-5,-8,-9,0.0
2.465,3,1,1,34,-3,-7,-5,-17,0.0
2.47,-14,-20,2,2,-6,-3,-4,16,0.0
2.475,-8,3,2,-8,20,2,7,10,0.0
2.48,26,-10,-1,-7,-1,6,4,3,0.0
2.485,-19,-18,-3,-19,-13,-9,-8,-4,0.0
2.49,10,-26,6,21,16,10,11,-8,0.0
2.495,-1,-26,-7,-14,-16,-6,-4,-3,0.0
2.5,-9,36,-7,-11,-4,-3,-3,-3,0.0
2.505,-5,31,0,4,4,-4,-3,-4,0.0
2.5100000000000002,12,46,1,-14,-14,-5,-1,-1,0.0
2.515,-5,-16,3,5,4,4,2,0,0.0
2.52,-2,-15,-13,-10,0,3,0,-11,0.0
2.525,4,5,0,-17,-7,-1,2,7,0.0
2.5300000000000002,2,20,-3,-1,1,-5,-2,2,0.0
2.535,4,1,-6,-3,-6,-8,-9,-13,0.0
2.54,-7,-22,4,21,15,11,10,7,0.0
2.545,-15,-18,-2,-6,-2,-2,-1,-1,0.0
2.5500000000000003,7,-22,-5,-8,3,2,-3,0,0.0
2.555,-5,18,1,-3,-3,-1,-6,-14,0.0
2.56,-4,9,3,-3,-12,-11,-13,-8,0.0
2.565,14,23,5,-4,0,-6,-1,5,0.0
2.57,-15,-17,2,11,6,2,17,-21,0.0
2.575,14,10,-2,0,-3,13,8,46,0.0
2.58,16,-1,-1,-12,-7,-5,5,-3,0.0
2.585,-1,15,11,13,11,7,11,15,0.0
2.59,8,0,-7,-16,-11,-13,-15,-32,0.0
2.595,-9,0,4,17,17,-2,-3,-4,0.0
2.6,-7,-11,0,2,2,18,3,1,0.0
2.605,3,-4,-5,-6,-6,-2,18,16,0.0
2.61,-2,-25,-6,-6,-7,-5,-22,-1,0.0
2.615,-2,-6,-2,-15,-13,-16,-2,-5,0.0
2.62,-7,-49,0,4,5,-4,-28,-22,0.0
2.625,1,54,-4,-3,-4,0,5,15,0.0
2.63,-8,21,4,5,4,3,2,5,0.0
2.6350000000000002,-4,-9,2,0,-1,-2,-12,-14,0.0
2.64,-5,2,-3,-7,-5,-10,4,4,0.0
2.645,6,14,-14,-12,-6,1,-1,-12,0.0
2.65,-1,7,4,2,-1,-3,1,9,0.0
2.6550000000000002,-2,15,-2,0,-2,2,3,-6,0.0
2.66,1,45,1,3,0,-4,2,2,0.0
2.665,-1,-30,-1,-3,4,1,-15,-13,0.0
2.67,-3,23,10,5,3,4,1,4,0.0
2.6750000000000003,0,-1,-6,-5,-1,3,8,10,0.0
2.68,-3,-30,2,0,-7,-7,-1,-3,0.0
2.685,1,-24,-6,1,2,5,-7,-2,0.0
2.69,-2,-1,2,3,4,-7,0,-8,0.0
2.695,-1,-6,-4,3,-2,10,15,-17,0.0
2.7,-3,23,-2,-2,1,2,-12,33,0.0
2.705,9,9,1,-5,-3,-1,-13,-2,0.0
2.71,0,-4,-6,-10,-9,-9,5,-3,0.0
2.715,-5,-30,-13,-19,-2,-3,-6,-13,0.0
2.72,1,31,-1,3,-1,1,18,0,0.0
2.725,-10,-30,1,6,11,7,10,-9,0.0
2.73,1,-25,-2,1,-4,-1,-22,20,0.0
2.735,7,-7,0,-1,-3,-6,4,12,0.0
2.74,-8,-10,-5,-4,1,2,-6,-25,0.0
2.745,-2,-23,2,-1,-5,0,10,13,0.0
2.75,2,-15,0,3,1,-3,-5,-23,0.0
2.755,11,-2,0,-1,-2,-4,-12,21,0.0
2.7600000000000002,-24,-15,2,0,2,-1,2,0,0.0
2.765,-2,-37,3,7,1,-5,21,-13,0.0
2.77,0,15,-8,-8,-3,13,10,6,0.0
2.775,-5,35,4,8,3,1,-4,1,0.0
2.7800000000000002,4,-18,5,11,7,8,8,2,0.0
2.785,-5,1,-10,-11,-14,-12,7,2,0.0
2.79,1,0,-3,-16,-3,-6,-20,-5,0.0
2.795,-5,-15,-4,-4,-3,-5,0,-13,0.0
2.8000000000000003,11,2,0,-9,-11,-18,-7,2,0.0
2.805,-13,-16,0,14,18,15,-1,0,0.0
2.81,-8,-29,-1,6,1,9,16,13,0.0
2.815,6,1,6,8,-1,5,0,4,0.0
2.82,6,1,-1,0,0,-1,5,4,0.0
2.825,5,10,-11,-29,-21,-16,-26,-9,0.0
2.83,-5,-1,4,5,7,0,-1,-24,0.0
2.835,10,4,2,-6,-6,-5,6,-7,0.0
2.84,1,18,-8,-10,-7,-8,-2,6,0.0
2.845,-13,33,1,-2,-5,-4,6,-4,0.0
2.85,-2,-7,3,14,11,14,-1,1,0.0
2.855,5,1,1,2,-3,-1,-10,6,0.0
2.86,-4,-4,1,4,3,1,-6,-12,0.0
2.865,6,4,-5,-13,-4,17,16,22,0.0
2.87,-5,0,0,-1,-8,-12,-2,8,0.0
2.875,13,-6,-5,-6,-6,-20,-39,-25,0.0
2.88,-28,-30,4,17,18,27,21,0,0.0
2.8850000000000002,10,10,1,6,6,3,-18,-14,0.0
2.89,-4,2,-3,-9,-5,-4,-19,6,0.0
2.895,-1,4,-3,-7,-13,-28,-15,-1,0.0
2.9,15,2,2,15,4,-3,14,15,0.0
2.9050000000000002,-5,-54,0,-3,10,5,-28,-4,0.0
2.91,-4,3,-4,-12,-9,8,17,7,0.0
2.915,6,6,3,5,10,16,10,-14,0.0
2.92,4,9,-3,-10,-17,-12,4,-5,0.0
2.9250000000000003,-12,-31,2,13,9,-4,-12,-8,0.0
2.93,5,-10,-3,-8,-5,-4,-9,1,0.0
2.935,1,-11,-1,2,-1,-4,-11,0,0.0
2.94,5,19,-1,-5,-1,4,13,2,0.0
2.945,-5,-20,-4,-7,-4,-3,8,-10,0.0
2.95,1,-13,8,4,5,-5,-18,-10,0.0
2.955,-10,-10,0,2,1,-20,17,3,0.0
2.96,4,-3,7,1,-1,-34,7,8,0.0
2.965,1,3,-2,-3,-7,-13,-2,-7,0.0
2.97,-4,-26,1,10,2,28,4,0,0.0
2.975,-1,-8,-6,0,3,45,15,3,0.0
2.98,1,8,-4,-5,-4,11,-7,-5,0.0
2.985,-3,15,-2,-3,-4,7,3,0,0.0
2.99,-1,1,-3,-1,2,-6,4,1,0.0
2.995,0,-10,-3,1,2,4,8,1,0.0
3.0,1,0,0,-3,-5,-11,-8,-5,0.0
3.005,2,11,-6,-13,-4,-9,-1,1,0.0
3.0100000000000002,-2,0,1,15,4,-5,9,1,0.0
3.015,0,-10,-2,0,0,-10,4,-5,0.0
3.02,-1,-6,-11,-4,-1,-5,0,2,0.0
3.025,0,3,-7,2,-2,2,3,1,0.0
3.0300000000000002,-3,-1,-13,-4,-3,-7,0,-2,0.0
3.035,-2,-9,-8,-1,1,2,4,0,0.0
3.04,-1,-16,-3,-1,-3,-2,-4,0,0.0
3.045,0,7,-3,-2,-6,-2,-1,-3,0.0
3.0500000000000003,0,-8,-3,4,2,2,-2,-2,0.0
3.055,-1,-8,1,1,0,2,1,-2,0.0
3.06,-1,-10,-3,-5,-4,-1,-1,0,0.0
3.065,-1,-22,-2,-2,0,1,-1,-2,0.0
3.0700000000000003,-2,-16,-1,1,-2,0,-2,-1,0.0
3.075,-2,-34,-4,-3,-1,-1,-3,-2,0.0
3.08,-1,-21,-2,-4,-1,-2,-2,-2,0.0
3.085,-1,-20,-2,-2,-4,0,-1,-1,0.0
3.09,1,-20,-1,-7,-4,-1,0,0,0.0
3.095,-1,-5,-3,-2,1,0,0,-1,0.0
3.1,-1,-8,3,4,2,1,1,-3,0.0
3.105,0,-10,-11,-5,1,-1,-1,-1,0.0
3.11,1,8,-7,1,-1,-4,-1,-1,0.0
3.115,-2,10,9,-7,-5,-3,0,0,0.0
3.12,-1,-7,0,5,1,-2,-2,1,0.0
3.125,-2,-6,-2,-2,0,2,0,-1,0.0
3.13,-1,2,-1,-9,2,-2,-4,-1,0.0
3.1350000000000002,0,-8,0,3,0,0,1,-2,0.0
3.14,-2,-7,-10,-2,-4,-1,-1,-2,0.0
3.145,0,2,10,3,0,-3,-1,0,0.0
3.15,-1,4,-16,-4,-5,-3,-1,0,0.0
3.1550000000000002,-1,4,-8,-5,-6,-2,-1,2,0.0
3.16,0,2,-1,-15,0,-2,0,-1,0.0
3.165,2,9,-8,17,10,4,4,3,0.0
3.17,0,7,9,-11,-7,0,1,3,0.0
3.1750000000000003,-2,-13,-15,22,8,-2,-1,0,0.0
3.18,-1,-5,5,-16,-8,-3,-1,-1,0.0
3.185,-1,-9,3,-19,-9,-5,-3,-4,0.0
3.19,2,-4,-37,-3,9,1,-1,-4,0.0
3.1950000000000003,-1,-5,56,-13,6,0,0,-1,0.0
3.2,-2,-3,19,6,-4,-3,-2,-2,0.0
3.205,-3,-19,-33,-10,-8,-2,-2,0,0.0
3.21,-2,12,-2,7,1,-2,-2,-1,0.0
3.215,-2,-3,21,-20,-15,-6,-2,-1,0.0
3.22,-1,6,18,24,5,-6,-3,-2,0.0
3.225,-2,-4,-12,6,-2,-2,0,-2,0.0
3.23,3,3,56,38,7,13,4,-1,0.0
3.235,1,-14,-28,-58,25,7,2,2,0.0
3.24,-3,-6,10,14,-14,-4,-3,-3,0.0
3.245,-3,2,14,0,-15,6,-4,0,0.0
3.25,2,-5,-23,-25,8,3,11,0,0.0
3.255,3,-1,-9,-29,-17,-5,0,7,0.0
3.2600000000000002,-3,0,7,14,0,-5,-5,-1,0.0
3.265,-1,-3,4,5,4,10,2,-2,0.0
3.27,-2,-3,-1,11,3,-6,-10,-2,0.0
3.275,-3,-3,-10,-4,-4,2,1,1,0.0
3.2800000000000002,0,-6,-6,-11,2,-4,-8,0,0.0
3.285,0,1,6,-3,-25,-6,-3,-2,0.0
3.29,-3,1,-1,10,19,-1,-7,0,0.0
3.295,0,-2,-2,1,8,4,0,-1,0.0
3.3000000000000003,-2,-6,-1,-9,-5,-3,0,-3,0.0
3.305,3,0,1,-2,-12,2,5,1,0.0
3.31,0,-4,-3,3,15,2,3,1,0.0
3.315,-2,-2,2,-2,-7,-2,-3,-4,0.0
3.3200000000000003,-3,4,2,7,-4,-3,-3,-3,0.0
3.325,-2,-1,-4,-6,3,-2,-2,-3,0.0
3.33,-1,1,-4,-5,-12,-9,-7,0,0.0
3.335,-1,0,-1,-1,-3,-7,-2,-2,0.0
3.34,-4,-4,-3,2,1,3,7,-5,0.0
3.345,1,-6,-2,1,11,13,4,9,0.0
3.35,-2,-2,3,1,-6,-5,-2,-3,0.0
3.355,-3,-3,-2,-2,-2,-1,-2,0,0.0
3.36,0,-2,-3,-5,-7,-10,-5,-2,0.0
3.365,-1,-6,-4,-2,-3,-1,3,0,0.0
3.37,-2,-1,0,-4,-1,6,8,1,0.0
3.375,0,0,2,0,2,-3,-5,-3,0.0
3.38,-2,0,2,3,-7,-1,-5,-2,0.0
3.3850000000000002,0,-2,-8,-7,3,1,9,2,0.0
3.39,2,4,5,4,-2,-2,0,1,0.0
3.395,-1,-1,-3,-2,14,-5,3,-1,0.0
3.4,-3,-4,0,2,-9,-6,-7,-2,0.0
3.4050000000000002,-1,-1,1,-1,-8,2,0,3,0.0
3.41,-1,-3,-4,-2,10,3,3,-1,0.0
3.415,-1,-3,0,-1,-7,-5,-2,-2,0.0
3.42,-1,-2,1,1,2,3,-1,0,0.0
3.4250000000000003,-1,2,0,-2,-4,-4,-1,1,0.0
3.43,-3,-1,-1,1,0,-1,-3,-1,0.0
3.435,-2,-5,-3,-3,-1,1,3,-1,0.0
3.44,-1,-6,0,0,4,-1,2,3,0.0
3.4450000000000003,-1,-1,-5,-6,2,0,1,-2,0.0
3.45,0,-9,0,0,-4,-1,-2,0,0.0
3.455,-2,-2,-1,-2,-3,0,-3,-1,0.0
3.46,1,-1,-2,-3,-2,-1,-1,-2,0.0
3.465,-2,-4,-2,0,0,-1,-1,-1,0.0
3.47,-1,0,1,-1,-1,-3,-1,-1,0.0
3.475,-2,0,-2,-1,0,0,0,-1,0.0
3.48,-2,-1,-1,0,-1,-1,-1,-1,0.0
3.485,-2,1,-3,0,2,0,-1,-1,0.0
3.49,-3,-2,-1,1,-1,-1,-2,-1,0.0
3.495,-2,-1,-2,-1,-3,-2,-2,-1,0.0
3.5,-1,-1,0,-1,-1,-2,0,0,0.0
3.505,-1,0,-1,-2,-1,-1,0,-1,0.0
3.5100000000000002,-1,-1,-1,-1,-3,-1,-1,-2,0.0
3.515,0,0,-1,-1,2,-2,-1,-2,0.0
3.52,-3,-1,-2,-2,0,0,-3,-1,0.0
3.525,2,-6,10,-1,-1,-2,5,-2,0.0
3.5300000000000002,5,-13,-3,0,1,-2,-25,-9,0.0
3.535,-3,-3,0,-1,0,-2,-3,0,0.0
3.54,3,0,6,-2,0,-1,-1,-1,0.0
3.545,0,8,17,3,0,-1,-1,-1,0.0
3.5500000000000003,-6,-25,-32,-5,-3,-2,0,-4,0.0
3.555,-4,1,-12,-2,0,1,-1,0,0.0
3.56,1,2,19,0,-1,-3,-1,-2,0.0
3.565,-2,0,-18,-4,0,-2,-1,3,0.0
3.5700000000000003,1,7,9,0,0,-1,0,1,0.0
3.575,1,-2,-4,-1,-2,-1,0,-1,0.0
3.58,-3,-7,-10,-1,-4,-2,-1,1,0.0
3.585,-2,-3,2,0,0,0,-2,-3,0.0
3.59,1,2,3,-1,-1,0,1,-2,0.0
3.595,-4,-2,-9,-2,-2,-1,-1,0,0.0
3.6,1,3,1,-1,-2,-2,-5,-2,0.0
3.605,-2,-2,-13,-7,20,-1,1,2,0.0
3.61,-5,-2,52,-15,-3,0,-4,-5,0.0
3.615,3,-1,20,31,-11,-2,0,-2,0.0
3.62,-3,-9,-73,-68,-18,-4,-2,4,0.0
3.625,-2,0,-62,56,22,3,-2,-2,0.0
3.63,0,-2,-17,-28,-13,-4,0,-2,0.0
3.6350000000000002,-3,2,12,0,6,-3,1,3,0.0
3.64,3,11,13,58,28,11,5,2,0.0
3.645,-3,-14,35,-40,16,5,2,-1,0.0
3.65,0,1,25,-24,-25,-3,-2,-3,0.0
3.6550000000000002,-4,-4,16,-47,-16,-4,-5,-4,0.0
3.66,-6,-8,24,65,4,-6,-8,0,0.0
3.665,4,7,65,-75,-43,-3,2,-1,0.0
3.67,-1,7,-58,27,-12,-2,0,-2,0.0
3.6750000000000003,-2,2,27,-37,17,4,3,1,0.0
3.68,-1,-14,-61,-23,32,3,3,-3,0.0
3.685,-1,-3,11,8,-51,-10,-6,-3,0.0
3.69,-4,-2,-15,11,45,5,0,0,0.0
3.6950000000000003,-1,-2,20,-4,-20,-3,-3,-2,0.0
3.7,-3,1,-11,-41,-31,-10,-5,-5,0.0
3.705,0,-7,-38,51,12,3,0,-2,0.0
3.71,-7,-19,23,-41,2,-5,-5,-5,0.0
3.715,1,5,-32,34,-9,-3,-3,-1,0.0
3.72,1,0,7,-14,-7,-2,-2,-1,0.0
3.725,2,3,42,6,18,2,2,-2,0.0
3.73,0,5,3,25,-24,-5,-2,-2,0.0
3.735,1,1,-20,15,10,4,3,2,0.0
3.74,-2,-9,-54,-68,4,-2,-3,-3,0.0
3.745,-3,-3,36,-1,-8,-1,-1,1,0.0
3.75,0,6,8,46,-8,-4,-3,-1,0.0
3.755,0,-6,-38,-24,9,1,2,0,0.0
3.7600000000000002,-6,-2,37,38,3,-2,-3,-6,0.0
3.765,-4,4,24,-5,-4,-4,-3,-7,0.0
3.77,1,-3,-26,4,-1,0,-1,0,0.0
3.775,2,0,-62,-23,-5,-1,1,2,0.0
3.7800000000000002,-3,0,47,25,5,-3,-1,-2,0.0
3.785,2,0,-5,7,3,4,2,2,0.0
3.79,-1,2,39,-6,2,-3,-4,-2,0.0
3.795,-3,-3,-20,18,-4,-2,-3,-6,0.0
3.8000000000000003,6,1,7,-13,-2,2,5,8,0.0
3.805,0,-5,-58,-3,-2,-2,-6,-2,0.0
3.81,-2,-3,5,-20,2,3,3,-2,0.0
3.815,-3,-2,55,19,1,0,0,-3,0.0
3.8200000000000003,-2,-5,-39,-11,-1,-3,-2,-1,0.0
3.825,2,-1,27,0,5,0,1,2,0.0
3.83,-2,-3,-41,9,-4,-3,-4,-2,0.0
3.835,0,1,39,0,1,-1,-3,-1,0.0
3.84,-6,-5,-1,2,-2,1,-1,-7,0.0
3.845,2,-6,-22,-11,-5,-5,-3,-1,0.0
3.85,1,-1,4,-7,4,-1,-1,2,0.0
3.855,-2,-3,-7,-7,-1,-1,-1,-1,0.0
3.86,0,-2,9,-8,-1,-1,-2,0,0.0
3.865,-1,-2,11,8,2,0,0,-1,0.0
3.87,-1,-2,12,-9,-1,0,1,-4,0.0
3.875,1,-8,-5,-1,0,-2,-3,1,0.0
3.88,0,-1,10,9,1,-1,-5,-4,0.0
3.8850000000000002,-2,-3,-11,-18,-1,-3,-1,-3,0.0
3.89,-4,-4,21,26,-2,-7,-3,-5,0.0
3.895,-2,-2,10,3,2,1,0,-2,0.0
3.9,-2,-7,-66,-30,-3,-4,-4,-2,0.0
3.9050000000000002,-3,0,1,0,-3,-5,-5,-6,0.0
3.91,3,-1,-5,-7,3,2,6,6,0.0
3.915,-2,-5,10,-2,-1,0,-12,-4,0.0
3.92,-2,-2,0,2,-1,-3,-5,2,0.0
3.9250000000000003,-1,1,-14,1,-2,-4,4,-1,0.0
3.93,-1,3,10,1,0,4,1,2,0.0
3.935,-3,-3,5,2,-1,-4,-14,-1,0.0
3.94,-1,-1,-6,-1,-1,6,23,0,0.0
3.9450000000000003,2,-1,6,-4,1,-1,1,6,0.0
3.95,-2,-2,7,0,-2,-2,-2,-3,0.0
3.955,-4,-3,-9,1,1,-1,-8,-2,0.0
3.96,3,-2,-2,-2,-2,-2,8,1,0.0
3.9650000000000003,-7,-4,7,-1,-1,-2,-10,-11,0.0
3.97,5,1,-11,-5,-4,-8,0,11,0.0
3.975,2,-2,3,2,1,10,34,5,0.0
3.98,-2,1,-4,-1,1,-3,-22,-3,0.0
3.985,-2,-5,-3,-3,-1,-2,3,-2,0.0
3.99,-4,-3,-1,-2,-1,-2,-11,-8,0.0
3.995,-1,0,-5,-1,-2,2,8,3,0.0
4.0,-2,3,4,3,0,-4,-9,2,0.0
4.005,0,-2,-4,-4,-2,-2,15,-6,0.0
4.01,-2,-2,-1,0,2,4,-12,-4,0.0
4.015,0,-2,-1,-4,-3,-5,-5,-1,0.0
4.0200000000000005,-3,2,-5,-1,-2,-3,-7,-7,0.0
4.025,-9,0,3,2,-1,-5,-8,-2,0.0
4.03,1,0,-1,-1,0,3,7,6,0.0
4.035,6,1,-1,-3,0,0,-1,0,0.0
4.04,-1,-7,-3,-2,-1,-4,-5,6,0.0
4.045,-8,-2,-1,-4,-1,-5,-17,-22,0.0
4.05,4,7,2,2,0,-2,4,0,0.0
4.055,0,-5,-4,-2,-3,4,9,3,0.0
4.0600000000000005,1,-2,-3,-3,0,-3,6,-1,0.0
4.065,2,-1,1,-1,1,2,-7,12,0.0
4.07,-7,-1,-4,0,0,-1,5,-13,0.0
4.075,-1,1,-1,-2,-1,-7,-4,-7,0.0
4.08,-4,0,-2,-1,0,4,2,0,0.0
4.085,0,-4,-3,-5,-4,-2,2,6,0.0
4.09,-2,2,-1,-1,1,-5,-12,-7,0.0
4.095,0,0,-2,-1,2,6,12,10,0.0
4.1,-3,-9,1,-2,-2,-2,-1,-5,0.0
4.105,0,0,-2,0,1,2,2,2,0.0
4.11,-1,-3,-2,-2,-3,-3,-3,-3,0.0
4.115,-3,0,-2,-1,-1,-4,-4,-7,0.0
4.12,-3,3,-4,-1,-2,-2,-5,0,0.0
4.125,3,0,-2,-1,-1,3,13,2,0.0
4.13,-2,-11,-3,-2,-1,-3,2,-17,0.0
4.135,-3,1,-2,-1,0,-6,-11,-5,0.0
4.14,-2,-5,9,0,1,-2,-1,-4,0.0
4.1450000000000005,4,5,-4,2,1,0,0,-3,0.0
4.15,-6,-4,9,-4,-2,-1,0,9,0.0
4.155,-2,-4,5,1,-1,-5,-10,-6,0.0
4.16,0,0,-3,-3,-3,-2,-3,-3,0.0
4.165,2,-2,6,-3,-3,-4,-10,-10,0.0
4.17,4,-1,4,2,0,4,11,1,0.0
4.175,-2,-3,-5,1,-2,5,8,1,0.0
4.18,0,2,29,10,-1,-7,-3,0,0.0
4.1850000000000005,-5,-14,-54,-21,-1,2,1,2,0.0
4.19,6,3,14,1,0,-4,-8,-1,0.0
4.195,-26,3,5,-2,-4,-6,-15,-4,0.0
4.2,1,4,-5,-1,2,1,-6,-4,0.0
4.205,-1,6,17,6,-1,2,3,4,0.0
4.21,-1,1,-14,-3,-4,-5,4,19,0.0
4.215,6,-3,-3,-2,2,3,3,3,0.0
4.22,3,-4,1,0,-2,-2,-2,2,0.0
4.225,-2,2,15,5,3,5,-1,3,0.0
4.23,0,-2,-7,2,-1,3,10,-3,0.0
4.235,2,-3,-16,-8,-3,-7,-13,-1,0.0
4.24,-5,-3,-9,-6,-1,2,6,1,0.0
4.245,-1,2,1,-3,-2,-4,-8,4,0.0
4.25,-3,-1,28,3,0,0,6,-3,0.0
4.255,2,0,0,2,2,-2,-1,13,0.0
4.26,-9,-6,-41,-10,-4,-4,-4,-8,0.0
4.265,0,0,16,0,-3,-6,-3,-2,0.0
4.2700000000000005,-4,1,14,5,2,0,-6,0,0.0
4.275,0,1,-2,-3,-4,-3,-2,-2,0.0
4.28,3,-5,-2,-1,-3,-1,-4,3,0.0
4.285,1,-2,2,4,1,0,0,-3,0.0
4.29,-3,-1,-15,-6,-1,-3,-9,-3,0.0
4.295,0,-6,-8,-9,-1,-2,2,-7,0.0
4.3,0,4,9,4,1,0,0,-2,0.0
4.305,2,-1,0,5,-1,-2,6,1,0.0
4.3100000000000005,-1,-3,14,-8,1,1,-4,-3,0.0
4.315,2,0,-10,0,-1,0,3,-2,0.0
4.32,0,5,23,4,1,-1,-2,-2,0.0
4.325,-1,-1,0,6,-6,-3,0,-2,0.0
4.33,-2,4,34,45,-9,-3,-4,-3,0.0
4.335,0,-6,-30,-34,34,5,-2,-4,0.0
4.34,0,-5,-27,-8,-18,-6,0,-4,0.0
4.345,-5,-3,35,-28,-10,-2,2,-1,0.0
4.3500000000000005,-1,-1,-3,63,3,-4,-5,-2,0.0
4.355,-1,-1,-43,-4,-30,-8,-3,-4,0.0
4.36,2,5,31,28,51,11,5,3,0.0
4.365,3,-3,24,-70,-6,0,5,-1,0.0
4.37,-3,-4,-17,-13,-15,0,-3,-5,0.0
4.375,1,-1,36,47,-2,-7,1,2,0.0
4.38,1,-3,-31,-29,-13,2,0,-1,0.0
4.385,-1,-1,4,51,-7,-5,-3,-4,0.0
4.39,0,-4,-27,-62,-7,-3,1,0,0.0
4.3950000000000005,4,9,40,-13,16,9,5,1,0.0
4.4,0,-8,-11,82,-12,-6,-3,0,0.0
4.405,-1,-3,-8,-6,-2,2,-1,-1,0.0
4.41,-4,4,2,0,-2,-2,-5,5,0.0
4.415,3,-6,2,2,1,-1,-4,-22,0.0
4.42,-12,4,2,2,2,-2,0,1,0.0
4.425,23,0,-1,-1,0,-1,-1,21,0.0
4.43,-4,1,4,1,1,-2,-3,-31,0.0
4.4350000000000005,0,0,-1,0,-1,3,-1,14,0.0
4.44,6,2,2,2,2,-2,1,-2,0.0
4.445,-13,-3,-5,-4,-2,-4,-7,-12,0.0
4.45,5,4,1,-1,-1,1,2,20,0.0
4.455,-1,1,-33,-5,-3,-2,-2,-2,0.0
4.46,0,0,37,4,1,0,0,-1,0.0
4.465,-2,-3,-37,8,-4,-1,-1,0,0.0
4.47,-2,-3,42,29,-2,0,-1,-1,0.0
4.4750000000000005,-1,-2,-52,-31,0,-2,-3,-1,0.0
4.48,-2,-5,32,-35,4,0,0,-2,0.0
4.485,2,6,33,58,-4,2,1,1,0.0
4.49,-3,-11,-41,-56,5,0,-1,-2,0.0
4.495,2,-3,-8,-103,1,1,0,0,0.0
4.5,-4,-1,39,121,-6,1,-3,-6,0.0
4.505,2,-3,-8,-103,1,1,0,0,0.0
4.51,-4,-1,39,121,-6,1,-3,-6,0.0
4.515,-1,1,-33,-5,-3,-2,-2,-2,0.0
4.5200000000000005,0,0,37,4,1,0,0,-1,0.0
4.525,-2,-3,-37,8,-4,-1,-1,0,0.0
4.53,-2,-3,42,29,-2,0,-1,-1,0.0
4.535,-1,-2,-52,-31,0,-2,-3,-1,0.0
4.54,-2,-5,32,-35,4,0,0,-2,0.0
4.545,2,6,33,58,-4,2,1,1,0.0
4.55,-3,-11,-41,-56,5,0,-1,-2,0.0
4.555,-4,-2,-13,42,-4,-4,-5,-5,0.0
4.5600000000000005,2,9,0,29,-14,-3,2,1,0.0
4.565,5,3,15,-55,27,11,5,3,0.0
4.57,-10,-9,64,-43,-24,-11,-10,-6,0.0
4.575,-1,-7,-71,51,4,-6,-3,-2,0.0
4.58,-1,0,51,-22,-9,-2,-2,0,0.0
4.585,-6,-13,60,33,-5,-3,-5,-5,0.0
4.59,1,-3,-6,-55,1,-3,-1,-2,0.0
4.595,1,-4,0,10,-16,2,5,6,0.0
4.6000000000000005,-2,0,7,17,-6,-5,-6,-5,0.0
4.605,4,4,107,51,20,0,-1,0,0.0
4.61,-10,-16,-128,-73,-11,-4,-6,-7,0.0
4.615,-1,4,89,9,-1,-2,-1,-3,0.0
4.62,2,-2,-30,-30,8,5,5,2,0.0
4.625,0,7,-3,22,-13,-2,1,2,0.0
4.63,3,7,-7,21,3,-1,1,2,0.0
4.635,2,-1,12,32,7,3,1,4,0.0
4.64,-13,-19,-39,-55,2,-8,-11,-9,0.0
4.6450000000000005,1,4,28,16,-8,2,-1,-2,0.0
4.65,-2,-4,-102,-30,5,-2,-1,-3,0.0
4.655,-6,-3,18,-32,-26,-7,-5,-6,0.0
4.66,2,-1,-78,-56,30,5,3,5,0.0
4.665,-7,-2,30,42,-2,0,-2,-6,0.0
4.67,3,3,-16,-9,-3,3,3,-1,0.0
4.675,-5,-19,-21,-49,1,-6,-5,-1,0.0
4.68,2,13,-33,-24,3,8,4,9,0.0
4.6850000000000005,5,14,16,38,-8,-1,-1,-8,0.0
4.69,-6,13,5,22,14,1,-1,-5,0.0
4.695,-4,-12,-58,-18,-9,-7,-6,-6,0.0
4.7,3,16,27,34,2,0,2,1,0.0
4.705,0,4,58,43,4,0,-3,-1,0.0
4.71,-3,-7,-4,-9,3,0,-1,-3,0.0
4.715,1,2,14,16,8,2,0,1,0.0
4.72,1,-2,-31,-46,1,2,0,0,0.0
4.7250000000000005,-4,-12,-38,17,-15,-9,-6,-4,0.0
4.73,1,4,5,-19,7,3,0,2,0.0
4.735,-2,-3,5,17,1,0,0,-2,0.0
4.74,0,-3,-24,-22,-1,0,-1,-1,0.0
4.745,-2,-1,-20,-7,-6,-3,0,-2,0.0
4.75,-2,2,16,2,-3,0,2,-2,0.0
4.755,-1,-7,-37,-3,0,0,1,3,0.0
4.76,1,7,26,3,-4,-4,-1,1,0.0
4.765,1,1,27,46,4,3,2,-1,0.0
4.7700000000000005,-2,-6,1,-37,-11,-3,-3,-2,0.0
