26.005,1,2,0,4,4,2,0,1
26.01,3,3,4,3,4,2,1,5
26.015,0,0,1,7,1,1,2,0
26.02,1,3,1,1,5,1,2,1
26.025,1,2,3,4,3,1,1,2
26.03,0,0,1,3,29,7,1,0
26.035,4,8,1,6,27,5,3,4
26.04,0,1,5,1,10,3,2,0
26.045,2,1,1,4,11,1,3,1
26.05,0,1,2,7,17,5,9,2
26.055,1,1,1,0,10,6,2,2
26.06,1,1,0,3,7,1,1,1
26.065,1,3,2,4,5,4,4,0
26.07,0,4,4,6,11,6,8,3
26.075,2,0,5,2,5,1,3,3
26.08,3,3,1,4,6,8,14,6
26.085,1,3,12,3,13,4,19,6
26.09,3,1,3,3,2,18,3,3
26.095,1,1,9,9,1,9,10,1
26.1,1,2,10,7,4,2,12,6
26.105,1,0,14,1,15,5,11,3
26.11,4,7,26,14,4,15,5,8
26.115,3,0,10,10,9,2,7,4
26.12,0,0,2,5,20,12,8,4
26.125,0,2,11,4,8,7,14,3
26.13,1,4,34,7,6,0,7,1
26.135,2,7,45,19,35,8,16,1
26.14,3,4,9,0,34,20,10,6
26.145,2,4,9,11,52,12,1,6
26.15,2,10,14,1,19,19,23,14
26.155,0,4,21,8,4,6,4,1
26.16,5,0,15,13,10,2,5,10
26.165,5,6,20,13,24,8,11,11
26.17,1,3,8,10,6,12,7,12
26.175,1,4,27,1,0,6,6,7
26.18,2,5,17,0,7,1,3,3
26.185,1,3,28,17,20,5,6,2
26.19,4,5,71,22,14,9,6,7
26.195,5,0,2,9,4,6,0,5
26.2,3,1,18,20,21,7,12,2
26.205,7,4,17,23,22,1,4,6
26.21,0,3,35,9,15,5,3,5
26.215,2,4,30,9,14,2,8,48
26.22,3,6,23,12,1,4,1,44
26.225,1,3,6,2,1,5,10,48
26.23,6,5,24,3,11,3,10,48
26.235,5,2,40,19,34,16,28,11
26.24,3,2,6,6,9,0,5,5
26.245,1,1,14,6,15,5,5,19
26.25,2,3,3,11,4,1,4,36
26.255,1,1,11,5,8,0,3,35
26.26,2,3,6,11,14,5,5,47
26.265,1,4,13,2,30,10,17,71
26.27,0,7,24,10,16,2,12,46
26.275,2,4,2,2,24,6,1,10
26.28,1,3,21,1,2,6,8,17
26.285,4,1,28,0,10,10,12,1
26.29,3,1,3,2,14,6,7,13
26.295,2,3,18,2,16,2,2,8
26.3,4,4,7,2,2,2,9,4
26.305,1,1,33,2,44,6,3,8
26.31,0,4,13,4,9,6,9,12
26.315,6,7,1,7,12,13,3,40
26.32,1,4,26,12,22,13,17,37
26.325,0,3,11,9,1,1,7,16
26.33,1,0,4,0,5,0,5,9
26.335,3,2,8,9,17,12,16,11
26.34,1,4,19,8,30,15,12,24
26.345,9,12,41,27,15,15,7,29
26.35,1,2,10,1,6,6,2,36
26.355,3,7,28,19,21,6,12,17
26.36,1,2,21,3,20,5,6,9
26.365,1,0,14,8,0,12,1,10
26.37,2,7,10,7,24,12,15,0
26.375,5,7,10,9,10,7,1,18
26.38,1,1,3,0,6,3,4,50
26.385,0,3,2,5,24,19,0,29
26.39,2,3,6,5,13,4,7,50
26.395,2,3,17,14,20,7,8,49
26.4,3,9,20,11,5,0,3,50
26.405,2,6,50,5,4,5,10,1
26.41,3,2,0,1,10,14,12,24
26.415,1,1,2,3,5,5,8,14
26.42,2,2,15,2,12,10,8,1
26.425,3,7,6,11,9,10,2,0
26.43,4,3,3,2,8,14,8,36
26.435,1,1,30,7,6,0,4,73
26.44,3,2,5,2,5,8,10,48
26.445,4,2,11,13,13,9,3,53
26.45,0,0,3,6,5,2,5,55
26.455,3,4,11,6,12,1,5,84
26.46,1,1,2,1,5,5,9,62
26.465,3,0,30,4,8,7,2,24
26.47,4,8,3,8,11,2,0,37
26.475,4,1,37,9,15,1,18,2
26.48,7,4,20,2,9,1,15,35
26.485,2,6,37,17,16,24,6,39
26.49,2,0,6,12,4,5,3,43
26.495,9,1,42,6,24,3,3,19
26.5,9,3,57,4,30,15,14,14
26.505,1,16,59,26,7,11,9,2
26.51,2,1,7,9,2,1,5,7
26.515,5,1,2,5,2,4,5,5
26.52,2,5,18,3,19,2,5,6
26.525,2,10,53,18,1,2,2,38
26.53,5,8,27,17,27,16,14,47
26.535,9,5,26,2,8,2,6,50
26.54,7,2,9,4,26,10,6,1
26.545,2,8,13,3,24,7,3,78
26.55,1,5,9,2,12,2,1,118
26.555,10,2,5,1,35,31,3,47
26.56,2,6,12,0,33,53,1,10
26.565,4,1,5,6,15,17,4,36
26.57,2,10,26,12,3,5,3,23
26.575,2,34,1,1,10,3,4,14
26.58,1,9,3,15,12,15,2,2
26.585,4,2,53,7,8,0,4,4
26.59,1,9,7,12,40,16,6,9
26.595,17,12,71,47,15,33,22,16
26.6,7,56,74,29,44,20,19,3
26.605,2,4,66,43,30,28,11,10
26.61,10,42,47,37,30,14,12,4
26.615,4,7,61,30,32,10,4,2
26.62,5,36,104,44,19,22,18,15
26.625,0,10,43,20,1,11,8,4
26.63,4,83,46,3,21,6,1,3
26.635,5,34,13,6,18,1,6,4
26.64,0,55,120,10,5,1,3,4
26.645,4,72,24,20,19,16,5,3
26.65,1,14,50,5,5,17,4,0
26.655,5,35,36,19,10,2,10,3
26.66,1,1,1,3,33,11,7,2
26.665,5,51,28,8,1,9,4,2
26.67,0,35,17,9,7,4,1,3
26.675,1,19,14,10,2,4,7,1
26.68,5,47,14,27,29,14,12,1
26.685,3,48,33,10,5,4,2,17
26.69,1,27,30,5,4,6,2,10
26.695,1,4,25,21,7,5,5,21
26.7,2,21,61,20,14,4,1,28
26.705,2,14,16,29,1,2,6,37
26.71,7,17,118,49,13,2,12,24
26.715,3,5,45,4,20,16,6,36
26.72,5,2,32,2,6,2,40,62
26.725,3,7,45,22,21,13,17,76
26.73,3,1,29,1,1,2,4,62
26.735,3,7,18,19,11,11,17,42
26.74,0,14,26,39,20,7,14,10
26.745,6,8,33,8,11,6,29,10
26.75,1,3,31,22,12,1,22,30
26.755,5,4,23,11,11,22,27,28
26.76,9,1,15,20,13,5,5,20
26.765,1,10,40,46,5,4,15,17
26.77,17,8,43,37,2,14,45,11
26.775,5,11,11,18,10,13,70,8
26.78,3,5,2,5,0,1,9,7
26.785,3,2,26,2,3,2,17,13
26.79,10,3,14,8,4,6,12,14
26.795,3,91,35,20,3,2,28,13
26.8,1,121,6,14,9,17,20,3
26.805,1,3,61,3,6,10,25,6
26.81,4,6,89,1,15,28,53,29
26.815,1,3,61,3,6,10,25,6
26.82,4,6,89,1,15,28,53,29
26.825,3,7,18,19,11,11,17,42
26.83,0,14,26,39,20,7,14,10
26.835,3,8,50,10,3,0,26,3
26.84,4,3,7,2,11,4,33,18
26.845,4,7,10,13,25,8,6,3
26.85,3,18,32,2,15,5,3,17
26.855,3,1,56,3,5,4,25,2
26.86,0,0,61,14,6,1,29,14
26.865,0,3,49,10,1,9,31,12
26.87,3,19,20,13,24,9,18,12
26.875,2,2,5,2,12,5,6,6
26.88,1,8,1,6,1,7,7,9
26.885,1,14,20,13,22,19,12,10
26.89,10,9,3,3,5,0,2,2
26.895,44,33,12,45,3,0,6,8
26.9,84,94,6,2,8,15,21,22
26.905,78,25,3,6,5,2,3,4
26.91,102,13,6,3,3,2,2,2
26.915,10,86,5,4,3,10,2,0
26.92,104,96,2,4,8,6,4,8
26.925,128,81,12,8,4,0,2,11
26.93,121,70,88,14,1,5,1,4
26.935,62,58,4,2,4,2,5,10
26.94,54,45,66,13,4,2,4,10
26.945,5,42,51,0,15,8,12,3
26.95,17,69,45,9,8,10,4,7
26.955,33,80,26,20,11,4,4,2
26.96,36,44,39,25,8,3,6,2
26.965,21,14,24,11,8,1,4,1
26.97,4,17,1,7,1,10,5,0
26.975,1,11,16,11,5,8,5,7
26.98,6,2,5,31,4,0,1,1
26.985,9,2,0,56,4,6,4,1
26.99,10,2,2,5,9,4,7,4
26.995,2,2,4,70,2,1,3,1
27,1,9,11,59,2,4,6,11
27.005,5,8,13,44,2,3,5,4
27.01,8,6,19,31,3,1,1,1
27.015,6,4,2,20,1,4,2,5
27.02,7,4,1,22,4,5,8,2
27.025,1,2,1,8,4,4,2,3
27.03,7,6,16,19,2,1,0,3
27.035,2,0,10,19,14,4,7,7
27.04,2,1,12,3,1,3,2,1
27.045,4,6,2,4,10,8,1,4
27.05,4,5,4,7,8,6,5,4
27.055,2,3,4,17,1,4,0,1
27.06,2,3,11,44,3,4,6,6
27.065,2,1,8,6,5,2,2,2
27.07,5,7,4,12,4,3,3,1
27.075,1,3,10,9,8,1,1,1
27.08,6,3,5,17,4,6,3,2
27.085,3,2,18,23,9,8,5,0
27.09,5,4,5,11,2,6,5,6
27.095,3,4,11,7,7,3,6,2
27.1,0,6,8,14,2,3,3,1
27.105,3,1,4,8,11,13,13,2
27.11,4,5,0,4,1,1,1,5
27.115,1,3,3,5,6,8,4,9
27.12,1,5,9,3,9,1,6,4
27.125,3,7,10,8,3,5,6,0
27.13,2,3,5,18,24,6,8,4
27.135,14,2,13,2,9,2,5,25
27.14,2,6,2,7,5,3,4,0
27.145,0,2,13,11,4,0,3,1
27.15,4,1,2,17,12,3,1,3
27.155,2,4,8,5,6,3,3,9
27.16,0,3,1,3,1,1,0,2
27.165,4,5,8,14,8,7,6,6
27.17,0,6,37,20,15,3,1,2
27.175,3,4,8,2,10,1,1,2
27.18,1,3,5,11,9,3,1,2
27.185,3,1,9,7,8,1,2,2
27.19,4,2,6,13,1,5,2,2
27.195,1,2,3,12,1,4,5,3
27.2,6,11,25,14,2,6,9,6
27.205,3,3,34,17,1,1,6,1
27.21,1,5,56,15,3,9,7,10
27.215,0,1,19,13,22,11,10,4
27.22,12,7,64,28,11,5,3,5
27.225,3,13,78,49,19,17,15,9
27.23,4,3,7,17,3,3,14,0
27.235,1,3,19,20,18,2,7,5
27.24,1,3,1,20,6,3,1,1
27.245,42,5,1,0,3,29,87,10
27.25,45,12,0,1,8,6,18,33
27.255,110,1,1,4,1,11,26,13
27.26,127,13,41,11,0,11,5,4
27.265,126,8,2,0,14,5,11,3
27.27,10,32,6,5,10,11,17,1
27.275,100,15,3,7,8,25,36,29
27.28,88,3,20,13,5,5,1,15
27.285,8,4,19,1,1,6,4,24
27.29,2,1,15,0,2,1,4,12
27.295,128,14,12,7,8,5,7,15
27.3,46,16,13,5,9,8,5,9
27.305,71,3,28,16,6,1,15,29
27.31,2,19,17,20,21,19,3,8
27.315,14,15,12,14,10,1,11,16
27.32,13,13,17,2,6,0,0,7
27.325,90,83,7,4,11,6,5,3
27.33,93,44,13,4,4,1,0,5
27.335,68,47,0,7,6,3,2,8
27.34,28,2,5,2,1,1,9,4
27.345,10,85,5,1,16,10,1,2
27.35,13,99,2,4,8,14,5,4
27.355,2,103,10,8,5,7,13,1
27.36,15,60,9,2,5,13,5,2
27.365,98,29,7,1,1,0,1,2
27.37,50,22,21,10,1,3,1,9
27.375,39,16,2,21,0,5,9,5
27.38,68,2,36,24,4,9,2,8
27.385,67,7,9,29,8,1,1,7
27.39,48,5,12,2,6,3,10,5
27.395,3,2,14,15,17,5,6,12
27.4,21,9,3,20,14,6,2,14
27.405,16,5,6,11,2,5,2,9
27.41,14,4,2,2,0,3,1,6
27.415,38,1,22,12,2,1,5,4
27.42,13,3,2,0,12,6,6,2
27.425,1,2,7,22,4,3,3,1
27.43,1,0,7,8,3,4,1,1
27.435,16,0,14,4,0,3,4,0
27.44,9,1,5,9,5,3,1,0
27.445,18,3,13,4,2,2,1,2
27.45,9,4,4,11,26,8,6,1
27.455,11,1,3,10,2,1,3,1
27.46,4,1,9,4,12,2,1,1
27.465,2,2,13,5,9,0,3,1
27.47,4,4,11,10,4,11,4,3
27.475,3,1,10,2,5,5,1,1
27.48,2,2,14,2,4,1,2,1
27.485,5,10,1,5,7,3,4,3
27.49,9,2,10,15,9,4,3,1
27.495,3,3,4,17,3,3,0,1
27.5,1,7,6,1,1,5,4,3
27.505,3,2,9,34,13,4,2,3
27.51,4,11,3,1,5,2,1,1
27.515,4,10,1,3,8,3,3,0
27.52,0,7,3,14,3,3,2,2
27.525,6,20,20,12,5,2,4,1
27.53,10,18,78,24,10,7,6,2
27.535,0,13,1,2,1,7,3,1
27.54,16,19,11,12,18,5,3,4
27.545,12,3,14,28,9,0,1,2
27.55,4,1,20,19,10,6,4,1
27.555,3,9,4,10,3,2,4,5
27.56,0,38,11,8,5,1,1,2
27.565,2,29,42,22,12,8,8,0
27.57,19,40,56,45,21,14,11,1
27.575,4,30,5,5,3,2,3,1
27.58,11,84,12,3,1,10,21,20
27.585,4,36,4,16,4,1,0,5
27.59,8,16,41,18,1,9,14,5
27.595,11,9,11,3,3,20,16,29
27.6,4,21,8,8,3,17,93,40
27.605,1,7,5,2,9,3,62,22
27.61,14,3,30,11,11,30,94,42
27.615,13,22,15,9,5,23,104,46
27.62,19,1,2,0,22,2,13,15
27.625,5,3,8,5,14,22,21,11
27.63,0,6,1,11,5,9,6,37
27.635,10,19,3,8,4,26,60,46
27.64,3,7,1,1,6,11,9,10
27.645,5,11,10,0,9,3,10,9
27.65,2,3,1,6,10,8,1,7
27.655,3,9,17,8,2,7,17,19
27.66,3,7,5,13,11,4,17,8
27.665,2,5,7,14,5,13,36,6
27.67,7,13,2,1,12,17,15,5
27.675,4,14,6,1,10,4,8,2
27.68,9,3,6,12,3,9,38,9
27.685,5,17,3,3,2,4,7,5
27.69,3,8,7,0,2,9,13,4
27.695,1,2,1,2,7,1,4,2
27.7,4,5,4,2,5,12,18,5
27.705,0,7,4,9,2,4,7,5
27.71,4,2,4,12,5,1,10,4
27.715,11,3,8,9,7,7,4,2
27.72,4,5,3,9,1,1,9,7
27.725,11,8,29,15,3,7,9,9
27.73,1,7,6,2,5,6,4,1
27.735,5,14,2,4,4,9,4,0
27.74,2,1,8,2,3,2,3,6
27.745,11,4,3,14,2,2,2,4
27.75,2,1,21,12,8,4,7,55
27.755,8,3,4,4,6,0,10,25
27.76,11,3,1,5,2,0,3,10
27.765,7,9,1,1,11,9,1,4
27.77,10,20,9,14,45,13,11,4
27.775,0,4,7,49,15,1,9,10
27.78,4,2,11,12,1,1,4,4
27.785,4,7,3,37,4,8,13,16
27.79,34,2,1,3,12,5,8,11
27.795,9,10,0,5,9,3,17,12
27.8,11,2,9,31,16,2,3,14
27.805,26,17,13,17,13,8,6,3
27.81,4,6,14,32,6,5,18,19
27.815,33,22,2,9,6,8,38,9
27.82,14,7,4,10,12,7,27,48
27.825,0,3,11,1,12,0,3,15
27.83,3,7,3,6,7,2,6,5
27.835,2,1,1,2,11,2,2,26
27.84,39,4,7,1,5,4,1,35
27.845,12,1,0,11,3,2,3,6
27.85,15,2,4,1,1,5,9,5
27.855,6,4,32,3,0,2,2,5
27.86,7,2,23,5,7,8,7,1
27.865,7,8,14,12,12,9,12,7
27.87,9,4,47,38,2,7,7,5
27.875,5,6,38,24,13,5,3,0
27.88,3,0,10,17,7,0,0,1
27.885,4,5,31,8,4,1,3,1
27.89,1,0,1,8,3,0,2,1
27.895,2,0,10,6,6,0,2,2
27.9,7,12,22,1,10,8,8,6
27.905,5,3,46,3,17,6,5,5
27.91,10,10,45,28,14,21,10,6
27.915,5,0,7,1,3,0,1,0
27.92,2,1,39,29,8,9,6,2
27.925,8,19,74,29,25,15,11,9
27.93,2,4,33,47,9,2,1,0
27.935,1,3,30,54,16,7,6,1
27.94,12,20,25,78,22,13,5,5
27.945,2,5,30,46,0,7,10,7
27.95,1,7,0,3,6,1,1,1
27.955,1,4,10,11,2,4,12,16
27.96,1,10,9,6,6,13,16,2
27.965,1,5,17,0,6,10,12,16
27.97,13,9,6,17,4,30,25,10
27.975,26,20,16,3,19,35,39,27
27.98,7,4,1,4,3,28,29,38
27.985,11,8,9,5,2,4,90,115
27.99,4,4,36,5,9,13,40,52
27.995,2,2,11,9,4,12,19,17
28,4,7,19,5,2,0,0,33
28.005,2,19,11,1,9,3,12,18
28.01,3,4,28,1,7,2,13,1
28.015,3,13,14,0,3,6,28,9
28.02,4,10,66,9,13,5,18,17
28.025,14,11,48,3,23,15,18,2
28.03,7,3,94,1,8,3,21,6
28.035,19,33,26,44,20,10,12,4
28.04,17,37,84,2,40,25,23,11
28.045,12,37,83,11,9,15,9,10
28.05,20,44,56,24,26,1,3,3
28.055,24,47,29,28,42,9,5,6
28.06,18,28,8,7,44,20,15,9
28.065,0,1,42,10,15,19,25,3
28.07,1,5,72,3,2,14,10,4
28.075,6,5,23,3,7,13,19,9
28.08,8,9,10,10,9,6,4,5
28.085,8,5,7,6,11,2,5,2
28.09,12,14,2,9,21,18,9,1
28.095,4,17,4,1,17,13,1,6
28.1,3,7,18,7,5,4,13,6
28.105,1,3,7,2,8,4,9,9
28.11,4,16,14,5,3,1,3,2
28.115,0,0,6,11,9,3,1,4
28.12,2,7,23,3,12,5,5,7
28.125,3,2,1,0,5,6,2,5
28.13,5,10,26,11,0,2,3,0
28.135,4,3,8,8,13,0,1,1
28.14,7,9,12,7,19,11,8,3
28.145,3,3,39,12,0,0,6,5
28.15,3,4,20,0,14,8,9,0
28.155,1,2,2,14,3,2,5,1
28.16,0,8,0,14,2,1,1,0
28.165,1,0,25,31,16,10,2,2
28.17,0,10,2,5,1,3,0,1
28.175,6,16,55,31,11,7,8,3
28.18,3,7,23,31,7,3,3,2
28.185,5,16,45,113,25,13,12,7
28.19,3,0,38,32,15,4,1,1
28.195,3,6,5,1,3,11,22,11
28.2,3,14,29,4,3,3,12,8
28.205,1,2,25,3,1,1,6,12
28.21,0,1,18,7,2,7,7,0
28.215,5,12,2,4,4,13,22,15
28.22,2,3,1,3,3,3,8,6
28.225,7,23,9,17,32,11,5,5
28.23,0,1,4,13,11,0,5,7
28.235,5,3,1,1,7,2,3,3
28.24,2,2,3,4,1,1,3,1
28.245,2,5,2,2,1,1,2,3
28.25,3,4,2,1,1,1,1,10
28.255,3,8,0,0,4,1,3,3
28.26,3,9,0,0,9,9,6,4
28.265,3,2,10,6,1,2,2,0
28.27,0,10,4,11,8,4,2,2
28.275,0,7,2,29,0,3,3,3
28.28,0,6,6,20,6,5,7,6
28.285,1,4,3,2,4,1,0,1
28.29,1,5,5,7,5,2,0,2
28.295,3,1,2,12,1,0,2,1
28.3,0,3,4,2,2,4,0,3
28.305,0,3,8,3,3,3,2,2
28.31,2,3,1,7,1,0,0,0
28.315,1,7,0,27,1,2,2,2
28.32,3,5,12,2,5,3,2,1
28.325,1,3,3,27,7,4,5,1
28.33,3,0,2,6,2,1,2,2
28.335,1,1,3,2,3,7,2,2
28.34,3,10,4,1,12,8,3,1
28.345,3,15,4,13,21,7,0,2
28.35,2,8,8,25,13,2,0,1
28.355,5,11,7,2,7,1,1,1
28.36,3,9,21,45,9,7,4,3
28.365,3,1,12,7,8,2,0,0
28.37,0,1,2,8,5,6,1,1
28.375,1,3,1,3,1,2,3,1
28.38,0,4,15,39,9,4,1,0
28.385,6,9,38,80,23,2,4,4
28.39,0,6,7,14,7,7,1,1
28.395,2,1,0,5,14,8,4,1
28.4,1,2,10,2,3,8,3,1
28.405,1,4,8,31,9,1,2,2
28.41,3,10,3,16,13,3,2,2
28.415,1,5,61,45,10,8,6,5
28.42,0,1,20,26,13,3,0,0
28.425,4,2,22,6,8,4,6,5
28.43,7,12,33,28,9,8,10,7
28.435,2,9,4,37,3,10,4,3
28.44,1,0,5,12,4,2,1,0
28.445,1,1,18,7,3,0,1,0
28.45,3,7,30,19,5,2,1,0
28.455,10,32,21,33,6,8,4,4
28.46,14,40,15,36,32,14,11,17
28.465,3,0,14,29,21,9,6,9
28.47,4,15,60,21,18,1,5,8
28.475,2,13,40,28,83,19,7,0
28.48,5,13,17,0,13,2,0,8
28.485,18,30,58,101,30,19,16,15
28.49,6,11,35,91,33,12,2,4
28.495,4,5,18,7,4,3,7,5
28.5,4,11,4,4,11,2,4,2
28.505,1,4,1,11,9,0,3,1
28.51,2,0,12,17,12,3,14,8
28.515,1,7,41,4,5,2,2,56
28.52,9,12,24,3,18,11,31,49
28.525,20,10,18,17,13,19,73,76
28.53,29,18,5,4,15,53,75,86
28.535,15,9,15,3,5,26,73,52
28.54,6,11,27,10,4,9,92,52
28.545,11,5,56,15,6,8,24,1
28.55,14,8,25,2,7,19,18,4
28.555,9,3,20,1,3,8,32,1
28.56,10,8,1,3,4,9,48,19
28.565,1,5,4,2,1,6,3,27
28.57,0,3,12,3,1,8,28,7
28.575,19,0,12,1,6,6,10,14
28.58,5,0,16,29,28,15,29,11
28.585,3,5,6,1,11,9,12,12
28.59,2,0,29,8,0,5,18,5
28.595,3,5,4,12,11,3,26,1
28.6,3,3,10,14,10,4,41,17
28.605,17,26,24,14,30,11,16,4
28.61,13,27,6,23,89,14,11,9
28.615,6,19,10,49,8,15,0,10
28.62,0,10,36,86,9,13,28,7
28.625,22,4,8,34,4,10,7,1
28.63,4,6,35,21,42,5,17,10
28.635,1,11,20,4,7,5,2,5
28.64,2,11,19,30,16,10,11,2
28.645,13,27,28,50,58,25,0,5
28.65,7,3,8,19,1,12,10,7
28.655,12,4,13,16,4,2,6,5
28.66,45,2,3,22,39,9,8,20
28.665,5,2,32,0,4,1,6,22
28.67,4,2,54,46,0,4,5,2
28.675,5,22,37,7,3,2,1,2
28.68,6,10,46,5,2,3,4,5
28.685,1,6,45,50,16,0,13,33
28.69,40,1,37,16,7,2,1,8
28.695,8,3,9,37,30,16,2,2
28.7,5,8,32,2,28,11,2,1
28.705,0,2,55,45,22,3,0,7
28.71,10,2,4,17,47,8,1,5
28.715,8,14,22,0,41,13,2,2
28.72,11,7,23,16,13,5,5,7
28.725,0,5,23,4,9,3,5,3
28.73,8,11,20,4,10,3,1,13
28.735,2,8,19,4,1,3,4,12
28.74,8,0,16,33,16,5,5,12
28.745,5,9,14,16,27,1,10,38
28.75,7,4,54,50,2,3,11,38
28.755,2,11,67,60,7,8,5,3
28.76,9,4,6,26,3,4,1,1
28.765,3,9,6,24,2,8,9,2
28.77,12,3,20,10,12,5,4,3
28.775,4,0,41,1,36,10,4,6
28.78,3,6,3,37,3,1,4,9
28.785,5,9,5,50,5,4,5,9
28.79,9,14,51,39,1,2,0,4
28.795,12,28,62,10,26,6,1,1
28.8,16,25,71,33,28,4,2,1
28.805,1,9,3,19,20,6,5,9
28.81,1,9,15,1,1,7,5,1
28.815,3,1,7,14,6,1,0,5
28.82,1,2,37,0,6,4,0,2
28.825,2,1,49,49,8,1,2,7
28.83,1,1,28,11,6,5,4,8
28.835,2,5,5,15,2,1,3,4
28.84,5,4,63,45,5,5,8,6
28.845,5,10,13,23,5,7,0,3
28.85,8,7,7,31,12,5,4,4
28.855,5,21,26,16,13,11,6,9
28.86,1,4,6,13,15,1,0,2
28.865,1,8,28,5,5,2,2,4
28.87,6,6,22,21,12,4,9,5
28.875,5,17,29,9,13,9,9,4
28.88,3,4,7,8,8,0,1,0
28.885,4,9,8,2,10,3,0,6
28.89,2,2,8,21,3,8,15,20
28.895,1,3,18,11,1,8,1,6
28.9,5,2,9,0,4,7,7,23
28.905,0,1,33,13,4,15,31,19
28.91,1,4,33,11,14,3,11,68
28.915,5,10,14,12,7,22,92,113
28.92,4,3,6,15,0,9,12,59
28.925,9,8,2,15,0,33,124,104
28.93,12,19,15,13,11,27,83,58
28.935,7,3,4,8,4,13,2,3
28.94,4,4,24,7,5,15,49,45
28.945,15,15,6,9,2,60,122,79
28.95,4,9,1,12,4,9,44,48
28.955,2,10,7,5,2,6,3,14
28.96,3,6,9,8,3,4,6,30
28.965,7,6,2,2,5,11,12,10
28.97,0,6,15,5,3,2,7,5
28.975,3,4,1,4,2,8,30,26
28.98,4,5,1,5,4,4,15,2
28.985,5,2,1,2,5,11,15,32
28.99,2,2,4,0,3,4,6,22
28.995,1,5,11,0,2,1,1,17
29,4,6,3,5,5,0,2,19
29.005,3,1,4,0,3,8,12,8
29.01,3,0,4,7,7,0,6,5
29.015,2,4,1,2,3,3,2,4
29.02,3,6,1,16,12,3,1,14
29.025,3,9,5,25,13,11,4,7
29.03,1,1,4,7,3,1,1,0
29.035,3,3,1,2,5,4,5,11
29.04,1,2,4,9,3,1,2,8
29.045,0,3,6,5,4,2,5,8
29.05,1,0,6,1,1,3,0,5
29.055,6,11,20,20,18,0,2,0
29.06,1,4,6,16,2,14,1,4
29.065,1,5,4,0,12,3,3,1
29.07,2,1,4,14,15,1,6,6
29.075,7,21,27,25,21,13,1,6
29.08,4,10,6,18,23,16,5,3
29.085,11,31,30,23,88,21,1,5
29.09,1,1,1,34,15,9,2,3
29.095,0,1,3,12,14,4,2,3
29.1,1,5,15,10,15,1,2,4
29.105,1,11,18,37,19,9,0,1
29.11,0,0,1,8,3,6,8,3
29.115,3,5,5,13,17,2,4,0
29.12,1,5,16,49,12,8,6,8
29.125,2,1,1,32,13,2,4,2
29.13,3,6,17,19,24,14,5,5
29.135,2,6,8,0,30,10,6,3
29.14,6,17,10,53,38,17,1,2
29.145,2,6,31,39,19,2,4,6
29.15,3,2,8,38,6,2,7,1
29.155,0,3,7,6,3,1,2,0
29.16,2,0,11,23,19,12,5,2
29.165,1,2,10,5,8,2,1,3
29.17,0,3,31,21,19,7,5,6
29.175,5,11,15,5,5,4,4,5
29.18,4,7,30,38,17,6,9,5
29.185,2,5,50,27,3,0,3,1
29.19,3,3,6,5,4,13,1,0
29.195,5,11,29,2,10,8,3,0
29.2,4,8,41,41,2,7,8,5
29.205,3,0,30,72,5,5,3,2
29.21,11,34,127,127,12,12,9,10
29.215,15,37,90,72,11,2,2,6
29.22,2,11,33,27,42,8,2,4
29.225,7,10,22,28,7,16,9,10
29.23,3,1,59,4,2,13,10,14
29.235,11,19,35,27,48,18,6,6
29.24,0,6,16,97,32,6,0,2
29.245,3,6,41,93,55,0,5,3
29.25,11,26,104,87,8,3,7,8
29.255,5,16,95,2,3,3,0,2
29.26,6,15,1,20,56,19,9,5
29.265,4,2,31,17,18,8,9,1
29.27,4,20,99,6,33,1,4,5
29.275,11,16,2,62,53,11,1,3
29.28,1,0,24,89,34,12,0,1
29.285,2,4,19,2,13,8,7,5
29.29,2,5,24,16,66,8,0,2
29.295,3,8,51,2,16,0,4,4
29.3,0,11,3,16,37,5,1,4
29.305,10,25,50,38,41,14,5,5
29.31,4,2,6,4,8,6,4,4
29.315,8,19,71,62,46,5,13,1
29.32,1,0,10,2,8,5,7,3
29.325,11,17,18,51,37,18,3,4
29.33,6,12,77,8,1,2,3,3
29.335,8,14,118,22,0,0,5,0
29.34,7,10,10,15,8,3,6,1
29.345,8,13,29,34,1,5,7,5
29.35,5,5,11,4,20,7,7,4
29.355,3,6,12,16,8,3,1,5
29.36,0,3,26,2,10,3,1,6
29.365,7,11,17,4,10,13,10,7
29.37,2,4,46,47,1,3,10,2
29.375,0,0,1,7,0,2,11,0
29.38,1,7,26,14,38,19,15,4
29.385,1,1,21,18,27,10,9,5
29.39,1,2,45,24,21,4,10,6
29.395,2,2,33,13,2,4,8,7
29.4,9,11,4,35,21,10,28,57
29.405,3,1,26,22,3,11,22,0
29.41,3,6,30,24,13,14,53,26
29.415,3,2,16,29,18,5,11,5
29.42,1,4,4,12,5,2,16,3
29.425,12,12,1,5,5,8,79,94
29.43,8,7,44,6,16,14,44,77
29.435,3,2,10,0,16,43,97,19
29.44,12,11,16,1,1,62,77,98
29.445,6,5,8,5,12,18,32,8
29.45,16,17,8,21,13,64,127,87
29.455,21,21,14,18,14,64,75,65
29.46,1,5,20,1,5,33,30,16
29.465,22,22,16,1,7,52,128,100
29.47,10,17,7,15,7,2,33,61
29.475,7,6,1,4,11,64,114,38
29.48,14,8,10,16,6,62,112,71
29.485,2,0,18,15,2,24,115,74
29.49,30,28,2,2,29,90,128,119
29.495,19,13,1,4,9,9,79,2
29.5,3,7,4,5,5,23,25,43
29.505,8,7,11,6,2,31,63,68
29.51,5,3,7,6,7,12,1,7
29.515,5,2,2,10,6,26,39,7
29.52,0,5,8,7,7,25,42,8
29.525,14,9,7,0,3,46,71,75
29.53,6,7,5,6,3,18,14,3
29.535,1,1,9,1,6,9,40,2
29.54,4,3,1,2,3,2,42,19
29.545,1,7,2,7,2,3,59,3
29.55,3,7,16,7,6,3,12,0
29.555,4,5,2,2,3,12,29,34
29.56,7,8,12,5,5,20,33,61
29.565,13,13,0,5,3,24,88,68
29.57,8,12,8,11,3,28,87,59
29.575,7,8,5,1,4,16,76,99
29.58,24,30,45,1,14,20,128,114
29.585,1,5,3,4,8,5,12,5
29.59,0,2,2,7,6,14,7,17
29.595,1,2,7,3,0,3,3,8
29.6,0,3,0,3,3,5,2,0
29.605,2,6,0,2,11,0,2,3
29.61,2,7,7,6,9,4,10,4
29.615,1,4,3,3,9,5,8,4
29.62,1,0,3,7,12,2,3,4
29.625,1,7,1,5,1,9,1,1
29.63,3,19,11,14,46,19,5,5
29.635,5,12,2,16,37,2,5,2
29.64,2,4,4,40,3,7,1,0
29.645,2,5,27,30,4,8,11,4
29.65,2,6,7,21,21,12,4,4
29.655,1,10,1,14,20,6,4,0
29.66,1,6,17,33,15,7,8,2
29.665,1,7,15,13,5,9,1,1
29.67,5,23,8,19,29,8,2,4
29.675,2,8,36,22,11,3,2,3
29.68,3,4,25,51,9,7,6,6
29.685,0,4,1,4,6,1,6,3
29.69,1,2,2,23,0,6,6,2
29.695,2,8,3,36,21,5,2,1
29.7,3,5,1,18,8,2,1,2
29.705,2,4,11,8,4,2,1,3
29.71,2,0,2,18,0,0,2,0
29.715,4,10,21,17,7,10,8,8
29.72,4,7,4,16,19,12,7,1
29.725,1,6,25,6,11,3,0,1
29.73,6,14,47,15,39,18,9,7
29.735,2,0,11,66,6,5,6,1
29.74,6,11,28,49,32,9,5,4
29.745,3,5,0,14,1,5,2,2
29.75,1,2,18,16,29,11,9,4
29.755,2,4,16,40,16,7,1,0
29.76,4,7,10,1,16,5,7,3
29.765,0,2,23,46,1,2,2,4
29.77,0,1,11,20,6,8,3,0
29.775,2,6,17,19,5,8,0,2
29.78,0,6,6,14,5,0,1,0
29.785,0,3,36,48,7,9,6,4
29.79,5,14,27,4,15,12,11,6
29.795,1,3,49,37,2,6,6,1
29.8,2,3,41,52,9,2,3,1
29.805,3,4,11,6,17,7,7,4
29.81,2,4,29,6,11,1,0,1
29.815,1,3,19,0,10,2,4,3
29.82,1,1,19,50,5,2,1,1
29.825,0,5,60,29,0,2,2,1
29.83,4,7,42,37,0,7,4,1
29.835,7,18,36,25,25,3,0,4
29.84,2,6,45,20,3,2,6,4
29.845,3,7,49,13,12,6,6,3
29.85,11,20,55,16,18,17,14,13
29.855,7,14,65,22,6,12,6,2
29.86,7,19,104,3,13,7,2,3
29.865,6,12,44,87,15,13,10,7
29.87,6,5,21,26,5,1,2,3
29.875,1,1,20,16,0,1,3,5
29.88,4,10,87,18,22,8,3,1
29.885,8,21,40,29,21,20,10,7
29.89,4,9,39,14,17,10,9,2
29.895,1,1,51,16,13,5,3,4
29.9,3,12,120,44,8,3,5,5
29.905,5,5,23,64,14,7,3,4
29.91,6,9,93,15,11,8,7,6
29.915,4,8,35,8,7,1,3,2
29.92,0,0,25,26,2,9,3,2
29.925,2,1,0,42,4,2,3,1
29.93,4,4,8,33,6,5,6,4
29.935,0,1,23,10,2,5,4,3
29.94,6,20,71,79,8,11,7,5
29.945,0,6,44,23,1,1,1,2
29.95,0,1,37,8,6,0,4,1
29.955,0,2,14,43,8,4,0,4
29.96,3,3,13,49,0,4,0,5
29.965,2,1,26,18,7,3,0,1
29.97,2,9,22,3,4,1,3,2
29.975,4,3,8,4,6,9,6,0
29.98,1,3,44,11,23,2,1,0
29.985,9,16,15,83,43,11,5,7
29.99,2,9,46,16,0,4,10,2
29.995,1,0,16,16,1,5,8,6
30,5,10,51,34,13,7,9,6
30.005,5,12,30,39,0,1,2,1
30.01,7,13,47,55,0,1,2,4
30.015,0,6,20,30,16,9,3,1
30.02,3,2,1,2,0,6,2,2
30.025,2,3,20,19,7,2,1,0
30.03,0,6,68,4,15,14,3,0
30.035,1,7,25,26,4,0,3,6
30.04,4,15,67,6,7,8,2,2
30.045,0,1,5,18,5,1,4,7
30.05,3,3,14,7,4,0,0,9
30.055,5,5,18,32,59,1,4,18
30.06,3,2,15,25,94,30,12,31
30.065,0,9,26,23,71,6,2,32
30.07,4,4,2,31,77,31,64,14
30.075,10,5,9,10,44,7,28,22
30.08,5,1,4,19,29,33,61,75
30.085,10,4,4,6,0,4,33,17
30.09,25,16,20,10,40,22,69,56
30.095,9,13,15,17,3,6,37,30
30.1,3,7,14,19,37,3,61,13
30.105,2,3,10,1,2,6,31,34
30.11,22,17,2,9,5,17,40,78
30.115,13,15,0,2,41,10,58,76
30.12,2,2,2,7,30,8,31,37
30.125,5,1,4,7,20,9,6,5
30.13,5,9,20,12,9,10,35,22
30.135,12,11,21,7,17,9,41,50
30.14,10,3,1,2,16,5,6,4
30.145,7,3,4,5,6,2,6,10
30.15,6,7,0,5,12,2,20,20
30.155,7,7,4,2,5,4,19,18
30.16,5,1,6,6,23,12,14,6
30.165,9,9,10,1,8,8,52,33
30.17,2,10,6,9,10,2,14,3
30.175,0,4,3,10,8,6,2,1
30.18,4,0,20,6,10,2,1,5
30.185,6,7,21,2,17,1,15,1
30.19,2,2,5,5,1,4,17,0
30.195,3,6,5,1,4,4,9,4
30.2,2,3,10,3,5,11,1,5
30.205,2,3,7,2,7,0,28,18
30.21,1,0,7,2,11,6,15,6
30.215,2,5,5,13,10,2,10,10
30.22,1,4,1,12,1,3,0,4
30.225,3,2,1,1,1,6,16,7
30.23,3,3,19,4,9,8,9,2
30.235,1,0,3,4,10,4,10,11
30.24,2,0,14,10,9,3,2,3
30.245,4,4,9,5,5,3,8,7
30.25,3,7,2,2,20,8,8,6
30.255,5,11,9,17,17,7,6,3
30.26,5,9,0,24,9,6,1,1
30.265,5,6,19,18,3,2,13,10
30.27,1,1,40,7,8,2,2,1
30.275,1,1,32,20,0,4,2,1
30.28,1,6,10,11,3,1,1,2
30.285,0,2,7,7,3,4,2,2
30.29,1,1,10,21,0,2,3,1
30.295,3,4,9,41,1,1,1,2
30.3,3,4,15,29,16,8,3,4
30.305,1,0,3,7,10,5,2,5
30.31,2,2,7,7,2,4,0,0
30.315,4,3,8,9,4,4,7,5
30.32,1,4,27,40,9,2,0,0
30.325,5,4,17,12,7,4,6,6
30.33,0,6,15,4,13,3,4,0
30.335,3,6,11,55,14,13,2,2
30.34,5,7,32,21,34,9,0,2
30.345,13,4,9,17,23,25,19,8
30.35,9,11,17,17,4,1,10,3
30.355,19,17,3,7,22,2,11,18
30.36,10,20,7,7,3,15,43,23
30.365,14,7,43,16,18,30,88,36
30.37,6,13,14,2,3,4,5,18
30.375,1,3,1,1,13,5,6,1
30.38,6,3,4,3,8,7,10,2
30.385,3,9,10,26,13,1,15,1
30.39,2,4,9,26,8,3,4,4
30.395,4,21,2,10,2,1,1,3
30.4,0,1,0,2,17,7,5,0
30.405,3,3,8,15,6,3,3,0
30.41,1,13,14,1,6,7,8,4
30.415,4,2,17,26,1,7,5,4
30.42,2,7,8,12,1,1,2,3
30.425,3,10,0,3,3,0,6,3
30.43,2,3,2,12,8,5,5,2
30.435,3,1,9,20,2,2,3,1
30.44,7,12,21,30,9,1,2,1
30.445,2,5,10,40,26,17,10,3
30.45,2,5,1,9,5,0,4,2
30.455,4,5,5,17,17,8,3,2
30.46,1,8,16,10,6,2,4,3
30.465,3,0,1,7,5,5,1,1
30.47,5,18,20,55,31,8,4,1
30.475,5,9,26,5,11,2,8,3
30.48,3,3,26,26,5,4,1,0
30.485,8,12,20,64,5,21,12,9
30.49,0,1,1,63,7,11,7,4
30.495,0,4,15,8,11,9,3,1
30.5,1,3,0,6,22,6,1,2
30.505,3,10,54,48,22,7,5,0
30.51,3,5,72,33,3,8,7,1
30.515,3,10,58,64,55,17,8,5
30.52,9,16,23,88,47,13,1,6
30.525,5,8,24,55,7,9,4,1
30.53,3,3,9,1,5,9,4,1
30.535,3,11,16,7,1,10,3,2
30.54,3,1,42,39,23,16,12,3
30.545,2,3,47,21,14,2,9,1
30.55,2,4,29,21,13,2,1,2
30.555,4,4,12,28,22,2,7,3
30.56,4,13,61,20,7,10,6,2
30.565,1,1,18,46,13,11,3,2
30.57,2,0,31,9,23,11,0,1
30.575,1,6,5,2,0,1,0,4
30.58,3,8,4,18,6,2,4,0
30.585,1,4,19,2,17,9,1,6
30.59,2,2,32,9,2,1,23,23
30.595,3,3,14,2,6,8,15,30
30.6,5,10,25,9,16,12,26,12
30.605,1,2,15,20,10,4,25,36
30.61,1,3,21,18,12,13,2,8
30.615,1,6,29,11,11,21,28,50
30.62,6,2,30,1,11,10,61,64
30.625,6,3,1,11,7,7,16,5
30.63,3,1,15,6,4,5,19,23
30.635,1,1,8,7,5,3,4,16
30.64,0,12,5,5,5,4,6,3
30.645,1,2,7,6,1,2,14,7
30.65,6,8,1,9,9,2,21,15
30.655,0,1,26,2,3,1,5,28
30.66,6,10,64,3,8,5,11,5
30.665,1,7,3,1,2,3,10,8
30.67,0,5,19,1,2,3,9,11
30.675,4,4,49,1,5,4,5,34
30.68,10,5,52,4,1,3,12,5
30.685,15,6,24,6,1,2,32,89
30.69,4,45,1,5,1,2,4,48
30.695,1,12,1,0,6,7,1,28
30.7,2,8,5,0,6,1,9,6
30.705,3,1,8,12,6,1,6,12
30.71,2,10,15,5,0,0,1,1
30.715,0,4,9,4,3,1,2,20
30.72,2,7,4,4,0,2,8,5
30.725,6,2,4,11,1,4,3,9
30.73,7,17,8,11,1,3,8,24
30.735,2,18,13,10,4,4,2,34
30.74,0,22,0,3,4,2,3,0
30.745,2,2,1,26,1,1,3,14
30.75,4,6,6,10,0,4,3,10
30.755,3,8,9,9,10,7,5,19
30.76,5,12,5,13,6,1,5,6
30.765,2,9,1,9,9,2,3,2
30.77,2,6,5,13,7,2,8,2
30.775,0,40,10,10,25,7,3,16
30.78,3,8,8,3,17,4,2,7
30.785,1,7,13,33,6,1,0,7
30.79,1,3,2,10,26,4,3,6
30.795,2,6,4,2,20,2,4,14
30.8,4,4,5,22,9,6,2,4
30.805,2,28,22,3,9,3,1,2
30.81,3,20,7,29,13,0,5,4
30.815,0,12,10,27,12,0,1,4
30.82,1,9,6,6,0,9,6,0
30.825,7,6,35,48,24,5,0,4
30.83,1,7,10,39,4,0,1,5
30.835,1,16,20,18,0,4,3,8
30.84,2,1,6,10,15,0,2,3
30.845,0,6,5,29,10,11,8,7
30.85,1,5,11,3,2,4,0,4
30.855,1,8,3,4,2,2,2,0
30.86,4,13,7,9,23,6,7,4
30.865,5,3,2,8,15,0,3,1
30.87,5,0,6,8,20,6,0,1
30.875,4,9,5,18,37,12,4,3
30.88,1,1,7,4,27,3,1,4
30.885,2,11,24,14,1,1,4,5
30.89,3,9,11,66,26,0,0,3
30.895,4,4,44,77,4,3,1,4
30.9,4,5,16,12,0,3,2,0
30.905,0,5,10,20,34,6,1,2
30.91,6,11,20,5,11,0,2,2
30.915,1,1,19,27,6,2,1,0
30.92,0,0,4,8,37,6,3,2
30.925,3,4,1,7,1,2,2,1
30.93,4,5,32,5,9,6,1,1
30.935,3,1,32,46,4,9,1,1
30.94,0,1,29,35,3,5,3,1
30.945,6,11,56,6,17,3,0,1
30.95,3,0,28,18,21,5,0,1
30.955,2,4,24,27,30,13,8,5
30.96,6,11,41,70,6,4,1,4
30.965,1,4,69,48,16,3,7,3
30.97,3,5,11,7,3,5,7,5
30.975,0,6,33,26,3,4,0,3
30.98,7,17,45,63,20,13,13,9
30.985,0,3,1,19,2,5,2,0
30.99,6,12,65,44,4,8,7,8
30.995,5,7,11,35,2,1,1,2
31,2,9,31,53,8,2,3,2
31.005,2,2,12,2,19,6,4,0
31.01,1,2,26,37,12,16,4,2
31.015,3,2,13,8,2,3,3,2
31.02,4,8,29,24,10,14,5,3
31.025,2,1,0,18,1,1,2,2
31.03,4,4,5,23,11,4,0,1
31.035,6,7,42,30,5,7,3,2
31.04,1,1,11,8,9,8,5,2
31.045,2,0,25,13,5,4,2,1
31.05,2,1,3,8,0,4,1,5
31.055,3,5,35,26,11,0,4,24
31.06,0,3,23,17,6,2,5,4
31.065,0,2,13,17,11,13,2,1
31.07,0,1,0,6,8,3,46,7
31.075,5,9,7,8,8,28,74,11
31.08,0,1,3,17,4,5,0,2
31.085,2,1,14,6,9,29,15,3
31.09,3,7,16,5,0,12,71,11
31.095,8,11,18,6,13,16,52,24
31.1,3,4,12,11,8,27,98,34
31.105,19,15,15,3,16,74,127,70
31.11,7,3,6,4,8,3,42,13
31.115,6,3,4,6,4,61,62,38
31.12,3,1,13,4,11,37,74,35
31.125,19,14,13,8,15,73,28,60
31.13,0,4,13,3,10,6,28,16
31.135,2,1,4,1,4,5,5,3
31.14,1,3,2,3,1,3,13,4
31.145,1,1,11,4,2,3,9,2
31.15,3,0,9,22,1,2,5,2
31.155,5,5,24,25,3,4,3,2
31.16,3,6,0,6,2,5,6,3
31.165,2,5,3,2,13,8,5,2
31.17,1,5,6,16,4,1,1,1
31.175,2,3,4,1,6,9,4,1
31.18,2,0,4,2,7,1,3,2
31.185,1,6,9,6,15,6,3,1
31.19,1,1,6,14,20,2,0,0
31.195,1,4,2,21,3,5,0,1
31.2,1,4,14,21,1,1,8,6
31.205,3,6,1,5,5,2,1,2
31.21,2,8,21,15,4,4,1,0
31.215,0,4,38,0,0,4,3,0
31.22,6,12,76,2,13,8,6,2
31.225,1,1,9,33,4,5,3,2
31.23,6,12,9,10,5,12,5,5
31.235,7,10,42,19,8,1,1,2
31.24,2,5,47,28,0,15,6,6
31.245,0,2,13,9,4,0,0,2
31.25,0,4,54,56,4,5,3,1
31.255,2,1,39,14,9,2,6,1
31.26,9,10,22,65,18,6,2,5
31.265,3,4,0,3,3,5,4,4
31.27,2,5,79,2,3,2,1,0
31.275,1,5,69,3,6,4,3,0
31.28,6,16,61,31,10,9,10,4
31.285,2,0,5,9,6,1,1,1
31.29,5,3,11,20,17,8,5,2
31.295,0,1,12,15,6,6,6,1
31.3,2,4,12,1,6,7,2,1
31.305,3,7,21,8,8,0,1,2
31.31,9,15,41,13,10,9,7,7
31.315,0,2,27,38,1,4,2,6
31.32,2,2,30,31,13,3,3,1
31.325,1,2,21,4,8,0,5,1
31.33,5,11,36,54,22,8,4,4
31.335,8,14,59,37,8,12,2,3
31.34,0,1,42,9,0,4,1,1
31.345,3,4,16,17,2,1,1,4
31.35,2,5,61,9,12,5,3,1
31.355,4,9,6,38,8,4,2,3
31.36,2,4,25,3,2,3,3,0
31.365,1,9,59,24,8,10,3,0
31.37,8,15,14,30,5,17,6,2
31.375,4,4,33,31,8,11,0,1
31.38,3,7,16,12,9,20,10,4
31.385,3,2,7,6,3,0,2,6
31.39,0,2,29,2,6,7,3,5
31.395,7,16,61,2,2,4,1,2
31.4,5,8,3,7,1,6,0,1
31.405,4,11,90,68,14,9,6,2
31.41,1,0,17,9,10,4,1,1
31.415,3,9,20,6,7,7,2,2
31.42,3,14,26,7,16,12,8,1
31.425,7,10,39,4,24,8,9,2
31.43,1,2,14,15,19,3,2,3
31.435,8,12,43,34,4,4,5,3
31.44,3,1,14,33,14,10,4,3
31.445,4,7,54,2,11,8,8,1
31.45,2,8,64,14,16,3,5,0
31.455,1,2,31,11,4,4,2,0
31.46,3,1,24,11,1,2,3,5
31.465,6,13,65,39,12,12,6,3
31.47,1,5,27,19,5,5,0,1
31.475,2,0,20,5,4,3,3,1
31.48,3,6,16,20,2,4,1,2
31.485,3,4,27,6,5,5,4,4
31.49,1,3,15,4,1,4,0,4
31.495,4,8,39,4,1,0,0,1
31.5,3,5,42,4,1,5,2,2
31.505,2,1,23,29,12,3,1,2
31.51,1,5,40,20,3,2,0,5
31.515,2,4,53,11,15,3,19,1
31.52,1,1,5,2,3,4,27,7
31.525,2,7,13,15,2,22,44,15
31.53,1,4,8,12,0,16,43,9
31.535,1,6,15,3,18,17,15,6
31.54,6,9,17,13,17,7,27,9
31.545,5,8,4,16,2,10,36,15
31.55,5,5,4,17,2,24,34,37
31.555,12,13,19,8,1,7,48,70
31.56,5,9,15,22,6,1,79,46
31.565,5,2,3,11,0,7,45,47
31.57,2,4,9,17,12,14,47,36
31.575,1,3,13,0,0,12,87,17
31.58,3,11,23,14,3,39,44,41
31.585,7,7,8,24,7,6,53,64
31.59,1,1,5,2,7,9,14,51
31.595,7,9,27,6,6,32,106,45
31.6,32,17,11,5,13,86,128,102
31.605,8,6,12,9,2,3,12,69
31.61,4,12,22,9,4,10,34,52
31.615,1,4,13,4,4,32,127,52
31.62,0,9,16,0,2,7,53,46
31.625,6,5,4,2,10,1,51,55
31.63,2,2,8,3,0,26,16,52
31.635,0,5,8,9,2,15,21,24
31.64,9,5,1,1,1,19,67,69
31.645,14,9,3,2,7,30,57,74
31.65,2,0,0,0,1,7,33,46
31.655,7,2,1,7,1,10,66,39
31.66,0,3,6,7,14,11,18,27
31.665,9,8,4,7,4,2,23,58
31.67,3,1,7,3,7,8,24,0
31.675,3,0,11,10,3,1,16,66
31.68,1,5,0,2,10,5,4,2
31.685,0,3,3,3,12,1,10,15
31.69,0,1,3,3,6,9,48,4
31.695,2,6,10,2,6,2,32,7
31.7,6,13,23,0,10,5,20,25
31.705,6,13,0,6,2,14,48,40
31.71,2,1,4,6,19,1,16,54
31.715,16,9,2,17,4,7,23,89
31.72,1,1,8,8,3,4,2,27
31.725,3,3,4,9,14,8,0,9
31.73,6,5,17,8,5,5,7,37
31.735,2,6,31,13,7,4,6,22
31.74,4,10,16,3,3,0,22,15
31.745,2,11,9,8,1,6,31,25
31.75,3,6,16,1,6,11,13,22
31.755,4,1,4,3,7,1,26,24
31.76,0,2,5,10,3,9,8,3
31.765,6,12,8,19,0,17,76,10
31.77,5,3,20,22,12,16,63,32
31.775,6,1,2,5,2,4,31,20
31.78,5,4,10,13,6,5,5,9
31.785,3,4,11,3,7,6,4,7
31.79,5,3,3,51,6,2,5,20
31.795,2,10,16,28,0,4,9,6
31.8,2,13,27,22,22,3,21,3
31.805,3,7,2,0,6,5,9,8
31.81,0,2,7,7,10,1,0,14
31.815,2,1,2,3,11,1,2,13
31.82,1,7,10,17,12,2,24,2
31.825,5,1,5,10,4,9,26,14
31.83,1,4,10,9,8,4,9,6
31.835,3,5,5,1,8,5,14,12
31.84,4,5,12,10,13,2,8,4
31.845,1,1,9,9,1,3,19,11
31.85,4,11,13,7,3,5,5,8
31.855,2,1,1,29,1,0,8,7
31.86,1,5,11,20,10,2,8,3
31.865,4,0,1,8,4,3,5,2
31.87,0,4,10,34,5,3,10,3
31.875,4,10,15,26,18,10,2,1
31.88,4,11,11,16,9,2,6,1
31.885,1,2,33,17,0,3,6,4
31.89,2,8,15,3,2,5,5,4
31.895,1,1,0,47,4,3,1,1
31.9,2,2,27,52,5,1,5,0
31.905,5,11,4,8,2,11,13,7
31.91,4,8,8,5,3,4,1,6
31.915,2,5,79,12,16,6,2,1
31.92,8,18,52,64,21,13,9,8
31.925,0,6,32,38,16,1,1,2
31.93,4,9,49,26,15,7,6,0
31.935,5,9,9,16,16,4,7,5
31.94,4,4,40,16,24,15,9,6
31.945,7,14,108,30,21,7,2,4
31.95,4,8,53,45,31,5,1,2
31.955,3,4,2,48,14,8,4,3
31.96,2,6,101,90,60,17,2,1
31.965,5,1,55,85,34,15,7,5
31.97,3,5,20,60,14,4,1,0
31.975,15,40,81,52,30,13,1,1
31.98,2,5,12,52,6,11,4,3
31.985,2,1,16,31,23,12,6,4
31.99,11,20,68,62,95,21,3,5
31.995,1,0,42,9,71,23,13,6
32,5,16,6,35,38,1,4,2
32.005,1,6,45,1,5,5,1,0
32.01,1,5,79,111,100,10,5,1
32.015,4,2,32,43,26,29,18,12
32.02,3,15,85,86,2,9,3,1
32.025,1,4,76,25,35,21,6,2
32.03,0,3,44,6,16,22,7,5
32.035,10,15,10,67,39,21,7,1
32.04,9,17,13,69,24,5,4,3
32.045,6,8,73,127,23,6,9,6
32.05,5,11,81,72,17,12,6,4
32.055,10,35,98,91,9,15,5,0
32.06,4,2,40,13,5,5,0,2
32.065,5,15,8,28,81,27,11,3
32.07,1,1,10,65,26,5,5,7
32.075,12,17,59,16,33,27,26,15
32.08,3,10,55,27,25,1,1,5
32.085,2,2,1,11,1,1,7,3
32.09,1,8,20,9,52,7,4,9
32.095,6,7,29,56,38,0,5,3
32.1,9,30,29,76,87,4,2,19
32.105,3,2,51,75,3,7,55,66
32.11,24,15,28,25,3,11,85,74
32.115,10,13,23,12,34,5,10,28
32.12,14,16,57,62,1,12,29,16
32.125,0,4,35,7,49,8,7,41
32.13,2,16,17,17,25,10,13,28
32.135,2,10,8,19,26,9,26,0
32.14,4,9,33,48,6,4,4,26
32.145,4,2,19,10,5,0,67,38
32.15,10,10,45,44,3,2,20,22
32.155,3,4,2,23,4,1,14,30
32.16,3,6,13,5,12,4,11,44
32.165,7,1,3,3,4,10,44,30
32.17,7,1,4,3,8,3,1,29
32.175,8,3,4,7,1,5,12,17
32.18,4,2,1,9,12,10,30,18
32.185,47,0,4,3,2,0,43,6
32.19,1,0,42,1,8,13,35,33
32.195,4,3,7,19,17,7,42,39
32.2,43,11,8,3,18,9,82,72
32.205,36,9,1,5,5,18,12,12
32.21,11,14,9,1,6,22,79,86
32.215,25,8,6,3,1,1,17,2
32.22,6,6,14,0,1,13,53,81
32.225,12,4,10,10,10,16,54,76
32.23,6,0,8,1,5,13,49,33
32.235,15,7,1,1,5,29,47,5
32.24,22,0,1,1,2,8,63,54
32.245,22,4,1,4,0,11,19,21
32.25,7,10,5,6,17,10,49,7
32.255,3,3,1,0,19,3,4,2
32.26,1,3,4,5,1,1,28,17
32.265,3,1,19,2,8,5,1,10
32.27,6,8,9,4,5,8,111,35
32.275,18,14,14,5,9,3,47,36
32.28,13,12,8,31,0,7,29,26
32.285,14,7,19,7,11,10,5,5
32.29,0,4,5,12,9,1,15,69
32.295,7,10,4,1,4,13,47,8
32.3,23,19,3,1,10,25,94,45
32.305,5,2,21,4,5,8,29,3
32.31,5,4,4,3,3,9,30,9
32.315,4,4,23,10,2,2,9,2
32.32,1,7,3,10,6,5,22,19
32.325,4,7,2,5,2,5,19,25
32.33,7,6,4,7,11,1,13,12
32.335,3,5,1,27,28,10,3,1
32.34,1,3,3,16,9,1,11,2
32.345,0,9,5,10,2,3,13,1
32.35,1,5,7,18,3,5,11,10
32.355,1,4,13,27,18,2,10,0
32.36,4,3,20,15,1,4,1,8
32.365,6,11,55,87,1,10,3,24
32.37,1,3,20,7,8,6,3,0
32.375,3,1,2,6,6,5,17,1
32.38,0,6,15,14,6,3,3,13
32.385,1,7,10,27,11,6,5,8
32.39,8,14,22,3,4,4,2,5
32.395,1,0,8,52,11,5,5,9
32.4,2,0,8,11,11,5,10,5
32.405,2,0,8,19,6,1,2,6
32.41,1,10,17,18,5,1,5,3
32.415,1,9,9,24,5,5,2,1
32.42,2,12,41,37,45,13,2,0
32.425,11,21,2,32,27,6,8,7
32.43,0,5,27,86,21,1,4,4
32.435,1,4,39,62,7,2,0,3
32.44,1,6,13,54,11,3,3,1
32.445,1,2,49,39,2,2,2,3
32.45,3,2,1,16,13,1,3,1
32.455,5,8,12,32,10,5,4,1
32.46,3,5,22,3,4,3,5,2
32.465,2,5,13,10,8,1,0,4
32.47,2,3,14,2,4,4,3,2
32.475,3,4,0,20,1,3,0,1
32.48,4,15,19,14,0,2,5,0
32.485,9,2,16,18,2,2,1,3
32.49,6,2,51,45,25,0,1,1
32.495,6,10,64,69,40,6,1,3
32.5,13,30,58,76,50,2,2,5
32.505,0,2,26,39,10,3,4,6
32.51,7,3,69,22,7,12,16,21
32.515,5,7,43,24,7,7,11,8
32.52,10,22,32,26,14,7,7,7
32.525,2,6,59,23,14,12,7,5
32.53,5,5,67,25,3,25,16,11
32.535,8,20,61,23,13,10,11,11
32.54,4,10,55,70,9,14,4,1
32.545,4,16,91,41,16,7,10,4
32.55,4,9,10,27,15,10,5,5
32.555,1,2,49,11,11,7,5,2
32.56,6,15,71,50,27,0,2,2
32.565,3,7,34,22,26,2,1,3
32.57,3,11,26,19,13,7,8,1
32.575,2,4,31,9,13,0,3,0
32.58,0,0,15,72,7,2,0,4
32.585,5,11,37,50,19,2,5,4
32.59,6,4,3,23,10,4,3,0
32.595,4,5,1,15,15,8,4,1
32.6,0,1,13,0,36,4,0,1
32.605,1,0,45,0,32,6,2,1
32.61,2,1,61,12,8,1,2,3
32.615,0,1,60,6,6,3,0,1
32.62,10,15,42,42,43,16,13,11
32.625,8,4,20,9,6,4,18,18
32.63,1,0,8,4,2,5,5,11
32.635,12,5,8,2,4,32,87,32
32.64,5,2,4,14,3,8,5,86
32.645,15,15,27,8,10,31,96,90
32.65,11,4,0,9,0,2,13,39
32.655,4,9,30,10,3,3,13,2
32.66,25,30,41,10,22,37,56,67
32.665,15,12,10,14,10,23,85,45
32.67,1,2,1,2,4,12,9,15
32.675,0,1,17,5,20,12,57,15
32.68,6,5,11,1,3,4,39,50
32.685,7,7,11,14,17,2,3,6
32.69,1,9,18,14,14,18,26,12
32.695,3,4,18,38,15,6,4,0
32.7,0,4,14,18,20,11,5,4
32.705,0,0,7,42,10,1,1,1
32.71,7,14,35,12,40,14,11,7
32.715,0,5,36,1,7,8,9,2
32.72,1,2,19,38,1,2,4,2
32.725,3,5,7,48,5,0,5,3
32.73,3,12,54,23,12,6,5,5
32.735,5,7,6,12,4,6,4,3
32.74,2,6,26,9,4,4,3,1
32.745,2,5,15,24,23,4,2,1
32.75,0,2,1,2,9,5,1,0
32.755,0,0,17,21,11,7,5,2
32.76,5,8,15,34,35,5,6,2
32.765,0,1,16,15,12,7,4,3
32.77,3,14,28,15,3,2,1,3
32.775,6,17,70,20,33,8,5,6
32.78,2,6,9,58,0,5,1,2
32.785,2,4,11,2,3,4,3,1
32.79,1,2,2,4,7,4,4,3
32.795,1,8,11,4,6,5,0,3
32.8,0,8,14,2,24,6,15,19
32.805,9,11,12,7,13,30,91,86
32.81,20,16,3,5,9,32,62,56
32.815,13,11,9,2,10,32,1,62
32.82,5,3,25,0,1,13,83,42
32.825,8,6,3,4,1,9,46,18
32.83,6,2,10,5,0,7,31,48
32.835,19,21,7,5,10,59,102,97
32.84,9,12,4,6,13,24,5,3
32.845,2,4,0,5,15,1,4,4
32.85,1,0,0,0,13,2,8,2
32.855,1,8,7,14,12,5,5,1
32.86,1,1,1,12,2,2,7,2
32.865,5,7,14,35,24,7,8,4
32.87,0,2,7,10,5,2,1,1
32.875,1,2,3,7,6,3,3,2
32.88,3,0,1,20,6,2,1,4
32.885,1,1,1,7,6,6,2,1
32.89,0,4,6,6,7,5,0,1
32.895,4,2,0,11,17,1,1,0
32.9,1,1,5,1,5,16,14,4
32.905,4,5,1,10,11,5,6,4
32.91,1,3,7,26,4,3,4,0
32.915,1,2,6,11,1,3,7,3
32.92,0,0,0,7,9,2,2,1
32.925,3,5,3,5,20,9,1,2
32.93,2,2,1,1,6,5,0,5
32.935,5,5,12,1,3,4,2,5
32.94,1,2,1,2,13,6,3,5
32.945,2,4,3,31,9,6,3,0
32.95,5,11,61,48,10,6,7,6
32.955,1,0,17,0,18,4,6,2
32.96,3,2,16,14,2,0,2,2
32.965,3,7,14,23,7,12,11,4
32.97,1,5,30,29,9,11,9,4
32.975,0,4,6,10,4,4,1,0
32.98,3,8,14,18,3,2,8,3
32.985,1,2,5,21,13,4,0,2
32.99,3,1,7,1,9,1,1,0
32.995,1,2,45,30,2,1,0,1
33,2,4,22,6,2,4,2,0
33.005,0,3,23,40,5,0,1,0
33.01,3,6,36,31,15,6,2,3
33.015,2,6,7,8,4,1,2,2
33.02,0,1,19,7,3,3,1,0
33.025,1,1,16,10,6,2,1,2
33.03,0,2,10,12,7,5,4,2
33.035,1,0,22,0,5,3,1,3
33.04,3,4,33,16,4,1,1,0
33.045,1,2,2,9,2,3,2,0
33.05,1,0,4,12,5,1,17,3
33.055,6,6,20,23,14,20,24,9
33.06,3,2,11,19,9,10,13,6
33.065,4,0,19,22,17,9,10,4
33.07,3,5,21,10,44,16,23,5
33.075,5,14,31,6,44,13,3,4
33.08,1,2,3,4,20,5,2,5
33.085,3,7,15,2,18,6,14,10
33.09,11,7,18,0,22,18,90,86
33.095,3,4,0,1,8,11,29,35
33.1,7,6,4,14,42,2,20,34
33.105,7,4,4,13,4,3,52,59
33.11,0,3,3,12,11,3,9,30
33.115,10,8,4,8,1,4,68,97
33.12,10,12,6,10,6,1,13,28
33.125,3,6,9,8,0,4,2,20
33.13,0,1,9,1,3,3,7,28
33.135,2,4,4,10,1,0,10,1
33.14,0,3,2,0,5,5,8,10
33.145,2,2,6,5,11,4,6,13
33.15,2,3,2,8,21,5,15,27
33.155,2,0,2,0,5,7,7,21
33.16,11,17,20,40,41,24,19,19
33.165,2,0,3,15,16,5,0,1
33.17,3,6,4,6,10,5,3,2
33.175,0,1,3,10,1,2,1,1
33.18,2,2,1,1,3,3,1,2
33.185,1,1,24,0,13,5,1,2
33.19,3,4,2,5,7,4,4,4
33.195,1,3,2,6,5,1,2,3
33.2,2,1,9,3,9,5,4,2
33.205,0,2,2,4,6,1,1,3
33.21,1,1,4,9,4,4,2,0
33.215,4,5,8,19,19,15,4,4
33.22,1,1,4,5,8,3,1,2
33.225,0,1,11,0,10,7,2,0
33.23,2,3,3,9,14,6,0,1
33.235,3,5,4,2,3,4,2,2
33.24,2,6,12,50,20,8,1,5
33.245,0,2,3,12,11,6,3,1
33.25,3,5,4,14,11,1,4,2
33.255,2,2,5,15,12,10,4,1
33.26,1,3,0,23,4,2,1,0
33.265,0,3,7,15,9,2,4,3
33.27,3,1,7,12,14,9,4,2
33.275,1,2,21,25,27,11,6,1
33.28,1,6,11,13,13,3,3,2
33.285,2,2,12,14,5,3,5,3
33.29,1,3,4,4,11,5,4,0
33.295,2,7,14,22,28,15,8,1
33.3,3,9,27,32,22,13,4,1
33.305,8,16,27,15,24,9,3,2
33.31,0,1,10,9,18,3,0,2
33.315,2,7,17,29,14,9,1,2
33.32,2,1,4,11,12,0,1,1
33.325,1,1,8,0,5,2,1,0
33.33,2,5,8,3,13,8,7,2
33.335,3,3,3,12,7,3,2,0
33.34,7,10,21,2,2,6,7,4
33.345,1,3,21,25,14,5,9,4
33.35,0,3,9,27,15,9,5,0
33.355,0,0,9,5,4,6,2,0
33.36,4,7,7,6,5,3,4,3
33.365,2,8,22,32,13,10,8,2
33.37,1,1,16,31,16,11,9,2
33.375,0,3,21,9,9,0,2,1
33.38,3,5,13,11,19,12,8,2
33.385,7,13,15,28,5,1,1,4
33.39,2,1,26,17,0,1,1,2
33.395,3,2,3,6,3,3,2,1
33.4,0,0,0,28,18,7,5,1
33.405,1,3,18,9,3,1,0,1
33.41,1,1,2,13,3,3,1,1
33.415,4,9,18,1,2,1,6,1
33.42,10,12,1,46,3,11,1,7
33.425,2,2,9,15,12,8,9,3
33.43,2,5,2,2,1,3,2,0
33.435,1,1,17,8,6,3,3,1
33.44,3,7,32,1,4,7,13,1
33.445,2,5,13,28,12,8,1,1
33.45,1,0,33,26,14,2,0,1
33.455,3,5,19,2,4,1,1,0
33.46,0,0,2,18,0,5,2,3
33.465,3,6,29,11,8,6,4,0
33.47,1,1,18,6,1,11,2,1
33.475,3,4,10,15,8,4,3,3
33.48,2,4,6,6,22,6,2,0
33.485,0,1,14,20,1,0,0,2
33.49,5,8,58,6,6,3,2,2
33.495,8,8,39,5,2,5,10,7
33.5,4,13,59,58,8,6,7,2
33.505,1,1,24,21,1,2,0,2
33.51,1,5,3,3,5,3,0,1
33.515,1,7,7,3,9,9,5,1
33.52,4,0,3,20,4,2,5,1
33.525,2,4,7,14,4,3,0,0
33.53,2,1,21,5,0,3,3,2
33.535,0,2,20,3,11,2,3,2
33.54,3,5,12,18,8,0,3,8
33.545,4,3,1,2,4,2,10,14
33.55,4,6,2,9,7,10,38,33
33.555,15,13,3,9,10,10,63,85
33.56,7,7,3,0,1,9,66,54
33.565,22,13,3,4,8,25,50,57
33.57,10,2,1,4,2,15,85,67
33.575,18,13,3,4,9,12,68,61
33.58,15,5,6,10,1,18,32,36
33.585,15,10,2,3,10,18,92,101
33.59,4,1,3,2,3,13,41,64
33.595,1,5,10,6,5,19,85,127
33.6,21,3,3,12,1,6,40,51
33.605,2,5,3,5,2,21,33,41
33.61,63,11,7,7,4,10,80,32
33.615,22,7,7,11,6,28,18,94
33.62,7,8,2,5,6,33,118,118
33.625,5,9,1,2,2,6,36,6
33.63,61,26,4,9,13,28,127,127
33.635,32,5,3,3,9,16,53,56
33.64,31,18,6,3,8,38,128,128
33.645,18,2,1,5,2,0,5,16
33.65,21,1,1,2,5,12,13,62
33.655,40,6,4,2,2,14,7,32
33.66,23,15,6,2,8,15,57,81
33.665,5,13,7,3,0,2,63,57
33.67,24,4,3,3,9,21,9,40
33.675,8,19,4,2,13,49,127,127
33.68,42,24,7,0,5,30,96,68
33.685,31,16,13,1,1,1,7,71
33.69,29,15,11,13,72,27,7,69
33.695,13,8,6,7,10,17,15,14
33.7,10,3,18,9,1,4,7,26
33.705,4,11,8,5,16,17,73,39
33.71,6,5,13,5,3,8,42,19
33.715,2,3,22,17,5,1,5,4
33.72,11,6,5,4,11,8,27,11
33.725,2,3,3,14,26,14,4,15
33.73,3,0,11,12,3,7,5,10
33.735,0,3,8,27,13,9,9,10
33.74,7,4,11,21,10,0,18,26
33.745,0,2,3,1,0,2,3,0
33.75,1,4,5,3,9,0,7,7
33.755,1,3,3,4,9,8,3,8
33.76,3,0,6,17,9,6,5,5
33.765,4,8,15,12,5,6,1,0
33.77,1,2,35,15,10,5,9,7
33.775,1,6,11,14,10,0,5,4
33.78,2,2,2,8,7,3,3,1
33.785,0,4,6,2,10,4,6,2
33.79,3,3,1,8,6,2,5,0
33.795,0,1,2,14,17,7,3,1
33.8,3,3,1,27,11,4,2,5
33.805,2,1,22,43,14,6,3,1
33.81,3,9,15,4,6,5,4,3
33.815,4,11,49,36,11,7,4,1
33.82,9,19,65,42,21,10,9,6
33.825,5,14,66,71,29,8,10,5
33.83,3,8,45,73,8,2,3,1
33.835,6,12,22,30,18,2,2,6
33.84,1,7,35,2,4,7,1,1
33.845,0,4,5,32,7,7,4,1
33.85,2,7,29,3,12,2,1,1
33.855,4,7,33,24,12,5,5,4
33.86,1,2,4,9,6,5,0,4
33.865,1,3,17,16,3,10,2,0
33.87,0,0,39,12,9,3,3,1
33.875,12,24,69,49,10,11,9,8
33.88,1,5,27,10,1,3,2,2
33.885,1,1,9,48,12,6,2,3
33.89,0,4,36,23,5,4,3,1
33.895,2,1,6,11,6,4,3,1
33.9,1,1,9,2,6,2,4,0
33.905,1,4,11,6,2,0,1,1
33.91,3,6,22,16,2,0,1,3
33.915,1,9,22,23,13,5,3,4
33.92,4,11,37,22,18,11,4,6
33.925,3,6,18,8,19,1,0,1
33.93,2,5,8,22,8,11,6,2
33.935,0,1,1,15,0,1,1,1
33.94,1,6,19,31,18,9,7,4
33.945,2,2,9,1,2,3,2,2
33.95,5,1,14,2,14,13,7,5
33.955,2,6,22,22,1,0,3,0
33.96,5,0,35,19,2,2,3,2
33.965,5,6,25,15,4,9,7,2
33.97,0,4,3,9,18,4,2,1
33.975,1,2,8,25,6,1,1,0
33.98,3,1,27,2,12,3,1,1
33.985,2,6,16,6,20,4,4,0
33.99,2,2,2,24,7,3,1,1
33.995,1,2,1,7,15,6,3,1
34,2,2,1,43,16,10,1,1
34.005,7,15,75,71,9,2,3,5
34.01,0,2,7,9,3,7,5,2
34.015,1,1,11,0,1,1,0,3
34.02,1,1,16,4,1,5,0,1
34.025,1,6,23,15,2,1,2,1
34.03,1,10,38,4,9,2,2,2
34.035,3,9,39,14,10,3,1,3
34.04,6,17,93,15,14,10,8,5
34.045,0,6,55,37,13,2,0,0
34.05,4,6,40,29,0,1,1,2
34.055,0,1,8,4,1,4,0,1
34.06,1,3,20,12,11,1,0,1
34.065,2,1,0,11,9,7,3,1
34.07,1,4,11,15,11,0,2,2
34.075,2,5,34,45,4,3,3,4
34.08,1,1,28,2,14,4,4,2
34.085,6,10,33,6,2,12,7,4
34.09,2,8,26,7,20,10,4,2
34.095,4,5,24,4,1,2,1,1
34.1,1,0,8,10,5,8,0,1
34.105,2,5,22,4,3,7,3,3
34.11,1,3,13,4,7,8,2,0
34.115,1,0,3,11,3,1,3,5
34.12,2,2,0,2,7,0,2,11
34.125,1,3,6,5,4,5,0,1
34.13,2,2,1,15,5,9,1,1
34.135,3,1,3,2,8,5,1,10
34.14,0,3,1,4,9,6,10,15
34.145,3,5,1,4,1,15,0,7
34.15,1,1,1,2,0,3,6,12
34.155,2,1,15,1,0,1,22,23
34.16,0,4,4,0,9,8,28,58
34.165,13,9,6,0,6,34,112,109
34.17,23,18,1,8,10,27,115,116
34.175,2,3,4,3,2,12,30,24
34.18,5,5,5,1,3,5,31,16
34.185,16,5,3,0,2,13,53,49
34.19,8,2,9,6,5,15,58,22
34.195,3,12,8,4,10,3,42,59
34.2,2,11,0,3,2,17,0,16
34.205,11,4,11,1,2,9,71,48
34.21,14,9,1,5,6,11,47,37
34.215,0,3,10,1,1,2,19,111
34.22,4,1,13,6,2,4,16,59
34.225,2,5,2,2,3,7,27,74
34.23,10,3,4,3,2,3,39,50
34.235,6,10,12,5,9,13,68,39
34.24,10,11,2,3,2,7,55,113
34.245,1,1,0,1,2,5,25,41
34.25,3,4,1,2,2,2,23,33
34.255,20,0,3,1,4,2,37,2
34.26,38,10,3,1,9,2,35,41
34.265,7,6,11,5,4,2,25,11
34.27,5,10,5,6,12,14,72,106
34.275,4,1,3,1,2,1,21,61
34.28,19,5,2,4,2,1,14,24
34.285,2,2,7,8,0,0,2,13
34.29,10,3,3,5,2,1,13,11
34.295,6,3,6,17,3,1,6,17
34.3,0,0,16,22,2,7,10,7
34.305,2,4,25,30,15,10,1,11
34.31,1,9,22,11,19,5,3,22
34.315,3,4,42,93,7,1,5,26
34.32,3,4,7,35,22,13,9,10
34.325,0,3,3,19,9,2,2,1
34.33,2,0,13,38,13,5,5,5
34.335,8,8,6,9,4,3,5,12
34.34,1,0,4,6,2,1,3,4
34.345,4,6,15,35,40,14,3,5
34.35,5,3,4,8,19,9,1,1
34.355,4,5,5,11,17,13,7,10
34.36,4,3,5,15,13,4,4,8
34.365,1,1,3,8,1,1,2,6
34.37,2,6,14,9,4,4,4,3
34.375,2,1,6,15,4,0,4,5
34.38,1,2,1,11,1,4,0,0
34.385,1,2,1,8,1,1,3,1
34.39,1,3,5,14,12,10,6,1
34.395,3,3,12,10,6,1,1,5
34.4,2,0,18,8,6,2,2,1
34.405,1,2,9,13,12,0,0,2
34.41,2,1,12,25,10,6,4,2
34.415,1,2,4,3,13,2,6,6
34.42,1,2,13,19,13,7,3,3
34.425,5,11,51,52,25,6,3,2
34.43,2,6,1,15,3,1,3,1
34.435,1,2,5,20,10,1,5,4
34.44,0,3,10,5,5,3,4,1
34.445,1,1,5,7,8,2,0,1
34.45,2,0,26,26,4,5,2,2
34.455,1,1,14,11,3,3,2,2
34.46,2,5,2,5,3,1,1,1
34.465,7,11,12,13,19,10,7,3
34.47,0,4,12,8,5,2,2,2
34.475,3,5,35,29,15,6,2,1
34.48,1,5,28,24,9,2,1,1
34.485,2,12,55,58,7,0,2,0
34.49,2,6,13,33,1,3,1,0
34.495,2,7,31,4,3,4,3,5
34.5,1,1,9,1,4,10,4,3
34.505,0,3,3,40,2,2,2,0
34.51,6,15,12,62,9,7,6,6
34.515,2,5,27,2,4,3,6,3
34.52,2,5,13,14,2,9,6,2
34.525,0,2,4,16,17,2,11,3
34.53,3,4,25,20,8,5,6,4
34.535,1,3,2,28,14,2,2,0
34.54,6,10,4,16,44,12,9,4
34.545,2,0,8,3,24,5,5,1
34.55,4,2,23,4,7,1,0,3
34.555,1,4,29,42,8,5,6,0
34.56,0,5,13,30,41,15,7,4
34.565,2,2,24,19,6,2,14,4
34.57,3,5,32,1,33,5,23,8
34.575,4,11,44,38,5,0,3,2
34.58,2,18,48,1,24,2,0,1
34.585,4,16,28,13,12,16,12,16
34.59,4,5,2,6,22,7,2,7
34.595,2,2,12,3,8,9,3,2
34.6,1,6,22,0,0,2,4,2
34.605,4,4,25,49,7,3,3,1
34.61,3,11,1,42,21,3,5,4
34.615,9,16,24,14,8,13,10,14
34.62,11,4,4,7,2,6,6,1
34.625,4,5,29,8,7,5,11,8
34.63,0,1,5,9,1,2,7,8
34.635,5,11,17,45,22,9,6,2
34.64,1,2,11,4,10,1,0,2
34.645,0,0,35,1,14,3,2,4
34.65,1,1,8,2,11,0,2,1
34.655,10,5,63,51,1,6,4,5
34.66,0,1,35,11,6,1,5,4
34.665,1,4,46,36,11,0,6,1
34.67,0,3,34,14,14,7,10,1
34.675,0,1,14,3,1,3,3,1
34.68,0,1,10,0,1,4,1,1
34.685,3,4,20,22,9,0,6,1
34.69,5,7,36,38,8,5,3,2
34.695,1,7,5,41,2,5,3,5
34.7,3,1,3,17,5,2,0,1
34.705,0,1,19,3,1,3,5,4
34.71,1,2,25,24,11,4,6,8
34.715,3,1,1,1,6,6,20,16
34.72,2,1,19,23,4,5,27,14
34.725,0,4,8,12,3,0,45,85
34.73,4,11,10,15,1,19,63,69
34.735,11,15,15,2,11,29,115,127
34.74,15,7,0,0,10,5,39,34
34.745,14,13,12,26,22,7,22,10
34.75,8,5,2,9,6,14,5,48
34.755,2,1,17,12,13,6,10,6
34.76,8,4,1,5,5,1,35,3
34.765,2,8,10,25,7,1,14,6
34.77,2,1,6,3,1,10,8,23
34.775,0,4,2,1,11,1,1,13
34.78,1,5,0,1,7,5,61,5
34.785,0,1,4,0,4,0,13,14
34.79,2,5,3,4,1,2,13,13
34.795,3,3,3,7,1,1,8,4
34.8,3,8,11,36,3,0,2,17
34.805,2,12,9,7,9,5,6,11
34.81,5,2,5,1,0,0,14,27
34.815,1,3,2,3,2,2,21,9
34.82,1,4,21,10,3,3,9,7
34.825,1,6,8,16,1,3,8,12
34.83,2,6,6,14,16,2,7,11
34.835,3,1,6,15,7,4,5,1
34.84,4,2,12,29,10,6,10,22
34.845,9,4,5,6,40,20,11,13
34.85,1,3,5,10,16,3,7,9
34.855,2,1,4,8,3,2,1,1
34.86,4,4,1,1,15,8,3,6
34.865,1,2,12,12,7,8,9,2
34.87,1,3,17,8,4,2,4,11
34.875,1,1,3,13,6,1,6,14
34.88,0,7,12,10,20,9,5,1
34.885,9,2,6,26,1,1,6,0
34.89,1,9,10,12,5,0,1,0
34.895,6,1,5,1,17,2,0,1
34.9,2,10,23,23,6,8,3,2
34.905,6,1,1,20,8,4,3,2
34.91,6,8,17,3,1,1,2,4
34.915,0,0,32,17,11,6,4,7
34.92,2,0,26,16,9,4,1,6
34.925,4,2,33,17,21,11,7,0
34.93,1,7,46,50,7,3,3,1
34.935,3,6,16,26,15,1,2,0
34.94,3,1,34,27,12,2,3,4
34.945,1,4,6,11,1,6,2,3
34.95,5,6,14,29,1,4,5,1
34.955,1,4,6,11,1,6,2,3
34.96,5,6,14,29,1,4,5,1
34.965,20,9,1,41,16,5,14,46
34.97,15,12,1,77,26,17,14,22
34.975,1,0,28,17,18,11,5,0
34.98,4,4,54,37,10,0,0,2
34.985,2,9,45,15,21,0,5,6
34.99,0,5,58,15,2,0,1,2
34.995,1,5,34,5,5,0,2,1
35,5,12,46,43,6,1,1,1
35.005,4,11,52,30,36,1,0,1
35.01,3,12,40,4,26,0,4,8
35.015,3,3,26,29,16,1,0,1
35.02,0,1,16,26,28,4,2,1
35.025,9,17,24,14,12,3,1,5
35.03,3,2,0,4,10,1,1,2
35.035,0,1,2,15,1,4,4,3
35.04,1,0,13,17,14,2,4,4
35.045,3,1,35,35,1,4,2,2
35.05,4,7,29,27,19,12,11,4
35.055,1,6,24,1,19,4,11,3
35.06,4,6,40,9,25,4,1,1
35.065,6,16,67,43,19,10,2,4
35.07,5,4,17,2,5,6,14,26
35.075,9,12,26,3,4,5,5,2
35.08,7,11,13,6,0,8,17,27
35.085,2,1,30,23,0,10,72,70
35.09,1,3,19,13,6,11,5,22
35.095,11,5,6,4,6,26,19,67
35.1,54,16,14,12,16,16,82,108
35.105,12,4,3,1,1,4,17,55
35.11,1,3,5,2,5,15,5,24
35.115,2,1,10,6,10,7,9,4
35.12,9,11,13,8,21,23,85,60
35.125,17,4,7,9,5,27,26,15
35.13,3,14,13,7,2,18,93,75
35.135,10,20,3,4,16,56,91,55
35.14,3,13,12,13,9,29,118,127
35.145,1,3,11,8,3,19,3,22
35.15,5,7,6,5,7,2,33,49
35.155,5,14,1,5,10,53,127,127
35.16,10,12,4,0,9,2,42,14
35.165,71,31,4,7,15,38,97,76
35.17,10,1,4,9,3,15,65,104
35.175,27,8,3,7,5,30,39,25
35.18,8,4,4,3,2,2,28,13
35.185,5,2,4,7,4,0,6,23
35.19,4,2,2,8,16,10,4,40
35.195,9,18,21,17,10,16,29,90
35.2,6,9,2,4,1,2,21,59
35.205,2,9,8,35,33,8,9,34
35.21,0,6,4,18,3,2,8,19
35.215,5,2,2,8,6,2,0,12
35.22,4,3,1,5,16,4,13,7
35.225,7,2,2,7,13,2,2,7
35.23,12,4,2,9,13,7,15,22
35.235,6,1,3,11,13,3,8,18
35.24,3,3,6,21,8,2,7,6
35.245,0,3,3,0,15,6,4,20
35.25,10,3,5,1,1,1,5,2
35.255,17,0,6,1,1,1,16,26
35.26,2,6,2,0,9,5,9,2
35.265,12,2,4,3,8,7,4,12
35.27,2,1,1,12,5,1,0,31
35.275,20,13,4,2,12,9,1,55
35.28,3,0,3,2,7,5,18,49
35.285,6,14,4,13,1,6,54,99
35.29,45,1,9,18,6,2,18,5
35.295,65,0,6,2,3,0,25,27
35.3,10,10,12,1,21,11,20,66
35.305,32,9,6,26,7,6,39,75
35.31,18,12,14,18,6,3,16,11
35.315,51,20,4,6,7,8,45,98
35.32,56,14,3,1,19,6,19,19
35.325,51,3,2,1,8,0,2,2
35.33,32,1,1,4,15,8,7,24
35.335,12,3,11,5,6,1,21,40
35.34,14,10,15,18,2,3,3,2
35.345,2,1,6,2,7,0,1,3
35.35,5,5,2,13,8,4,15,4
35.355,10,2,6,10,14,0,1,17
35.36,8,12,0,4,20,10,8,25
35.365,2,7,2,11,20,5,8,7
35.37,15,3,1,5,0,3,6,17
35.375,1,1,7,7,1,0,0,12
35.38,17,5,21,4,1,4,8,12
35.385,12,10,11,0,7,12,13,17
35.39,4,2,20,7,6,7,4,2
35.395,4,0,7,12,4,3,6,3
35.4,2,7,21,7,1,8,1,17
35.405,0,1,5,1,1,3,10,16
35.41,2,8,10,19,5,5,14,23
35.415,7,0,3,4,14,9,5,2
35.42,14,5,5,3,3,2,7,8
35.425,4,4,0,0,9,2,1,7
35.43,0,3,1,1,1,3,2,1
35.435,7,3,2,7,1,3,6,0
35.44,2,3,17,2,4,4,5,3
35.445,3,1,10,11,5,2,2,1
35.45,4,2,22,1,8,11,5,3
35.455,3,3,10,6,2,9,10,1
35.46,11,21,49,30,14,8,7,10
35.465,3,1,26,31,6,4,1,3
35.47,4,0,29,23,2,6,8,5
35.475,1,6,4,40,6,3,2,7
35.48,4,1,9,16,1,1,0,1
35.485,2,5,1,15,2,8,3,2
35.49,1,1,1,12,5,1,0,6
35.495,4,4,12,20,0,2,5,1
35.5,3,2,20,5,2,0,4,1
35.505,3,9,14,36,16,1,3,2
35.51,1,2,5,11,9,0,1,1
35.515,1,1,8,5,2,6,0,1
35.52,1,0,16,14,3,4,3,3
35.525,1,1,9,4,1,0,3,2
35.53,1,1,3,4,5,4,0,0
35.535,4,4,25,6,5,1,1,4
35.54,1,0,10,9,5,8,5,3
35.545,3,3,8,27,1,5,2,2
35.55,5,4,10,9,12,4,0,1
35.555,2,0,12,8,2,1,0,1
35.56,2,1,2,4,1,1,0,2
35.565,0,0,13,10,6,1,5,2
35.57,5,9,0,2,15,6,1,4
35.575,2,0,1,4,14,2,0,1
35.58,0,2,2,4,1,3,2,2
35.585,3,4,24,9,6,3,3,0
35.59,0,3,4,4,5,3,2,1
35.595,1,1,1,0,1,3,2,2
35.6,1,4,1,5,3,4,3,0
35.605,3,2,1,1,1,2,1,1
35.61,1,4,17,24,9,7,7,2
35.615,5,11,39,24,11,8,5,3
35.62,1,0,2,6,6,2,4,6
35.625,0,5,2,1,1,3,2,2
35.63,1,3,7,5,5,0,0,0
35.635,1,6,13,10,8,2,2,0
35.64,1,3,18,4,9,0,1,1
35.645,0,2,14,2,2,4,0,2
35.65,1,4,12,10,5,2,2,1
35.655,2,1,2,11,4,6,6,4
35.66,3,4,2,10,7,4,15,2
35.665,0,4,6,5,3,5,1,3
35.67,0,1,7,1,4,13,23,13
35.675,2,0,1,7,2,3,10,19
35.68,2,2,2,6,2,5,12,18
35.685,2,1,6,4,2,10,22,21
35.69,1,4,5,3,0,4,31,20
35.695,3,5,5,3,8,9,37,9
35.7,14,4,1,5,3,36,101,68
35.705,8,5,1,1,6,7,15,10
35.71,0,0,10,4,3,6,17,3
35.715,3,3,2,1,5,5,4,9
35.72,2,0,5,5,2,2,2,2
35.725,1,1,1,1,2,3,10,11
35.73,0,2,3,3,4,2,9,5
35.735,5,2,1,2,3,9,31,19
35.74,0,2,7,4,2,1,10,7
35.745,1,2,0,1,0,4,4,1
35.75,6,2,2,2,3,1,0,1
35.755,3,4,8,1,2,9,18,11
35.76,13,12,17,3,2,2,34,11
35.765,10,1,10,9,1,6,71,66
35.77,3,6,12,7,4,8,4,34
35.775,9,1,1,1,1,4,14,25
35.78,4,2,6,7,4,12,66,12
35.785,11,10,7,5,6,6,53,46
35.79,1,1,5,2,2,1,4,32
35.795,3,1,9,7,2,2,7,18
35.8,1,2,10,2,4,1,0,7
35.805,5,13,0,5,7,2,1,5
35.81,1,4,6,10,11,6,9,13
35.815,4,10,1,2,3,0,9,14
35.82,2,2,6,2,0,1,6,10
35.825,1,1,0,1,3,0,6,13
35.83,4,6,10,2,4,3,5,6
35.835,2,3,2,1,7,5,1,2
35.84,0,1,3,10,6,2,1,4
35.845,3,6,1,3,1,0,6,13
35.85,1,4,3,0,3,2,2,0
35.855,2,2,8,1,6,1,4,0
35.86,1,2,4,1,2,4,3,3
35.865,2,2,8,4,7,3,7,4
35.87,3,3,1,8,6,8,5,0
35.875,1,2,11,6,2,2,2,8
35.88,1,2,15,2,1,3,1,4
35.885,1,3,6,17,9,8,0,4
35.89,1,1,7,17,4,9,2,0
35.895,1,1,3,2,1,4,0,1
35.9,1,2,11,4,7,2,2,0
35.905,3,5,7,8,5,1,1,2
35.91,2,2,5,3,1,4,2,6
35.915,1,2,9,3,2,5,2,2
35.92,7,11,22,17,15,2,1,2
35.925,2,1,10,2,4,13,3,1
35.93,3,2,5,32,2,2,2,1
35.935,1,0,10,16,8,6,4,3
35.94,3,4,4,3,11,3,4,2
35.945,2,1,1,3,12,7,3,2
35.95,4,3,7,0,11,5,3,2
35.955,4,1,2,2,13,3,0,0
35.96,1,6,10,18,6,2,5,3
35.965,1,10,8,41,32,13,5,0
35.97,2,2,7,0,10,1,1,1
35.975,5,3,3,6,2,5,5,3
35.98,2,7,10,8,18,2,5,2
35.985,0,4,8,20,7,2,1,0
35.99,0,0,6,13,11,3,0,2
35.995,1,3,2,14,15,14,1,3
36,13,25,42,42,40,20,6,2
36.005,0,11,7,22,38,19,1,4
36.01,4,6,20,30,17,1,1,4
36.015,2,1,32,38,1,3,5,4
36.02,3,10,16,25,23,6,1,1
36.025,0,3,4,1,7,5,5,1
36.03,3,2,11,5,2,0,3,1
36.035,4,4,7,9,9,6,1,0
36.04,1,3,2,49,5,0,4,1
36.045,0,6,18,9,7,2,1,2
36.05,0,0,18,10,14,3,2,1
36.055,2,6,14,9,11,4,1,0
36.06,3,6,44,4,5,1,5,1
36.065,5,7,35,1,1,3,5,1
36.07,3,6,48,34,20,17,9,4
36.075,2,1,17,6,1,6,6,0
36.08,0,5,6,14,12,9,9,3
36.085,3,4,9,1,2,7,5,2
36.09,3,2,3,20,3,0,2,1
36.095,2,2,13,4,6,6,4,1
36.1,6,10,20,13,13,2,7,4
36.105,0,0,13,14,1,3,2,0
36.11,1,7,16,13,6,2,2,1
36.115,1,1,5,2,7,7,4,1
36.12,0,1,60,21,19,9,7,1
36.125,0,2,22,9,12,0,2,1
36.13,6,13,24,53,14,1,1,2
36.135,1,1,8,9,1,6,2,1
36.14,1,1,20,4,1,1,3,3
36.145,0,2,3,10,16,0,3,3
36.15,5,10,14,11,17,9,5,5
36.155,1,1,73,17,8,3,2,3
36.16,4,5,18,7,1,4,3,10
36.165,3,5,18,4,15,2,9,10
36.17,3,0,6,14,8,0,0,10
36.175,7,6,12,5,4,5,2,1
36.18,4,5,4,5,5,0,3,16
36.185,2,0,0,8,1,5,8,14
36.19,2,1,11,4,6,2,3,17
36.195,24,15,8,1,15,31,65,104
36.2,7,1,6,1,1,1,6,3
36.205,3,0,17,5,7,7,9,20
36.21,4,3,12,7,10,12,46,26
36.215,15,9,10,4,4,39,127,127
36.22,37,28,16,5,28,92,101,112
36.225,3,2,11,15,2,13,71,43
36.23,4,4,10,9,0,1,18,13
36.235,9,8,5,4,1,46,74,45
36.24,6,1,4,1,4,5,56,66
36.245,6,5,6,2,2,21,61,69
36.25,9,2,2,9,1,0,13,25
36.255,1,5,1,6,9,18,14,1
36.26,4,7,1,2,0,26,18,27
36.265,16,1,3,6,4,12,6,20
36.27,8,5,6,9,1,4,50,67
36.275,6,6,5,0,13,12,22,20
36.28,3,4,3,1,3,3,9,32
36.285,2,0,10,1,2,5,1,5
36.29,0,0,3,3,8,4,2,9
36.295,6,7,16,6,2,0,1,4
36.3,1,4,13,2,2,3,2,12
36.305,0,1,1,3,0,1,7,7
36.31,0,4,6,2,1,6,0,7
36.315,2,2,3,2,3,1,2,3
36.32,1,2,1,5,3,5,0,2
36.325,0,1,1,11,6,2,3,6
36.33,2,4,17,8,9,3,2,1
36.335,5,6,10,14,12,0,4,6
36.34,1,8,5,26,5,4,1,2
36.345,1,2,8,18,3,0,1,1
36.35,0,2,2,8,2,1,1,2
36.355,1,2,7,14,14,6,1,2
36.36,4,1,13,7,11,1,1,4
36.365,1,9,2,3,5,4,0,1
36.37,9,18,27,38,8,0,5,4
36.375,1,7,7,13,7,4,3,1
36.38,1,2,16,5,0,5,5,6
36.385,0,9,35,25,11,7,3,3
36.39,3,10,22,15,27,11,4,3
36.395,5,19,64,46,1,4,7,3
36.4,4,6,52,5,22,6,1,3
36.405,4,15,22,21,25,6,1,3
36.41,8,24,73,18,22,8,4,3
36.415,6,24,30,27,0,7,1,5
36.42,3,5,21,34,0,1,1,2
36.425,2,8,12,58,7,2,4,0
36.43,0,2,3,13,0,6,4,2
36.435,4,9,19,12,2,0,1,3
36.44,4,16,35,6,4,1,1,2
36.445,1,3,22,18,5,8,5,3
36.45,4,14,6,5,7,3,4,0
36.455,2,13,2,19,3,0,3,2
36.46,3,3,10,56,3,1,0,4
36.465,7,16,79,1,9,4,1,2
36.47,8,0,1,2,15,5,2,12
36.475,5,6,19,30,22,5,5,5
36.48,5,3,13,14,32,3,1,6
36.485,8,13,88,50,13,8,4,4
36.49,7,13,57,24,1,2,2,4
36.495,1,1,2,11,2,0,4,21
36.5,2,2,17,27,20,2,3,5
36.505,4,4,11,21,23,7,4,17
36.51,0,8,41,14,8,5,3,13
36.515,9,1,3,21,12,2,4,3
36.52,31,12,9,11,12,5,7,26
36.525,5,16,19,39,21,1,6,2
36.53,13,7,40,39,9,5,5,6
36.535,19,33,47,6,8,8,8,14
36.54,18,5,20,20,10,2,1,23
36.545,3,12,21,21,13,4,6,10
36.55,31,3,10,28,28,6,9,47
36.555,8,14,30,22,13,8,15,21
36.56,43,33,3,2,8,28,42,102
36.565,21,2,94,56,13,2,2,31
36.57,40,9,2,10,16,16,17,27
36.575,66,15,30,3,57,19,7,17
36.58,3,4,4,22,52,7,29,51
36.585,21,12,48,1,6,0,9,7
36.59,20,18,9,72,25,3,16,32
36.595,2,7,5,18,26,2,2,18
36.6,16,0,15,8,12,4,6,18
36.605,10,4,8,5,3,2,6,19
36.61,10,0,33,20,36,0,21,10
36.615,18,4,1,17,1,11,37,26
36.62,25,17,34,13,7,5,14,37
36.625,28,10,51,41,20,8,10,36
36.63,1,10,98,25,20,1,9,2
36.635,10,5,26,4,2,1,6,12
36.64,6,6,13,2,14,5,8,14
36.645,1,3,24,6,6,4,4,2
36.65,5,10,15,28,18,6,1,4
36.655,2,3,4,13,3,2,1,5
36.66,11,11,3,49,19,7,16,9
36.665,12,25,46,14,23,1,3,6
36.67,1,4,10,33,28,4,3,2
36.675,6,0,14,8,15,4,5,1
36.68,9,11,32,2,7,4,24,18
36.685,2,7,30,16,5,1,4,5
36.69,5,0,4,11,4,4,3,4
36.695,22,11,13,3,12,11,10,10
36.7,3,7,18,17,8,0,8,2
36.705,17,1,3,5,2,4,15,19
36.71,6,9,12,14,11,4,15,22
36.715,5,10,28,11,0,12,41,31
36.72,17,1,11,9,2,4,11,86
36.725,49,14,12,9,8,29,16,8
36.73,14,9,21,6,12,33,67,78
36.735,9,1,6,4,4,2,78,59
36.74,41,7,13,8,5,24,66,28
36.745,6,5,3,5,1,8,71,55
36.75,13,4,20,3,8,31,83,7
36.755,26,19,12,9,21,66,53,93
36.76,60,15,29,14,4,1,39,30
36.765,85,6,13,2,12,23,32,71
36.77,29,3,12,7,10,1,27,13
36.775,2,8,14,11,3,6,14,35
36.78,17,12,9,3,7,19,48,53
36.785,71,4,4,3,2,8,47,3
36.79,49,7,9,4,4,5,69,68
36.795,2,17,3,59,63,42,5,10
36.8,43,24,16,1,25,2,16,76
36.805,6,10,36,4,3,7,7,4
36.81,21,10,99,15,9,9,1,45
36.815,35,12,50,14,22,11,10,22
36.82,71,25,15,14,7,6,33,23
36.825,12,2,24,48,9,3,7,9
36.83,2,7,0,12,16,13,6,8
36.835,6,9,21,12,8,7,11,0
36.84,19,12,56,7,6,6,20,37
36.845,13,6,28,24,13,3,14,81
36.85,38,15,17,0,9,0,4,19
36.855,0,5,3,14,3,3,0,3
36.86,27,3,2,25,6,7,2,15
36.865,11,6,6,4,31,14,12,19
36.87,25,0,16,15,4,1,14,2
36.875,33,8,29,15,11,7,4,5
36.88,68,11,15,9,4,5,13,39
36.885,77,28,8,5,1,9,20,41
36.89,41,2,13,2,10,2,8,1
36.895,15,11,2,6,2,1,1,11
36.9,19,0,3,14,8,6,6,8
36.905,60,6,2,16,5,12,11,25
36.91,5,13,42,12,3,2,3,13
36.915,34,0,12,9,5,3,5,4
36.92,12,3,7,0,8,4,14,22
36.925,10,7,2,2,7,2,5,9
36.93,46,2,7,8,11,2,9,6
36.935,18,7,13,5,11,5,3,8
36.94,4,12,20,3,4,6,3,3
36.945,2,2,12,39,8,1,1,29
36.95,9,6,10,20,26,1,1,10
36.955,14,1,13,0,11,6,0,9
36.96,29,6,8,13,15,8,11,29
36.965,23,10,27,50,10,1,1,3
36.97,16,3,14,30,19,1,2,7
36.975,17,7,11,22,5,0,3,35
36.98,15,1,24,8,16,3,0,28
36.985,19,7,13,23,10,3,3,13
36.99,4,8,23,37,33,9,2,2
36.995,5,16,61,61,4,10,5,5
37,1,1,9,15,2,10,7,3
37.005,0,7,27,29,19,6,5,4
37.01,4,7,7,17,7,10,8,4
37.015,2,6,36,24,19,1,4,1
37.02,2,6,1,19,7,1,4,3
37.025,13,19,20,38,28,20,10,10
37.03,6,8,16,14,9,6,4,2
37.035,7,5,26,43,7,4,4,1
37.04,2,4,10,24,0,1,1,3
37.045,2,8,23,6,11,6,1,1
37.05,2,5,36,8,25,7,3,1
37.055,4,15,91,38,4,4,11,8
37.06,1,3,28,0,3,3,2,2
37.065,0,7,16,5,0,2,2,1
37.07,4,2,28,3,11,6,2,1
37.075,6,3,15,9,8,8,7,12
37.08,20,6,28,32,6,8,8,0
37.085,3,2,43,8,6,4,7,7
37.09,4,11,69,7,6,1,5,3
37.095,4,2,22,29,1,2,2,12
37.1,13,8,26,27,11,6,6,17
37.105,20,3,24,4,25,10,3,4
37.11,9,1,21,13,9,8,6,16
37.115,41,2,16,23,9,4,13,23
37.12,38,8,9,58,6,1,5,75
37.125,6,6,29,26,12,3,8,11
37.13,17,1,47,8,43,7,3,8
37.135,3,12,15,40,45,10,12,46
37.14,26,17,16,57,44,11,4,16
37.145,7,2,24,4,3,0,2,19
37.15,2,3,37,20,23,1,14,41
37.155,25,8,56,38,16,1,15,59
37.16,57,20,5,30,4,6,24,61
37.165,26,2,18,13,3,6,7,47
37.17,14,1,1,45,1,1,2,20
37.175,13,7,4,1,23,9,5,2
37.18,11,7,12,10,28,8,4,29
37.185,9,4,8,6,16,8,6,1
37.19,16,3,12,5,16,1,5,11
37.195,2,1,56,69,28,5,0,1
37.2,15,6,12,28,8,0,7,36
37.205,13,2,15,31,3,5,3,23
37.21,12,2,13,40,10,8,3,18
37.215,26,2,6,38,23,14,6,21
37.22,20,1,18,71,29,0,2,25
37.225,9,11,21,28,9,9,7,19
37.23,11,1,4,4,2,7,2,2
37.235,7,7,28,21,18,3,6,20
37.24,17,12,23,19,9,9,7,19
37.245,4,0,18,4,15,5,2,5
37.25,5,3,13,29,19,2,4,0
37.255,10,9,49,14,1,8,14,17
37.26,23,3,14,14,4,3,0,19
37.265,9,2,1,4,2,2,2,6
37.27,2,1,15,12,18,0,4,6
37.275,4,1,17,24,8,3,1,10
37.28,2,5,26,18,2,7,2,13
37.285,1,1,10,29,10,11,4,3
37.29,4,3,11,17,7,5,1,6
37.295,6,7,29,6,2,3,2,5
37.3,6,7,10,14,4,7,6,4
37.305,3,4,8,6,2,3,0,0
37.31,4,4,16,2,7,3,2,3
37.315,9,5,3,12,17,4,3,4
37.32,6,4,3,9,18,8,10,12
37.325,3,2,8,7,13,1,6,3
37.33,5,17,56,55,9,10,8,7
37.335,4,2,12,2,7,7,6,4
37.34,3,2,9,13,1,1,14,23
37.345,1,7,17,9,1,6,50,10
37.35,4,9,5,17,1,5,77,60
37.355,16,6,9,10,3,6,31,18
37.36,10,7,0,2,5,3,23,59
37.365,21,13,7,2,10,3,101,111
37.37,24,8,1,1,8,23,5,120
37.375,16,19,2,7,16,43,99,103
37.38,0,4,7,11,3,11,42,41
37.385,8,14,2,10,8,63,101,127
37.39,79,36,4,1,21,79,73,98
37.395,44,12,14,4,1,6,20,117
37.4,15,6,1,3,3,14,89,34
37.405,7,14,9,5,1,25,109,73
37.41,35,12,1,1,13,13,37,37
37.415,5,2,20,7,2,5,46,51
37.42,9,7,7,3,0,9,18,16
37.425,23,4,3,3,1,6,93,64
37.43,6,2,7,1,5,10,29,32
37.435,53,24,18,11,4,13,107,8
37.44,60,24,5,6,23,25,80,81
37.445,31,10,1,3,5,10,19,19
37.45,13,13,10,11,22,5,10,31
37.455,6,1,2,3,17,1,32,53
37.46,13,18,12,4,12,19,28,41
37.465,13,4,9,8,12,9,28,10
37.47,23,1,14,25,9,0,12,17
37.475,0,1,17,14,21,2,4,7
37.48,6,1,1,7,6,2,5,15
37.485,12,1,7,33,7,6,2,0
37.49,14,7,4,12,6,6,5,15
37.495,2,3,2,9,3,4,1,2
37.5,0,4,5,12,9,4,2,1
37.505,1,3,28,40,9,0,2,3
37.51,11,4,5,12,5,3,6,8
37.515,11,2,19,2,19,0,7,5
37.52,14,6,2,30,30,9,2,3
37.525,1,2,1,8,15,0,5,8
37.53,4,3,6,25,1,0,3,2
37.535,2,3,12,4,4,4,2,8
37.54,3,0,4,2,6,2,2,10
37.545,1,2,6,3,1,1,3,49
37.55,21,9,12,14,4,5,7,7
37.555,5,3,2,26,2,0,0,4
37.56,4,10,23,35,0,0,10,10
37.565,1,23,7,7,7,7,2,5
37.57,15,16,18,3,9,7,1,3
37.575,1,6,3,3,5,3,4,0
37.58,9,4,29,33,3,1,6,1
37.585,3,25,12,14,5,2,3,2
37.59,14,22,37,6,19,4,0,7
37.595,2,17,35,4,10,8,3,7
37.6,4,17,19,41,22,4,3,7
37.605,4,2,7,17,1,1,22,11
37.61,2,1,5,4,10,4,18,12
37.615,7,20,6,25,3,2,11,10
37.62,4,6,5,49,25,10,6,5
37.625,1,2,4,3,4,4,5,3
37.63,1,1,3,6,11,1,1,4
37.635,2,4,1,5,0,2,2,1
37.64,0,2,2,8,0,1,3,8
37.645,1,2,3,6,1,1,2,1
37.65,5,1,6,5,3,0,1,2
37.655,0,0,6,12,10,9,7,4
37.66,3,8,1,32,42,15,4,2
37.665,1,2,14,8,8,0,1,5
37.67,1,0,2,20,7,2,2,4
37.675,0,3,0,2,2,4,3,1
37.68,3,3,5,18,5,2,0,2
37.685,1,2,10,5,6,1,3,0
37.69,5,13,18,6,14,3,1,4
37.695,0,1,9,15,1,8,3,0
37.7,2,7,22,16,29,13,2,2
37.705,0,2,39,0,37,5,5,5
37.71,2,4,18,13,0,4,1,4
37.715,0,2,39,0,37,5,5,5
37.72,2,4,18,13,0,4,1,4
37.725,1,6,5,17,5,5,8,4
37.73,8,47,11,13,6,2,4,2
37.735,1,10,6,7,4,1,15,17
37.74,4,5,4,5,7,3,5,4
37.745,2,3,16,4,11,2,4,5
37.75,9,6,1,0,18,5,3,2
37.755,3,6,1,14,12,0,7,8
37.76,2,5,3,14,6,6,3,4
37.765,5,3,2,0,0,0,13,13
37.77,3,2,7,3,1,2,7,0
37.775,6,2,2,1,0,1,7,3
37.78,1,2,4,0,0,1,11,4
37.785,0,1,2,2,2,2,1,1
37.79,0,3,6,1,2,6,2,2
37.795,0,2,1,0,3,2,8,5
37.8,1,2,6,2,1,5,8,0
37.805,0,3,10,4,0,0,2,7
37.81,4,5,1,5,4,5,14,18
37.815,0,4,5,2,6,3,3,2
37.82,1,3,13,7,2,0,3,1
37.825,0,1,4,5,5,2,1,0
37.83,2,0,6,5,4,4,1,0
37.835,1,0,7,4,1,0,3,1
37.84,3,2,11,2,7,0,2,3
37.845,1,1,0,4,14,7,0,5
37.85,1,2,4,4,3,0,2,0
37.855,2,4,23,1,19,4,4,3
37.86,3,5,0,30,2,4,2,3
37.865,1,2,4,39,15,6,0,6
37.87,1,1,4,44,8,6,2,2
37.875,3,1,14,18,7,5,4,2
37.88,5,5,14,19,17,6,0,2
37.885,0,4,11,25,13,8,2,1
37.89,5,4,3,7,11,3,4,0
37.895,2,1,7,3,7,3,2,1
37.9,2,4,13,41,31,7,0,1
37.905,1,0,10,8,36,10,1,2
37.91,1,9,31,20,10,5,8,4
37.915,0,2,17,34,11,3,0,0
37.92,4,6,3,26,61,17,6,1
37.925,1,1,8,24,0,1,1,2
37.93,1,4,2,36,27,10,3,2
37.935,1,0,7,2,4,0,2,2
37.94,1,5,41,44,23,3,2,3
37.945,4,1,8,67,31,0,0,5
37.95,1,7,22,13,32,6,1,1
37.955,3,3,2,5,6,1,3,1
37.96,1,1,4,9,8,5,0,2
37.965,3,3,3,12,24,6,5,1
37.97,1,0,12,2,17,5,2,1
37.975,1,0,5,10,11,8,2,4
37.98,6,9,12,33,37,12,9,6
37.985,1,4,19,4,5,6,6,1
37.99,1,0,4,13,9,6,3,1
37.995,2,2,11,3,0,0,1,4
38,0,4,17,0,2,1,2,1
38.005,6,4,19,3,4,5,12,19
38.01,0,0,5,10,3,14,14,19
38.015,5,2,9,0,1,2,49,13
38.02,13,17,30,13,9,24,95,77
38.025,6,5,3,4,5,2,32,2
38.03,1,2,2,2,4,8,12,14
38.035,5,8,3,5,4,14,48,79
38.04,3,5,5,13,1,14,45,94
38.045,9,4,3,6,1,2,18,17
38.05,12,9,1,2,8,25,83,107
38.055,6,13,69,54,10,7,6,2
38.06,1,4,22,3,10,2,3,2
38.065,0,3,47,36,17,2,3,2
38.07,4,8,4,15,8,13,7,3
38.075,2,4,2,28,4,1,0,1
38.08,1,1,10,4,10,7,9,5
38.085,1,1,20,10,9,1,2,0
38.09,5,1,16,3,1,0,1,1
38.095,1,3,5,16,10,4,5,2
38.1,1,4,17,19,7,2,0,3
38.105,2,7,19,8,15,5,6,6
38.11,2,3,3,4,34,1,2,0
38.115,1,2,2,11,16,7,2,0
38.12,3,5,31,3,20,2,2,2
38.125,4,2,38,7,3,2,2,3
38.13,0,2,38,8,11,2,3,4
38.135,8,7,26,8,16,5,4,5
38.14,4,5,44,24,11,7,4,2
38.145,0,1,13,4,3,1,1,3
38.15,1,0,10,5,2,1,2,1
38.155,2,1,10,24,5,2,3,0
38.16,2,1,17,27,4,1,1,1
38.165,1,1,9,19,7,9,7,3
38.17,2,1,20,2,6,5,0,1
38.175,2,5,18,14,11,9,1,2
38.18,1,2,9,0,11,4,2,1
38.185,4,7,11,21,17,1,1,2
38.19,1,3,28,29,3,0,1,0
38.195,2,2,11,5,16,4,1,1
38.2,2,4,36,7,19,9,6,2
38.205,3,10,55,12,5,8,6,3
38.21,0,2,15,21,15,2,1,1
38.215,0,0,11,1,3,4,2,3
38.22,1,0,3,7,13,0,1,1
38.225,2,3,9,21,5,7,2,3
38.23,5,4,26,8,2,5,5,3
38.235,0,3,14,4,4,2,3,0
38.24,2,0,12,17,6,1,2,3
38.245,2,3,27,19,8,1,1,0
38.25,1,2,43,10,1,1,1,2
38.255,2,1,8,3,0,1,1,0
38.26,0,1,19,10,2,4,1,2
38.265,4,2,5,2,2,7,7,21
38.27,7,7,15,11,0,16,64,29
38.275,1,3,3,2,0,2,12,9
38.28,1,2,6,5,6,0,4,7
38.285,3,2,9,6,3,8,44,21
38.29,1,4,13,9,2,3,40,2
38.295,6,8,4,1,0,13,51,85
38.3,14,8,7,2,8,28,48,35
38.305,3,0,1,4,3,6,5,14
38.31,1,0,12,9,2,4,54,48
38.315,1,2,2,2,1,6,21,9
38.32,6,3,0,1,11,19,43,48
38.325,8,8,2,2,7,1,25,55
38.33,3,0,12,11,2,4,31,9
38.335,12,12,7,8,5,6,3,7
38.34,0,0,2,2,4,0,10,27
38.345,3,2,17,0,1,1,8,3
38.35,3,2,12,3,3,1,4,47
38.355,2,4,13,2,3,1,3,1
38.36,3,7,11,11,4,8,29,2
38.365,7,1,8,4,5,4,11,14
38.37,6,0,0,6,0,4,1,8
38.375,4,6,21,22,9,8,20,21
38.38,5,2,5,4,4,1,1,8
38.385,3,5,3,11,8,3,11,5
38.39,10,9,8,5,3,1,2,22
38.395,7,7,0,9,2,1,11,9
38.4,0,1,7,5,3,4,14,42
38.405,2,2,1,9,1,5,7,21
38.41,4,5,20,3,4,0,3,6
38.415,1,1,13,4,1,5,14,15
38.42,2,5,17,6,3,6,9,12
38.425,0,1,3,3,4,1,6,9
38.43,1,4,0,3,1,1,6,23
38.435,3,4,0,4,9,3,12,5
38.44,4,12,11,5,11,7,7,7
38.445,3,0,1,12,6,3,0,3
38.45,1,3,0,3,0,3,5,9
38.455,2,4,1,6,12,11,5,7
38.46,1,6,4,0,5,2,10,11
38.465,1,1,8,27,10,2,2,2
38.47,2,4,5,2,6,1,2,9
38.475,1,3,3,11,3,3,4,2
38.48,3,4,3,1,0,3,3,4
38.485,0,4,4,4,1,4,2,3
38.49,5,6,7,4,21,6,1,3
38.495,4,7,12,8,1,0,2,3
38.5,1,2,1,0,1,1,1,2
38.505,0,1,2,4,6,2,2,4
38.51,2,3,4,0,5,1,1,1
38.515,0,4,5,9,8,7,0,5
38.52,3,5,13,11,13,5,2,4
38.525,6,10,14,21,36,15,4,2
38.53,3,2,4,13,19,3,1,3
38.535,3,7,13,12,6,9,11,4
38.54,0,3,9,0,9,7,9,3
38.545,0,3,0,15,14,10,2,1
38.55,2,2,10,3,11,5,4,4
38.555,2,6,8,7,11,1,1,2
38.56,2,13,1,6,24,9,2,0
38.565,10,27,27,46,98,27,4,2
38.57,0,2,4,7,28,4,2,1
38.575,2,2,0,4,17,3,1,2
38.58,0,3,6,11,8,0,1,0
38.585,2,9,12,39,27,7,0,1
38.59,2,5,3,15,23,5,6,5
38.595,1,0,2,1,8,4,2,0
38.6,3,5,1,8,18,4,3,1
38.605,1,2,19,44,2,4,5,3
38.61,1,3,35,15,8,3,2,0
38.615,4,4,6,0,10,4,4,2
38.62,6,11,66,30,25,11,5,7
38.625,2,7,26,17,0,1,1,1
38.63,5,7,32,0,5,2,3,4
38.635,2,4,1,3,1,4,4,4
38.64,2,2,31,1,3,1,1,1
38.645,1,0,7,13,1,1,0,2
38.65,1,4,20,19,12,6,1,0
38.655,20,1,16,9,3,1,18,28
38.66,6,1,4,14,3,10,32,53
38.665,19,8,2,0,0,11,49,38
38.67,27,6,0,4,6,19,43,18
38.675,7,3,4,4,2,4,42,46
38.68,13,11,12,4,9,1,4,14
38.685,1,2,11,7,0,1,6,8
38.69,2,3,9,6,1,4,10,12
38.695,1,3,4,5,3,9,7,4
38.7,0,5,1,3,3,3,6,2
38.705,3,0,4,5,12,4,11,11
38.71,3,1,18,8,4,10,16,5
38.715,4,12,25,15,27,10,1,14
38.72,0,1,11,3,7,5,9,4
38.725,0,3,8,10,4,4,0,3
38.73,1,1,1,3,16,2,4,1
38.735,2,1,1,4,7,6,6,9
38.74,5,2,2,2,3,0,6,3
38.745,1,3,4,10,11,2,2,5
38.75,1,1,4,3,4,4,9,6
38.755,4,1,5,14,1,0,4,9
38.76,2,9,18,79,30,13,1,6
38.765,6,11,63,57,1,4,4,7
38.77,2,3,18,12,19,5,5,0
38.775,1,2,18,4,11,0,1,10
38.78,6,0,9,9,14,5,1,19
38.785,5,1,4,10,4,8,7,3
38.79,10,6,17,9,7,8,2,0
38.795,1,5,38,23,6,2,2,3
38.8,8,17,72,40,6,10,6,5
38.805,4,1,6,2,7,5,51,60
38.81,11,7,11,11,2,21,91,83
38.815,34,26,7,11,9,12,118,114
38.82,47,22,10,9,14,37,98,64
38.825,23,6,7,0,1,7,4,25
38.83,28,2,28,7,0,6,4,5
38.835,4,4,1,1,0,9,9,6
38.84,7,5,19,5,4,15,36,6
38.845,1,2,23,14,19,25,0,6
38.85,2,5,1,1,23,37,0,4
38.855,12,5,11,3,5,4,13,45
38.86,1,10,8,11,6,1,12,67
38.865,27,8,6,7,2,1,43,82
38.87,69,2,23,6,8,21,75,113
38.875,45,14,5,2,16,41,99,102
38.88,32,6,7,7,4,4,44,48
38.885,17,7,16,5,6,8,58,90
38.89,45,20,10,3,11,12,34,66
38.895,8,0,1,3,1,7,6,2
38.9,7,8,6,11,4,6,26,2
38.905,1,2,1,16,0,2,10,43
38.91,45,14,2,6,15,12,0,70
38.915,21,1,4,28,3,0,8,11
38.92,31,2,5,1,4,4,0,9
38.925,4,7,9,4,6,7,7,9
38.93,80,13,3,15,12,4,12,42
38.935,7,1,27,26,2,3,2,5
38.94,1,0,22,19,5,5,3,1
38.945,5,6,26,27,23,9,0,3
38.95,4,15,23,21,38,11,4,1
38.955,1,10,64,47,6,4,3,6
38.96,1,2,28,19,7,4,1,2
38.965,0,4,9,2,1,7,6,2
38.97,3,2,14,38,15,17,8,2
38.975,1,1,29,93,3,6,3,2
38.98,2,0,8,29,9,1,1,3
38.985,1,1,29,93,3,6,3,2
38.99,2,0,8,29,9,1,1,3
38.995,17,7,11,11,4,1,2,16
39,4,9,8,1,7,8,9,24
39.005,10,4,1,28,7,4,2,23
39.01,11,8,0,9,19,10,10,12
39.015,1,10,64,47,6,4,3,6
39.02,1,2,28,19,7,4,1,2
39.025,0,4,9,2,1,7,6,2
39.03,3,2,14,38,15,17,8,2
39.035,1,1,29,93,3,6,3,2
39.04,2,0,8,29,9,1,1,3
39.045,5,1,6,15,2,3,5,4
39.05,5,13,43,22,13,5,1,4
39.055,4,4,0,9,7,0,3,1
39.06,0,3,7,29,2,4,3,3
39.065,2,3,9,42,9,3,3,1
39.07,1,5,6,27,4,11,2,2
39.075,3,2,34,57,10,6,2,2
39.08,1,9,21,31,9,10,1,4
39.085,6,10,21,6,10,6,9,6
39.09,5,6,35,34,2,6,1,1
39.095,3,4,17,11,1,5,6,7
39.1,3,3,1,1,3,1,3,0
39.105,3,5,22,21,3,4,7,5
39.11,2,1,7,16,4,1,1,1
39.115,1,1,22,6,10,0,1,1
39.12,2,3,18,7,14,1,0,0
39.125,3,4,2,25,21,13,19,1
39.13,2,1,2,7,3,0,21,0
39.135,6,2,1,13,3,5,26,17
39.14,3,2,11,8,8,23,17,5
39.145,2,3,5,3,4,23,2,5
39.15,3,5,11,1,4,16,20,10
39.155,3,1,6,2,5,12,14,22
39.16,4,5,13,16,5,14,13,7
39.165,2,3,7,1,5,5,19,3
39.17,0,0,1,5,2,1,20,1
39.175,3,2,4,15,11,3,22,3
39.18,2,5,1,7,2,10,23,11
39.185,13,3,2,1,14,22,28,17
39.19,6,6,6,5,0,19,12,3
39.195,0,0,6,3,10,6,11,47
39.2,3,3,13,1,6,14,3,39
39.205,17,9,2,7,8,28,61,106
39.21,18,17,6,1,4,29,19,83
39.215,9,2,2,7,2,14,55,79
39.22,12,4,5,3,6,20,41,77
39.225,60,19,21,7,6,1,41,64
39.23,6,1,3,1,4,19,83,69
39.235,10,5,5,2,11,34,51,100
39.24,4,0,2,2,6,10,40,6
39.245,10,4,8,0,5,17,76,11
39.25,44,3,2,2,2,10,16,25
39.255,33,6,5,1,5,11,38,44
39.26,21,0,1,2,1,3,25,9
39.265,5,4,4,10,0,7,20,38
39.27,25,2,1,4,0,2,11,2
39.275,14,6,3,3,2,0,17,13
39.28,18,4,8,12,2,11,18,16
39.285,1,4,4,12,0,4,23,23
39.29,13,4,0,2,11,17,51,29
39.295,27,4,12,19,1,13,73,20
39.3,12,1,7,3,2,9,9,10
39.305,5,2,2,7,2,3,20,2
39.31,7,3,17,4,3,0,8,19
39.315,15,1,2,1,1,12,46,11
39.32,34,4,2,1,6,8,34,20
39.325,3,8,2,6,1,0,3,29
39.33,7,1,3,8,0,4,8,1
39.335,4,10,10,6,23,9,14,4
39.34,10,2,6,2,18,4,13,2
39.345,1,4,4,5,17,1,9,8
39.35,16,1,1,22,4,3,12,3
39.355,13,2,3,13,6,9,32,11
39.36,3,2,7,6,7,3,7,1
39.365,3,9,12,21,34,17,6,3
39.37,8,9,13,14,37,12,8,4
39.375,1,5,5,17,33,12,15,5
39.38,11,21,22,41,29,20,1,6
39.385,0,2,4,15,32,10,7,2
39.39,3,7,7,33,32,13,5,1
39.395,3,8,19,4,18,0,19,4
39.4,0,1,1,13,2,7,2,3
39.405,6,2,5,20,8,3,3,5
39.41,4,9,9,22,28,20,15,6
39.415,4,13,26,22,10,10,9,2
39.42,3,4,10,4,12,4,3,1
39.425,1,8,13,2,2,1,7,1
39.43,10,13,27,43,75,32,5,1
39.435,7,2,15,26,7,2,1,4
39.44,3,1,7,1,2,3,3,3
39.445,12,4,12,17,3,7,3,10
39.45,2,3,11,13,14,1,1,2
39.455,11,8,2,12,9,0,14,14
39.46,18,5,1,0,5,5,3,13
39.465,42,8,19,5,5,4,3,10
39.47,16,3,1,7,0,4,3,37
39.475,2,8,21,11,10,13,13,33
39.48,6,4,14,7,1,4,2,7
39.485,13,2,19,2,9,10,7,11
39.49,1,1,15,6,43,7,7,19
39.495,1,10,11,6,67,16,3,10
39.5,9,13,6,32,38,8,1,2
39.505,6,10,17,27,38,8,3,7
39.51,4,1,19,8,9,3,4,3
39.515,3,4,22,40,6,1,6,15
39.52,0,1,20,6,21,7,3,5
39.525,11,2,6,13,19,8,6,0
39.53,27,12,4,10,23,5,7,18
39.535,7,9,5,16,11,6,13,36
39.54,2,5,10,11,6,3,1,10
39.545,34,12,21,9,12,6,6,4
39.55,13,13,12,8,24,7,8,7
39.555,7,0,7,4,11,3,1,12
39.56,15,6,1,5,17,6,2,7
39.565,9,2,5,15,17,2,9,21
39.57,5,1,15,24,19,11,9,2
39.575,13,6,18,3,3,2,5,4
39.58,14,4,21,33,4,1,5,10
39.585,21,10,0,27,15,0,2,5
39.59,0,2,28,20,11,2,1,5
39.595,1,5,26,6,30,7,2,11
39.6,3,3,11,20,14,8,6,4
39.605,13,8,4,49,18,6,4,10
39.61,2,3,8,4,10,1,3,3
39.615,16,7,1,13,7,5,8,11
39.62,12,6,7,2,1,3,3,9
39.625,9,2,2,22,1,2,2,2
39.63,9,1,2,22,4,1,2,7
39.635,3,5,11,8,4,4,3,1
39.64,7,5,2,19,10,0,2,8
39.645,4,1,19,25,7,1,4,0
39.65,1,2,19,1,4,3,2,1
39.655,2,2,5,15,5,5,7,5
39.66,7,8,16,14,23,3,1,2
39.665,2,2,28,45,9,2,1,1
39.67,0,0,5,7,5,3,1,3
39.675,2,3,18,30,0,6,1,0
39.68,3,3,22,13,0,2,3,1
39.685,7,1,16,7,1,2,3,3
39.69,3,6,31,21,2,1,1,3
39.695,1,5,10,35,11,0,3,2
39.7,1,1,11,15,8,2,2,0
39.705,2,1,7,4,6,5,1,4
39.71,1,3,24,15,6,2,0,1
39.715,0,1,13,7,7,9,5,6
39.72,10,15,40,51,9,10,9,12
39.725,2,3,53,13,4,1,3,1
39.73,3,4,15,18,4,3,4,0
39.735,3,1,10,13,1,2,4,2
39.74,1,5,19,11,3,3,3,2
39.745,1,1,0,6,8,9,7,0
39.75,1,1,4,4,2,5,14,11
39.755,3,5,1,16,3,8,1,15
39.76,4,0,10,8,4,2,14,20
39.765,1,1,4,11,3,3,0,14
39.77,8,6,3,5,2,13,76,78
39.775,16,12,21,0,3,16,80,103
39.78,1,6,29,13,10,5,31,41
39.785,4,3,15,10,2,15,33,45
39.79,7,11,1,2,5,10,8,30
39.795,3,2,11,10,2,4,77,64
39.8,21,13,20,12,12,23,128,109
39.805,0,2,2,1,0,3,3,39
39.81,11,7,5,1,5,10,55,44
39.815,8,6,3,1,2,7,45,27
39.82,1,2,6,5,0,4,15,32
39.825,10,7,1,0,6,16,25,41
39.83,0,2,0,1,0,1,8,6
39.835,10,5,1,2,1,6,3,48
39.84,11,10,7,3,5,8,41,52
39.845,6,3,2,1,2,3,23,13
39.85,10,2,6,6,2,18,49,46
39.855,3,2,3,8,2,11,52,19
39.86,4,2,1,1,2,5,50,10
39.865,15,9,4,3,10,7,37,44
39.87,5,3,4,1,5,8,28,9
39.875,1,2,1,0,3,10,16,1
39.88,10,5,1,3,1,0,4,9
39.885,4,4,3,3,2,1,4,11
39.89,0,0,7,5,0,4,6,14
39.895,8,2,3,2,6,1,2,6
39.9,4,0,1,4,5,11,22,5
39.905,1,1,3,8,1,2,4,8
39.91,1,5,1,3,0,3,16,5
39.915,0,1,9,1,0,2,6,6
39.92,1,4,0,0,0,3,8,7
39.925,2,6,4,2,9,6,15,2
39.93,1,0,4,1,4,1,5,0
39.935,3,4,4,24,27,11,16,1
39.94,1,8,8,24,21,14,1,3
39.945,0,4,6,6,33,16,8,0
39.95,3,2,5,16,1,6,16,6
39.955,4,7,11,40,18,14,11,10
39.96,1,2,20,11,16,9,1,1
39.965,2,0,17,39,9,6,9,3
39.97,4,0,26,8,37,20,5,4
39.975,1,1,11,25,7,1,0,2
39.98,0,1,7,21,3,5,4,2
39.985,4,2,17,14,32,8,4,3
39.99,1,6,12,29,29,6,7,4
39.995,3,1,27,5,23,5,4,2
40,5,16,14,7,77,49,21,6
40.005,2,4,2,63,57,11,4,7
40.01,3,10,4,63,5,7,3,1
40.015,5,4,32,10,67,4,1,1
40.02,9,19,43,62,76,10,3,4
40.025,8,15,2,19,53,19,6,6
40.03,10,22,42,58,93,32,10,5
40.035,17,36,66,103,96,26,12,8
40.04,3,10,24,0,21,5,0,3
40.045,3,18,36,61,43,9,2,1
40.05,4,4,4,7,47,33,9,4
40.055,2,4,66,34,6,4,2,3
40.06,5,2,33,73,17,7,8,1
40.065,16,13,1,9,6,7,33,86
40.07,34,20,1,3,18,64,128,80
40.075,21,7,1,7,1,20,19,50
40.08,0,2,3,10,8,41,103,112
40.085,63,13,4,2,5,17,11,26
40.09,17,6,2,8,11,74,103,128
40.095,3,1,16,5,4,3,2,10
40.1,1,3,8,1,3,7,18,1
40.105,0,2,7,2,2,0,16,7
40.11,6,7,10,1,1,1,13,11
40.115,2,2,9,0,4,4,2,6
40.12,1,2,3,2,0,5,13,0
40.125,4,7,0,9,11,1,0,21
40.13,7,5,5,10,4,11,31,31
40.135,3,3,11,4,6,4,18,4
40.14,1,1,15,3,4,1,12,10
40.145,3,1,6,5,6,3,5,11
40.15,5,9,6,1,9,9,21,21
40.155,2,3,9,8,6,5,8,14
40.16,2,0,27,12,7,2,7,2
40.165,2,3,11,2,10,1,1,8
40.17,1,5,19,27,7,1,10,7
40.175,2,2,33,38,1,12,7,0
40.18,6,13,6,17,19,9,1,6
40.185,5,12,36,27,18,10,5,11
40.19,2,1,5,5,5,7,19,13
40.195,1,4,16,28,11,8,0,5
40.2,3,8,23,15,17,2,1,3
40.205,1,3,9,7,12,11,5,0
40.21,1,3,16,7,1,0,5,6
40.215,3,2,11,8,13,5,2,3
40.22,6,11,21,8,43,12,3,2
40.225,5,16,8,28,42,25,3,5
40.23,2,8,14,20,29,7,4,7
40.235,2,8,14,11,19,17,8,0
40.24,3,2,16,31,21,5,1,5
40.245,4,6,4,1,11,1,8,7
40.25,0,3,9,21,5,2,2,3
40.255,1,4,17,7,10,5,0,3
40.26,1,3,26,26,13,0,4,6
40.265,1,3,6,18,22,5,1,1
40.27,2,4,19,85,11,2,2,2
40.275,2,1,2,10,14,2,0,3
40.28,2,2,2,3,0,4,2,2
40.285,1,2,13,9,7,2,4,2
40.29,2,1,4,25,11,1,1,1
40.295,3,11,10,4,20,12,5,7
40.3,2,4,28,22,5,15,7,1
40.305,2,3,3,0,4,5,4,3
40.31,1,0,9,13,2,5,2,0
40.315,1,4,33,25,3,3,1,2
40.32,3,9,20,20,4,0,2,2
40.325,1,3,11,30,22,11,10,0
40.33,3,4,15,16,13,1,0,3
40.335,5,3,6,16,18,8,3,1
40.34,5,10,20,61,11,9,6,5
40.345,6,4,28,0,3,10,4,12
40.35,3,6,1,8,21,2,1,10
40.355,1,8,24,39,4,4,2,5
40.36,0,7,20,20,17,8,0,0
40.365,0,1,45,18,26,1,7,1
40.37,1,2,7,0,7,5,3,2
40.375,5,3,28,32,5,4,0,3
40.38,6,5,10,2,24,0,8,9
40.385,8,16,19,37,25,16,20,14
40.39,3,4,33,4,15,0,10,0
40.395,0,1,19,21,1,1,2,3
40.4,1,9,82,54,7,9,3,5
40.405,2,9,60,50,13,8,6,7
40.41,1,4,15,25,0,2,3,5
40.415,2,6,30,13,7,5,10,1
40.42,3,2,14,6,1,0,1,18
40.425,5,6,14,12,2,1,8,22
40.43,4,10,6,4,21,6,4,4
40.435,3,5,15,32,21,6,15,11
40.44,1,2,12,2,3,3,2,3
40.445,1,3,4,14,11,2,24,19
40.45,6,5,12,1,4,4,9,1
40.455,4,7,13,24,12,26,18,6
40.46,1,1,2,7,9,20,57,50
40.465,7,9,11,11,2,6,27,26
40.47,22,16,39,16,8,22,101,93
40.475,10,8,23,15,12,11,83,104
40.48,2,1,4,7,6,24,91,4
40.485,10,8,1,12,10,42,23,53
40.49,1,5,12,9,3,9,35,15
40.495,3,0,2,2,4,9,35,80
40.5,14,7,10,7,7,6,64,33
40.505,36,10,10,13,6,38,127,122
40.51,41,10,14,16,6,47,90,91
40.515,21,10,7,3,1,5,6,13
40.52,27,7,3,3,2,9,37,118
40.525,36,6,7,11,1,20,2,6
40.53,22,13,4,1,4,19,127,124
40.535,47,22,2,8,6,11,72,80
40.54,19,1,7,12,3,29,54,55
40.545,9,5,5,8,1,3,14,14
40.55,11,4,9,3,2,14,9,37
40.555,5,4,1,4,1,7,27,36
40.56,3,2,2,1,3,17,58,7
40.565,19,15,15,11,12,35,116,79
40.57,5,3,7,6,5,10,20,46
40.575,7,1,1,2,0,5,1,17
40.58,3,0,1,3,1,4,2,15
40.585,6,0,8,0,2,0,10,47
40.59,7,7,1,0,1,0,10,11
40.595,4,5,5,6,7,5,8,1
40.6,7,1,10,3,11,5,21,56
40.605,6,2,4,10,7,6,4,31
40.61,5,6,4,5,3,1,6,11
40.615,3,4,7,5,4,2,1,11
40.62,5,7,14,2,2,4,9,1
40.625,5,8,7,3,5,1,11,11
40.63,4,3,2,2,2,2,13,16
40.635,3,0,0,2,2,1,4,25
40.64,3,3,2,8,2,1,10,2
40.645,10,2,9,2,2,11,10,43
40.65,6,4,9,2,1,1,7,6
40.655,1,2,2,5,3,3,4,21
40.66,1,2,4,7,3,5,5,1
40.665,0,2,2,13,4,0,1,0
40.67,4,1,18,12,2,1,1,11
40.675,7,2,9,8,0,2,5,0
40.68,2,10,5,10,7,12,16,0
40.685,1,0,16,14,1,0,2,2
40.69,4,2,10,19,8,6,8,4
40.695,0,4,4,24,7,5,4,12
40.7,2,0,0,27,4,2,5,19
40.705,6,13,6,16,5,8,15,1
40.71,10,2,3,3,12,5,2,23
40.715,3,5,3,7,1,1,5,0
40.72,2,1,13,22,7,4,5,6
40.725,8,7,34,33,2,3,4,5
40.73,5,5,8,38,23,11,3,14
40.735,2,4,12,0,16,2,3,7
40.74,4,4,0,14,0,4,1,0
40.745,2,1,6,6,4,3,6,5
40.75,7,1,10,20,15,5,5,9
40.755,6,6,32,38,4,3,1,0
40.76,6,6,16,26,12,3,3,6
40.765,2,1,39,20,6,3,8,2
40.77,4,0,9,18,4,0,3,7
40.775,3,1,18,19,1,0,2,1
40.78,1,2,6,7,8,6,7,5
40.785,0,3,15,2,22,8,1,3
40.79,1,1,7,4,6,5,1,2
40.795,6,2,5,7,5,5,3,7
40.8,0,4,16,7,5,3,2,1
40.805,2,3,7,15,29,8,1,2
40.81,4,7,1,3,26,11,9,6
40.815,1,2,5,4,7,0,4,3
40.82,1,3,12,19,3,1,2,2
40.825,2,3,11,2,1,3,6,3
40.83,0,1,6,31,7,3,4,5
40.835,3,8,36,34,13,11,11,4
40.84,2,4,24,30,6,8,4,1
40.845,3,6,3,23,2,12,10,7
40.85,3,3,22,44,21,1,4,1
40.855,1,4,22,30,1,1,2,1
40.86,2,6,10,19,4,1,3,2
40.865,10,20,106,51,19,15,10,6
40.87,3,7,55,32,20,3,2,2
40.875,4,6,1,23,19,7,3,3
40.88,4,7,49,2,14,13,3,3
40.885,2,3,13,13,7,2,1,2
40.89,3,7,63,42,2,2,2,0
40.895,7,14,84,57,11,10,7,7
40.9,2,3,2,2,18,9,1,1
40.905,0,7,48,23,9,1,6,1
40.91,1,1,32,21,15,6,1,1
40.915,4,5,58,8,13,7,5,1
40.92,4,10,25,24,27,4,4,2
40.925,1,5,47,28,16,4,0,1
40.93,9,18,18,62,9,8,13,11
40.935,7,14,7,14,16,8,7,5
40.94,10,19,26,41,43,9,6,6
40.945,10,18,105,13,24,5,3,6
40.95,2,0,49,4,2,1,4,0
40.955,0,5,61,37,7,4,4,1
40.96,0,3,29,100,41,14,10,3
40.965,7,15,0,46,22,3,1,3
40.97,1,0,5,6,18,7,5,2
40.975,4,4,45,16,23,9,6,10
40.98,3,5,9,20,7,13,9,7
40.985,8,1,12,5,7,7,13,5
40.99,16,13,13,11,10,12,14,22
40.995,13,12,11,8,10,8,29,23
41,12,2,17,0,3,0,64,2
41.005,5,2,2,4,6,3,16,19
41.01,18,11,3,2,23,19,27,75
41.015,1,4,0,1,3,1,26,49
41.02,2,5,2,6,29,11,27,25
41.025,6,7,1,4,35,4,20,37
41.03,10,18,11,4,32,3,5,24
41.035,5,15,8,1,1,4,3,28
41.04,6,6,8,1,0,2,29,29
41.045,13,14,3,4,8,2,1,25
41.05,2,5,2,3,20,5,2,14
41.055,1,1,0,21,28,2,15,12
41.06,3,3,1,0,8,12,18,12
41.065,0,1,6,1,6,1,0,3
41.07,5,5,0,4,1,1,7,2
41.075,2,3,4,4,6,3,0,1
41.08,3,3,7,4,7,6,11,20
41.085,3,2,3,2,1,5,8,8
41.09,3,4,3,3,2,2,5,10
41.095,9,12,12,7,6,5,0,9
41.1,3,3,9,4,10,4,8,3
41.105,1,1,3,3,2,5,1,14
41.11,3,4,1,2,6,1,0,8
41.115,1,3,3,1,0,1,3,1
41.12,3,2,1,3,6,3,4,10
41.125,1,4,1,3,7,6,9,5
41.13,1,4,1,1,1,5,3,6
41.135,8,4,3,4,7,2,2,4
41.14,1,4,1,5,9,2,6,11
41.145,1,1,5,6,4,2,2,13
41.15,4,3,11,5,17,7,4,1
41.155,2,1,1,11,12,10,6,15
41.16,2,2,8,37,4,2,0,0
41.165,0,2,3,22,3,1,2,4
41.17,1,6,18,42,16,5,6,3
41.175,5,1,8,25,6,0,1,8
41.18,3,3,12,6,5,3,3,3
41.185,2,5,28,8,7,1,1,4
41.19,6,9,24,2,6,0,6,12
41.195,3,4,5,12,3,1,1,3
41.2,1,0,6,1,11,1,1,2
41.205,1,3,17,13,23,5,2,4
41.21,5,2,9,4,5,4,1,3
