23.505,0,3,0,1,1,3,1,2
23.51,1,1,0,1,4,2,3,1
23.515,1,1,0,1,2,0,1,2
23.52,1,1,1,2,6,1,1,0
23.525,0,3,1,0,1,1,3,3
23.53,2,1,1,0,5,3,4,2
23.535,1,2,1,1,0,1,1,0
23.54,2,1,2,0,0,1,2,2
23.545,1,1,1,1,2,4,1,2
23.55,0,1,2,0,0,1,1,1
23.555,1,2,1,0,4,1,1,3
23.56,0,2,1,2,1,2,1,3
23.565,0,4,4,0,2,2,1,2
23.57,3,2,1,3,0,2,1,1
23.575,1,1,2,2,1,3,0,3
23.58,3,0,3,1,2,0,2,1
23.585,1,1,2,2,1,2,0,3
23.59,3,1,2,2,2,2,2,3
23.595,2,1,3,2,1,1,1,0
23.6,1,0,0,1,0,3,2,0
23.605,1,2,2,2,10,2,2,0
23.61,1,1,1,0,0,0,0,1
23.615,1,1,3,0,2,3,2,3
23.62,2,0,2,0,0,2,1,0
23.625,1,3,1,1,1,3,2,2
23.63,1,0,0,1,1,3,2,2
23.635,1,1,1,2,7,2,2,2
23.64,0,0,2,0,2,0,0,3
23.645,1,1,2,1,3,1,0,0
23.65,3,0,1,1,3,2,2,0
23.655,3,2,0,0,0,3,1,3
23.66,2,1,1,1,0,2,3,3
23.665,2,2,1,1,1,0,0,1
23.67,0,1,0,0,1,1,0,0
23.675,0,0,3,4,0,2,2,1
23.68,2,1,1,1,1,1,2,1
23.685,2,5,0,1,0,1,2,0
23.69,3,0,1,0,0,2,0,1
23.695,1,4,2,0,1,3,0,1
23.7,4,1,2,1,0,0,1,3
23.705,1,3,0,1,2,2,1,0
23.71,2,1,2,3,6,2,0,2
23.715,1,0,2,0,0,1,2,1
23.72,0,4,1,1,1,1,1,0
23.725,0,2,2,2,1,3,1,2
23.73,1,1,2,3,3,0,3,0
23.735,2,2,2,2,1,2,2,1
23.74,2,4,3,1,4,1,2,4
23.745,0,2,1,1,1,2,1,0
23.75,1,1,1,2,2,2,3,1
23.755,2,0,0,0,3,3,2,3
23.76,3,1,1,3,0,3,2,3
23.765,3,1,1,2,4,3,4,2
23.77,1,2,4,1,0,2,2,1
23.775,1,1,2,3,1,1,0,2
23.78,0,0,1,1,2,3,1,1
23.785,0,2,5,2,1,1,3,3
23.79,2,2,3,2,1,1,1,1
23.795,2,2,2,2,1,2,2,0
23.8,1,2,1,3,2,4,3,1
23.805,0,2,3,1,1,2,0,4
23.81,0,2,1,1,2,3,2,2
23.815,1,1,1,1,2,1,2,1
23.82,2,1,1,0,1,1,0,1
23.825,1,2,1,3,4,1,3,1
23.83,0,2,1,3,2,3,3,2
23.835,2,1,4,0,1,1,0,0
23.84,2,2,1,1,9,2,0,1
23.845,2,1,2,1,0,2,0,1
23.85,1,1,0,2,1,1,1,2
23.855,0,3,1,1,1,1,1,1
23.86,2,1,1,2,4,1,1,0
23.865,1,1,1,1,3,2,3,2
23.87,1,3,1,2,1,2,3,2
23.875,1,0,0,2,2,2,0,0
23.88,2,1,0,1,5,2,2,2
23.885,1,2,2,3,6,2,1,3
23.89,1,1,3,0,2,3,1,2
23.895,1,2,0,0,1,1,1,1
23.9,2,2,0,0,3,2,2,2
23.905,1,4,1,2,1,0,0,1
23.91,1,3,1,2,4,0,1,4
23.915,2,1,1,2,0,3,0,4
23.92,0,1,1,3,3,0,4,1
23.925,1,0,2,1,4,2,1,2
23.93,1,3,0,1,1,2,1,2
23.935,2,2,0,2,2,2,3,0
23.94,2,3,0,1,0,1,1,2
23.945,0,2,2,0,0,4,2,2
23.95,3,0,0,3,1,2,1,1
23.955,1,0,0,1,1,2,2,1
23.96,0,2,1,1,5,3,3,1
23.965,3,1,1,2,0,4,3,2
23.97,1,2,1,3,1,1,2,0
23.975,1,2,1,4,2,3,1,2
23.98,3,2,1,0,3,0,3,3
23.985,1,1,1,1,3,0,1,1
23.99,3,2,3,1,1,2,1,3
23.995,4,1,2,0,1,0,1,1
24,0,2,3,2,0,1,2,0
24.005,0,4,2,0,3,2,2,1
24.01,2,1,1,1,1,1,1,1
24.015,2,0,0,1,0,1,1,2
24.02,1,1,2,3,2,4,2,2
24.025,0,4,2,0,1,0,1,1
24.03,0,1,3,1,1,0,2,1
24.035,1,1,2,0,1,4,2,0
24.04,0,2,0,2,3,1,2,1
24.045,1,2,3,0,0,3,3,5
24.05,1,1,1,0,3,2,1,1
24.055,3,0,1,1,6,2,3,3
24.06,3,0,2,1,2,2,3,2
24.065,1,3,0,4,0,3,3,3
24.07,0,1,0,2,4,2,1,0
24.075,4,2,4,1,2,3,4,1
24.08,2,1,2,0,5,2,3,2
24.085,1,2,0,3,2,2,2,2
24.09,2,1,2,3,1,5,0,2
24.095,2,2,1,0,1,2,0,3
24.1,1,1,2,2,2,4,1,1
24.105,1,1,2,2,8,2,3,1
24.11,2,1,1,1,7,4,1,3
24.115,0,2,0,4,0,0,2,4
24.12,3,3,2,1,2,1,0,3
24.125,1,2,1,1,1,2,2,0
24.13,1,2,1,0,2,0,1,1
24.135,3,0,3,4,1,2,1,3
24.14,4,1,1,3,3,1,1,1
24.145,1,1,0,3,1,2,1,5
24.15,1,3,1,0,0,0,0,1
24.155,1,1,0,2,2,6,4,2
24.16,3,2,3,0,1,1,1,1
24.165,3,1,0,2,2,0,2,2
24.17,3,3,1,2,3,4,4,1
24.175,2,3,0,2,5,4,3,1
24.18,3,1,1,1,1,4,3,0
24.185,0,2,2,1,1,1,2,2
24.19,1,2,2,1,4,1,1,1
24.195,0,1,0,0,0,2,1,0
24.2,4,3,1,0,4,3,2,2
24.205,3,1,1,1,2,5,2,2
24.21,0,1,0,2,2,3,0,0
24.215,0,1,1,2,1,1,2,1
24.22,1,1,3,3,3,1,0,2
24.225,2,0,0,1,12,2,1,1
24.23,2,1,0,2,3,5,0,1
24.235,0,3,1,0,0,2,2,0
24.24,2,1,1,1,1,0,1,3
24.245,2,1,5,3,1,0,1,1
24.25,3,1,2,0,3,4,3,0
24.255,1,1,0,2,1,1,1,1
24.26,3,2,1,1,0,2,2,0
24.265,2,1,2,1,2,2,0,1
24.27,1,0,1,2,8,2,5,1
24.275,2,1,3,1,1,3,1,1
24.28,1,4,2,1,1,0,0,4
24.285,2,2,2,2,1,1,0,0
24.29,1,0,0,1,2,1,1,3
24.295,1,0,2,0,3,4,2,1
24.3,2,2,1,3,4,0,1,0
24.305,3,1,4,1,3,0,0,2
24.31,1,2,1,0,1,2,0,1
24.315,0,0,1,1,2,1,2,1
24.32,1,1,1,1,1,1,1,1
24.325,2,0,2,1,5,0,3,0
24.33,2,0,3,0,0,2,2,1
24.335,2,2,1,0,0,1,3,2
24.34,0,2,1,0,3,1,1,3
24.345,0,0,4,0,1,4,2,3
24.35,1,1,2,1,3,2,1,0
24.355,1,1,1,0,4,1,2,3
24.36,0,0,1,1,3,3,2,1
24.365,2,6,2,2,5,2,1,2
24.37,1,2,1,1,0,1,2,3
24.375,2,2,2,1,0,1,4,1
24.38,1,1,4,2,3,2,4,1
24.385,4,2,3,1,5,1,0,2
24.39,2,1,0,1,1,0,0,2
24.395,2,2,0,1,7,2,2,1
24.4,0,1,0,1,4,3,2,5
24.405,2,0,2,2,2,4,1,2
24.41,2,2,1,2,8,7,3,1
24.415,1,1,1,1,5,5,3,0
24.42,0,1,4,1,4,4,2,2
24.425,3,1,0,1,7,4,2,2
24.43,1,0,1,1,4,2,2,1
24.435,0,1,3,2,2,3,0,1
24.44,3,1,0,4,2,7,4,2
24.445,2,1,1,1,7,7,2,1
24.45,2,1,2,1,8,5,1,1
24.455,1,3,1,5,25,1,0,1
24.46,0,0,0,2,9,8,1,3
24.465,4,1,4,20,6,2,2,1
24.47,1,3,0,7,19,7,6,4
24.475,2,2,1,12,1,3,3,1
24.48,2,3,1,0,3,1,1,2
24.485,0,1,1,13,9,5,2,1
24.49,2,2,2,13,23,0,2,1
24.495,1,2,3,7,3,0,0,0
24.5,1,0,1,1,7,1,3,2
24.505,3,0,0,15,9,1,1,2
24.51,1,4,3,6,14,1,2,1
24.515,2,0,1,15,1,2,2,3
24.52,1,1,4,22,1,3,0,0
24.525,0,1,2,1,3,4,1,2
24.53,1,1,0,11,5,3,2,1
24.535,2,0,1,15,14,1,1,2
24.54,2,2,1,14,9,0,1,0
24.545,1,2,3,4,7,4,3,0
24.55,0,2,1,11,4,2,1,1
24.555,22,2,2,9,16,1,4,3
24.56,1,1,1,21,43,6,2,2
24.565,8,3,0,9,5,1,0,2
24.57,8,1,1,1,4,2,2,1
24.575,23,19,3,5,13,2,3,3
24.58,11,10,0,6,17,1,0,6
24.585,10,7,1,3,4,0,0,10
24.59,3,1,2,5,4,0,1,6
24.595,2,7,1,12,8,1,0,5
24.6,10,3,3,4,6,1,0,1
24.605,1,9,0,3,5,4,0,3
24.61,1,4,1,1,1,3,2,5
24.615,4,0,1,2,2,1,3,2
24.62,4,2,1,6,8,2,2,1
24.625,6,1,1,9,6,3,0,1
24.63,1,1,2,0,3,1,0,1
24.635,6,3,4,2,3,1,1,1
24.64,2,1,1,2,7,1,0,1
24.645,10,1,0,14,7,3,3,1
24.65,4,3,5,12,1,7,4,4
24.655,5,1,1,3,8,3,4,1
24.66,2,0,3,2,11,2,2,1
24.665,1,0,1,10,0,2,1,3
24.67,7,3,0,10,20,0,1,1
24.675,1,1,0,0,4,3,5,4
24.68,1,3,2,5,5,4,2,4
24.685,0,4,1,14,13,7,2,3
24.69,1,2,2,3,1,2,1,1
24.695,1,0,0,5,3,1,1,4
24.7,3,1,1,7,12,2,1,1
24.705,5,5,1,1,17,0,1,1
24.71,1,2,1,11,23,0,2,1
24.715,2,1,2,7,13,0,1,1
24.72,4,2,1,7,1,2,3,3
24.725,2,1,4,5,2,0,2,2
24.73,3,2,2,3,22,1,0,0
24.735,1,1,1,14,21,3,3,0
24.74,2,3,4,1,3,5,3,0
24.745,2,3,0,6,4,1,1,0
24.75,0,1,2,7,2,3,1,2
24.755,1,2,1,6,4,6,3,0
24.76,0,0,1,1,2,0,0,2
24.765,1,3,5,0,1,1,4,3
24.77,3,1,0,2,0,3,1,3
24.775,3,2,0,4,0,0,0,1
24.78,0,1,1,2,5,2,0,1
24.785,1,4,2,3,4,1,3,0
24.79,1,5,1,1,4,1,0,1
24.795,1,2,1,2,3,3,3,0
24.8,1,1,4,9,14,2,0,1
24.805,3,1,2,7,1,1,3,2
24.81,1,1,6,8,15,2,2,1
24.815,1,1,1,3,4,5,1,0
24.82,2,1,1,5,2,2,2,1
24.825,2,2,3,6,3,1,1,1
24.83,3,0,0,3,1,3,3,4
24.835,2,0,0,0,3,3,1,4
24.84,0,0,2,10,12,4,3,0
24.845,3,1,2,0,3,2,1,3
24.85,1,4,2,6,6,4,2,3
24.855,2,2,5,4,2,6,2,1
24.86,1,0,2,2,7,0,0,2
24.865,0,0,2,5,2,2,2,0
24.87,1,0,2,11,3,2,2,2
24.875,1,1,1,2,3,2,0,2
24.88,1,0,1,2,1,4,2,3
24.885,1,1,2,0,2,3,1,2
24.89,2,2,2,2,8,1,1,1
24.895,1,0,2,3,3,1,0,1
24.9,1,2,1,12,10,1,2,2
24.905,2,0,1,4,1,2,2,1
24.91,2,0,2,2,4,2,0,1
24.915,0,1,2,10,9,1,1,1
24.92,2,1,3,5,3,1,0,1
24.925,0,1,1,8,4,3,2,1
24.93,1,4,0,2,1,3,2,1
24.935,0,1,1,0,2,1,1,2
24.94,2,1,4,2,5,3,4,3
24.945,2,1,0,7,3,0,2,2
24.95,1,2,3,2,2,2,0,1
24.955,1,0,1,3,7,1,2,0
24.96,1,0,1,2,4,1,1,0
24.965,1,3,1,0,5,2,2,0
24.97,0,1,0,0,2,3,1,1
24.975,0,3,2,1,3,2,1,1
24.98,3,3,3,2,6,1,0,2
24.985,1,0,1,1,4,2,1,1
24.99,0,0,3,1,2,0,4,2
24.995,1,1,3,3,11,4,1,4
25,2,1,0,3,6,1,0,2
25.005,0,2,1,3,2,1,3,1
25.01,1,1,3,2,5,0,3,1
25.015,1,0,1,0,0,3,2,2
25.02,0,3,2,3,0,1,1,2
25.025,1,2,4,4,8,2,4,3
25.03,1,0,2,2,5,0,1,0
25.035,3,1,1,3,4,2,2,3
25.04,1,1,0,2,6,1,0,0
25.045,3,1,1,1,5,3,1,1
25.05,2,2,0,1,6,2,1,1
25.055,1,3,0,2,16,4,2,0
25.06,2,1,1,3,8,2,2,1
25.065,2,1,0,7,8,1,2,3
25.07,0,2,3,1,1,0,1,0
25.075,2,0,0,3,3,1,3,1
25.08,1,2,1,0,1,0,0,0
25.085,2,2,1,0,5,1,3,3
25.09,2,3,2,14,8,0,1,1
25.095,2,1,0,7,6,1,0,0
25.1,4,1,0,11,22,3,3,5
25.105,1,3,2,3,4,1,1,3
25.11,1,0,1,0,5,1,2,2
25.115,1,3,3,5,10,4,2,1
25.12,2,3,0,7,16,1,0,0
25.125,0,3,0,5,7,2,0,2
25.13,1,1,1,4,1,5,2,1
25.135,0,3,1,6,13,1,2,2
25.14,2,1,0,4,6,6,4,1
25.145,2,0,1,4,0,2,2,3
25.15,0,2,2,1,26,2,0,1
25.155,1,3,2,4,7,2,1,1
25.16,0,3,2,9,5,2,1,1
25.165,1,1,0,5,10,3,3,0
25.17,0,1,0,4,13,0,3,1
25.175,1,1,3,16,20,1,0,1
25.18,1,1,0,2,2,7,6,0
25.185,1,1,1,8,6,3,1,0
25.19,3,1,0,20,29,3,4,0
25.195,3,2,3,20,30,4,3,5
25.2,1,0,1,6,8,2,3,0
25.205,0,3,0,4,5,3,1,1
25.21,1,1,0,5,9,0,0,2
25.215,0,1,1,1,10,2,2,1
25.22,0,3,4,7,4,2,0,1
25.225,2,0,1,5,0,2,1,3
25.23,1,2,0,3,2,0,4,4
25.235,2,3,1,2,15,7,2,2
25.24,0,3,4,15,22,6,2,0
25.245,1,3,2,5,5,4,1,2
25.25,1,1,0,17,4,4,2,0
25.255,1,1,2,1,14,5,1,1
25.26,1,1,1,0,5,2,2,1
25.265,1,2,1,1,1,3,3,0
25.27,9,1,1,11,18,1,6,9
25.275,3,0,3,10,26,5,2,8
25.28,14,2,2,14,12,7,1,6
25.285,3,0,1,4,11,1,3,9
25.29,3,0,2,4,7,2,2,5
25.295,3,2,2,7,13,2,2,5
25.3,1,1,1,3,29,4,1,5
25.305,3,2,0,17,39,2,3,0
25.31,1,1,0,1,23,2,1,5
25.315,4,2,2,6,2,3,2,1
25.32,2,2,2,6,8,1,2,3
25.325,2,1,1,9,4,1,0,6
25.33,6,4,5,14,16,5,5,4
25.335,1,0,2,2,23,5,0,2
25.34,0,0,3,4,11,2,1,2
25.345,1,5,1,6,22,1,4,0
25.35,3,1,3,8,0,0,1,1
25.355,4,2,0,2,4,10,4,2
25.36,5,6,8,15,16,4,6,6
25.365,2,1,0,7,5,3,4,0
25.37,1,1,1,2,13,11,0,0
25.375,1,1,0,5,2,2,2,4
25.38,1,2,4,0,2,1,1,2
25.385,2,2,2,3,4,7,2,1
25.39,1,2,1,0,5,1,1,4
25.395,2,1,1,6,22,4,2,1
25.4,3,2,1,3,10,11,7,2
25.405,0,1,3,4,4,3,4,1
25.41,1,1,1,7,3,2,2,1
25.415,3,3,1,3,3,3,4,2
25.42,0,0,1,0,6,1,1,2
25.425,1,0,1,0,11,0,3,2
25.43,2,1,0,1,5,10,1,0
25.435,1,1,4,4,17,5,0,0
25.44,2,1,3,4,6,0,0,0
25.445,3,2,3,3,13,4,6,5
25.45,0,0,2,4,7,6,3,1
25.455,0,1,1,5,3,7,3,1
25.46,3,1,1,1,2,4,1,0
25.465,3,1,0,4,8,12,2,0
25.47,9,1,2,2,1,14,4,2
25.475,6,3,0,12,2,5,2,5
25.48,5,3,1,5,4,8,2,1
25.485,23,2,2,7,17,13,1,4
25.49,1,6,1,6,9,3,1,5
25.495,29,3,0,4,1,5,5,6
25.5,2,0,0,17,7,1,1,1
25.505,9,3,5,14,7,0,3,6
25.51,20,4,2,11,1,6,5,7
25.515,4,1,0,4,1,3,0,1
25.52,4,3,1,13,1,4,1,1
25.525,3,2,1,11,3,6,5,3
25.53,11,2,3,11,38,11,1,0
25.535,4,2,0,3,5,7,1,1
25.54,2,0,1,0,10,7,0,2
25.545,1,4,0,4,1,3,1,2
25.55,2,0,5,4,2,14,4,3
25.555,0,1,1,7,9,3,2,0
25.56,3,0,0,0,10,6,5,2
25.565,0,2,5,5,1,7,1,3
25.57,6,0,1,4,1,4,2,3
25.575,3,3,1,6,6,6,5,1
25.58,16,1,4,8,7,15,1,4
25.585,9,2,3,6,10,1,1,3
25.59,5,0,2,9,11,0,0,0
25.595,3,0,0,2,1,7,4,2
25.6,9,1,3,5,1,13,0,3
25.605,12,3,5,5,3,15,1,5
25.61,4,0,0,1,15,10,2,2
25.615,4,1,2,4,1,5,1,1
25.62,2,1,2,2,26,10,0,0
25.625,4,4,6,2,48,12,1,3
25.63,1,3,11,14,15,4,6,2
25.635,1,1,2,18,12,3,2,1
25.64,5,2,6,34,2,7,2,1
25.645,2,4,5,18,12,0,4,3
25.65,0,1,2,9,7,4,3,2
25.655,3,2,3,4,17,2,3,2
25.66,3,1,3,9,19,5,1,2
25.665,1,1,2,51,6,7,6,2
25.67,5,2,1,13,2,4,2,1
25.675,1,6,4,18,8,5,2,1
25.68,4,1,9,3,9,3,3,2
25.685,5,0,5,3,5,1,3,2
25.69,6,0,5,3,18,2,0,2
25.695,5,1,3,19,2,7,0,1
25.7,7,4,6,35,1,3,4,7
25.705,1,2,4,10,16,16,6,1
25.71,2,3,0,1,21,20,2,2
25.715,5,5,2,25,4,11,2,1
25.72,5,2,4,45,22,20,3,0
25.725,1,1,3,15,12,4,2,0
25.73,5,3,8,21,20,4,6,2
25.735,7,2,0,10,11,1,0,1
25.74,2,0,3,9,14,3,5,1
25.745,11,0,1,13,28,4,2,3
25.75,8,3,2,13,1,6,1,2
25.755,3,0,3,6,7,1,3,4
25.76,2,3,8,3,4,14,6,3
25.765,2,1,10,5,9,12,5,2
25.77,1,3,2,19,6,23,2,2
25.775,3,2,10,75,22,17,0,4
25.78,7,0,10,23,16,10,4,4
25.785,3,0,6,1,4,13,3,2
25.79,3,2,2,9,0,14,2,2
25.795,3,2,3,12,5,8,4,1
25.8,1,1,5,10,6,1,2,2
25.805,3,0,0,9,33,7,1,0
25.81,8,5,6,7,8,12,3,2
25.815,3,2,4,7,6,2,3,1
25.82,3,2,3,5,3,2,3,1
25.825,2,7,6,7,3,1,2,7
25.83,2,11,5,3,1,2,0,6
25.835,6,3,1,1,7,5,3,14
25.84,10,34,5,1,2,3,9,1
25.845,11,36,8,1,9,1,2,3
25.85,19,17,9,8,16,3,3,15
25.855,13,4,2,27,46,1,6,17
25.86,5,4,6,19,65,10,5,13
25.865,11,18,8,42,37,12,16,17
25.87,8,0,3,3,2,2,11,41
25.875,14,1,2,10,4,0,9,29
25.88,22,10,3,5,55,11,4,1
25.885,9,9,4,10,31,1,6,14
25.89,11,15,5,2,31,14,8,7
25.895,11,0,1,27,12,11,16,20
25.9,2,1,2,18,7,5,5,9
25.905,9,1,0,6,0,4,2,5
25.91,3,7,3,1,16,5,6,12
25.915,2,7,2,1,21,1,1,6
25.92,1,5,1,9,3,0,6,13
25.925,4,5,1,6,11,1,1,16
25.93,12,6,1,3,12,0,3,6
25.935,4,9,1,0,9,4,2,4
25.94,1,6,7,21,50,11,2,1
25.945,2,3,2,9,16,4,1,3
25.95,5,0,6,5,2,5,4,13
25.955,4,4,4,2,45,9,6,0
25.96,0,5,1,4,49,15,2,1
25.965,1,1,11,19,10,5,4,3
25.97,2,1,7,6,8,4,7,7
25.975,5,5,8,3,20,2,1,8
25.98,7,7,7,15,1,13,11,1
25.985,0,1,8,2,18,9,5,1
25.99,2,0,2,18,2,4,2,2
25.995,0,6,0,30,57,7,10,9
26,2,1,3,6,36,1,3,6
26.005,1,1,1,6,33,1,3,2
26.01,1,1,1,13,43,6,2,4
26.015,2,5,9,6,60,3,4,0
26.02,3,1,11,33,6,4,3,2
26.025,1,8,3,15,25,4,5,6
26.03,2,5,0,2,10,0,1,3
26.035,4,2,0,3,45,7,2,0
26.04,0,2,10,1,26,1,1,1
26.045,2,1,4,34,10,2,2,0
26.05,4,1,5,3,3,1,1,0
26.055,1,1,11,3,19,2,3,4
26.06,2,0,3,35,21,2,3,2
26.065,1,3,4,25,1,1,1,1
26.07,3,1,2,13,6,0,0,0
26.075,1,4,14,20,14,1,1,6
26.08,1,0,3,26,9,2,1,2
26.085,1,1,5,7,1,2,3,0
26.09,1,1,2,15,7,0,1,3
26.095,3,0,2,17,20,1,1,1
26.1,1,2,2,27,4,2,3,1
26.105,0,0,1,7,10,2,0,2
26.11,3,3,6,12,19,4,2,2
26.115,1,2,5,4,23,2,3,0
26.12,3,1,1,7,6,0,4,1
26.125,0,3,3,0,6,2,0,3
26.13,4,3,7,4,4,1,3,2
26.135,1,1,2,9,3,0,1,4
26.14,0,1,1,13,9,0,2,1
26.145,2,2,1,4,3,1,1,1
26.15,0,1,3,9,6,2,2,0
26.155,7,3,1,6,6,2,1,0
26.16,1,4,0,5,0,0,0,1
26.165,0,5,2,1,2,1,0,3
26.17,0,2,0,3,5,3,2,2
26.175,2,3,1,5,3,1,1,4
26.18,3,0,0,9,5,1,0,2
26.185,1,2,3,14,0,5,4,3
26.19,5,2,0,13,1,2,3,2
26.195,1,0,2,5,3,3,5,4
26.2,1,1,2,4,5,0,2,0
26.205,1,3,1,9,6,3,6,3
26.21,0,1,1,7,1,1,2,1
26.215,3,3,2,2,1,2,1,2
26.22,0,2,0,3,2,1,2,1
26.225,4,6,5,5,1,3,3,3
26.23,0,3,1,16,0,3,6,2
26.235,0,2,1,3,2,1,1,1
26.24,2,2,3,11,4,1,4,2
26.245,2,1,5,1,1,3,3,3
26.25,0,3,5,0,1,4,0,3
26.255,0,2,1,2,3,2,0,2
26.26,0,1,1,3,3,3,6,3
26.265,3,0,3,5,3,6,2,1
26.27,3,2,1,4,7,5,1,2
26.275,1,2,0,0,0,4,3,1
26.28,1,2,1,0,3,6,3,1
26.285,2,3,1,4,1,5,4,1
26.29,1,0,2,6,2,3,0,2
26.295,0,2,2,1,4,1,0,2
26.3,0,1,0,1,19,9,1,1
26.305,1,2,2,8,3,5,2,1
26.31,3,6,3,2,2,6,2,1
26.315,2,0,0,2,0,3,1,6
26.32,2,2,2,7,4,0,1,1
26.325,0,3,0,3,4,1,2,2
26.33,0,3,1,6,0,2,1,0
26.335,0,0,1,0,1,0,0,1
26.34,1,2,2,1,3,1,2,1
26.345,1,1,0,2,2,1,1,3
26.35,0,3,2,7,4,1,3,1
26.355,0,2,2,1,1,1,1,1
26.36,0,1,2,4,2,0,0,0
26.365,1,3,2,0,2,4,2,2
26.37,1,0,0,1,2,0,0,0
26.375,1,2,1,4,3,1,0,0
26.38,2,4,3,1,1,1,2,4
26.385,0,1,3,3,12,5,2,0
26.39,2,3,1,0,1,4,4,4
26.395,2,0,1,4,1,2,5,2
26.4,1,3,0,3,3,2,1,0
26.405,2,1,2,3,0,2,3,1
26.41,0,2,2,2,2,3,0,2
26.415,0,1,1,3,1,2,2,2
26.42,4,2,2,5,2,4,1,0
26.425,2,2,1,1,4,1,2,2
26.43,1,3,2,2,1,2,2,3
26.435,0,1,2,1,2,0,1,0
26.44,1,0,2,1,0,1,0,0
26.445,2,1,2,2,3,0,1,2
26.45,0,3,4,4,2,6,3,1
26.455,0,1,0,7,0,2,0,2
26.46,0,1,0,0,5,5,2,1
26.465,0,0,0,6,6,7,5,1
26.47,1,2,0,4,1,3,1,1
26.475,2,1,2,1,2,3,1,2
26.48,2,2,2,2,0,2,2,1
26.485,1,0,3,0,1,2,2,2
26.49,2,4,1,2,1,1,1,2
26.495,1,0,1,3,2,2,1,1
26.5,2,0,0,13,3,3,2,1
26.505,1,1,3,18,6,2,2,1
26.51,1,1,1,2,0,1,0,3
26.515,1,2,1,1,1,2,3,3
26.52,2,0,0,4,3,3,2,3
26.525,2,1,3,3,8,2,1,0
26.53,4,2,3,6,1,1,3,0
26.535,1,3,0,0,2,1,4,1
26.54,2,1,1,3,3,2,1,1
26.545,1,0,0,1,1,3,1,2
26.55,2,1,1,2,1,1,4,0
26.555,1,1,1,0,3,1,3,3
26.56,1,4,0,2,7,3,3,1
26.565,2,1,1,13,3,3,3,2
26.57,1,1,3,1,3,1,0,4
26.575,2,1,3,3,2,3,4,3
26.58,0,0,1,2,0,3,1,1
26.585,2,0,1,3,2,1,2,2
26.59,2,3,3,0,2,1,2,0
26.595,3,2,2,3,1,3,0,2
26.6,0,1,1,2,2,1,2,1
26.605,2,1,1,0,1,4,2,2
26.61,2,2,1,2,0,2,0,0
26.615,2,2,2,1,2,5,1,1
26.62,1,0,0,2,3,6,0,2
26.625,3,2,0,4,7,1,1,3
26.63,2,1,0,14,6,2,2,3
26.635,2,3,2,1,1,4,2,2
26.64,2,1,0,0,5,3,0,1
26.645,0,1,2,2,2,1,2,1
26.65,1,0,1,1,1,1,1,1
26.655,2,1,1,2,1,3,3,3
26.66,1,2,5,2,0,3,3,1
26.665,2,0,2,1,1,1,1,1
26.67,1,2,2,4,10,0,1,3
26.675,2,2,0,1,1,2,2,0
26.68,4,3,1,2,3,3,0,1
26.685,0,1,0,5,1,5,1,1
26.69,1,0,1,1,0,4,2,4
26.695,2,3,1,8,2,4,1,4
26.7,0,2,1,2,0,0,0,1
26.705,1,1,0,2,1,3,1,1
26.71,1,1,3,3,1,0,1,1
26.715,4,3,1,2,0,2,0,1
26.72,2,3,3,1,4,2,1,1
26.725,1,0,2,2,2,1,1,0
26.73,0,2,3,2,0,2,3,1
26.735,0,0,3,2,0,1,1,3
26.74,1,0,1,4,0,1,1,4
26.745,0,1,3,2,5,2,1,1
26.75,0,2,1,2,5,2,1,2
26.755,2,1,0,3,1,1,1,0
26.76,2,2,2,1,1,0,2,0
26.765,1,1,1,1,3,4,1,1
26.77,1,1,0,1,6,3,2,2
26.775,0,1,1,3,0,3,3,2
26.78,0,1,0,2,4,1,1,1
26.785,3,1,0,5,1,1,2,1
26.79,1,1,4,15,3,4,0,1
26.795,0,0,1,1,1,1,3,2
26.8,1,2,2,5,0,0,1,1
26.805,1,3,0,4,3,2,3,3
26.81,3,0,0,4,0,0,2,2
26.815,1,1,1,3,2,4,1,1
26.82,3,2,1,4,0,2,3,2
26.825,0,3,1,1,1,2,2,0
26.83,1,0,1,3,2,1,0,1
26.835,0,2,0,2,5,0,1,1
26.84,0,1,2,1,1,2,0,4
26.845,3,1,1,0,2,3,3,4
26.85,1,1,1,1,10,3,2,2
26.855,0,1,2,5,4,1,2,1
26.86,1,5,2,2,1,3,2,1
26.865,2,3,1,0,1,2,2,1
26.87,1,3,0,1,1,3,1,1
26.875,1,1,1,0,2,1,1,1
26.88,1,1,0,1,0,2,0,0
26.885,0,1,1,1,2,3,0,0
26.89,3,1,2,7,2,0,1,2
26.895,2,2,1,0,0,0,5,3
26.9,1,0,1,2,1,2,1,3
26.905,1,1,0,2,7,2,1,1
26.91,2,2,0,2,2,1,1,4
26.915,1,0,2,1,4,1,0,2
26.92,1,1,2,6,1,2,4,3
26.925,1,1,3,3,2,0,2,4
26.93,2,0,1,4,2,1,0,1
26.935,1,2,2,2,0,1,1,2
26.94,0,1,1,3,0,1,3,3
26.945,0,2,1,2,0,0,0,1
26.95,0,3,3,0,6,4,2,1
26.955,2,3,1,0,4,0,1,1
26.96,0,1,0,1,1,5,2,0
26.965,1,2,1,1,2,1,0,0
26.97,1,0,0,0,1,2,4,1
26.975,1,0,1,3,2,3,2,1
26.98,2,1,1,4,5,2,2,2
26.985,0,1,2,5,2,5,3,2
26.99,3,2,1,2,4,2,2,1
26.995,1,1,1,3,2,1,1,1
27,3,2,2,2,1,1,1,2
27.005,4,2,4,1,2,1,0,3
27.01,1,2,2,5,5,1,1,2
27.015,0,0,1,18,0,2,0,0
27.02,0,0,0,1,5,0,1,2
27.025,1,0,1,0,2,0,3,2
27.03,1,1,1,0,9,5,0,1
27.035,0,1,3,3,1,1,1,3
27.04,1,1,0,4,0,3,1,2
27.045,2,2,1,2,0,1,4,1
27.05,4,1,0,5,4,0,3,1
27.055,2,1,3,3,2,4,3,1
27.06,1,1,3,1,1,1,1,2
27.065,2,1,0,2,2,5,3,5
27.07,0,2,2,3,7,3,1,4
27.075,2,1,1,7,4,4,2,5
27.08,0,2,1,0,1,1,4,6
27.085,2,1,2,1,1,2,1,0
27.09,1,0,2,1,4,1,1,2
27.095,1,2,2,1,0,1,1,2
27.1,3,1,2,4,6,5,4,2
27.105,1,2,2,0,2,1,2,2
27.11,1,0,1,4,1,4,2,3
27.115,1,4,0,3,3,3,2,2
27.12,2,2,1,4,1,5,3,1
27.125,1,1,2,0,1,1,2,2
27.13,1,1,4,1,0,1,2,3
27.135,4,0,2,3,1,1,3,1
27.14,1,0,1,1,3,1,3,1
27.145,0,1,2,1,6,1,2,3
27.15,2,2,1,0,2,1,4,1
27.155,1,1,2,0,1,1,2,1
27.16,2,4,2,2,0,2,3,3
27.165,2,1,2,1,0,2,1,0
27.17,2,2,0,0,2,2,1,2
27.175,0,3,3,3,4,1,1,0
27.18,2,0,2,1,1,2,2,1
27.185,0,1,2,1,2,1,0,2
27.19,3,1,2,3,0,1,1,2
27.195,0,3,0,13,4,0,1,0
27.2,1,1,3,1,8,2,4,1
27.205,2,1,0,2,0,1,3,2
27.21,2,1,1,0,1,1,0,0
27.215,1,3,1,2,2,4,0,1
27.22,0,1,2,2,0,1,1,3
27.225,2,2,3,5,3,3,2,1
27.23,2,1,2,2,1,4,2,1
27.235,3,1,2,0,6,3,2,2
27.24,3,1,1,2,1,1,0,1
27.245,3,1,3,0,3,1,2,1
27.25,1,3,1,3,0,1,2,1
27.255,2,0,1,0,2,0,0,1
27.26,0,1,0,3,1,1,2,1
27.265,1,3,1,1,2,2,0,1
27.27,1,0,1,1,3,1,0,1
27.275,2,1,2,0,10,1,0,3
27.28,3,1,2,4,0,3,3,3
27.285,2,1,3,0,1,7,5,4
27.29,1,2,1,0,7,1,0,1
27.295,0,1,2,11,1,2,4,3
27.3,0,2,2,2,8,0,0,3
27.305,1,1,1,2,0,2,0,1
27.31,4,1,2,1,0,5,4,3
27.315,3,0,3,7,0,6,4,3
27.32,0,2,1,2,0,1,1,1
27.325,0,2,2,0,0,2,3,0
27.33,3,1,3,2,2,0,1,1
27.335,2,1,1,1,1,3,0,0
27.34,3,2,4,1,1,0,0,1
27.345,0,1,0,0,8,1,0,0
27.35,2,1,2,3,0,3,0,4
27.355,1,0,1,2,2,2,1,1
27.36,1,3,2,0,2,1,3,1
27.365,2,3,1,2,4,4,2,2
27.37,4,3,0,0,3,3,1,1
27.375,1,0,3,3,1,2,0,3
27.38,1,3,3,0,0,1,1,3
27.385,2,1,0,1,3,2,1,1
27.39,1,0,1,3,0,0,1,5
27.395,1,3,1,1,0,3,1,0
27.4,0,2,1,1,0,2,3,2
27.405,2,3,3,2,1,1,2,2
27.41,2,2,1,0,3,1,1,0
27.415,2,0,3,0,1,3,0,2
27.42,1,0,2,3,0,2,0,0
27.425,1,1,2,3,1,3,2,3
27.43,1,0,0,3,2,0,0,1
27.435,0,3,4,2,1,2,0,1
27.44,4,2,1,0,5,1,1,1
27.445,1,2,0,2,3,1,3,1
27.45,1,4,1,2,0,2,2,0
27.455,1,1,2,0,1,0,0,3
27.46,1,1,0,3,9,1,1,4
27.465,3,1,3,0,1,1,0,0
27.47,0,1,2,0,0,1,2,1
27.475,2,1,2,5,0,3,2,1
27.48,1,2,1,3,6,3,1,0
27.485,0,2,3,1,3,1,0,4
27.49,2,1,1,1,0,3,1,1
27.495,3,1,0,3,0,2,1,2
27.5,2,2,2,1,0,1,1,1
27.505,2,0,1,1,1,2,2,2
27.51,1,0,2,1,3,0,0,1
27.515,0,1,1,2,1,1,1,4
27.52,2,3,1,3,4,0,2,1
27.525,1,0,3,3,3,1,2,1
27.53,2,2,1,0,1,0,1,1
27.535,2,0,2,0,4,5,4,1
27.54,1,1,2,1,4,1,1,1
27.545,0,2,0,2,8,2,0,2
27.55,2,1,0,4,3,0,2,2
27.555,0,3,1,2,1,2,4,2
27.56,4,0,1,2,3,3,4,0
27.565,2,0,2,2,3,0,1,1
27.57,1,0,3,3,3,2,1,0
27.575,1,2,2,3,3,4,2,2
27.58,0,2,0,2,3,0,0,1
27.585,2,0,2,2,5,2,2,1
27.59,0,3,2,0,10,6,4,1
27.595,2,3,0,3,1,1,2,2
27.6,2,0,1,2,0,2,1,3
27.605,2,2,2,9,0,4,1,1
27.61,2,1,2,3,1,3,1,1
27.615,1,1,3,1,3,3,1,1
27.62,1,1,0,1,1,4,2,2
27.625,1,2,2,3,7,0,1,0
27.63,2,3,3,2,5,2,2,4
27.635,4,0,0,0,5,3,2,0
27.64,2,3,1,2,1,1,1,0
27.645,1,0,2,2,2,0,1,2
27.65,2,1,1,0,5,3,2,2
27.655,0,0,1,1,5,1,1,2
27.66,0,1,3,4,0,2,4,1
27.665,4,1,2,1,5,4,1,0
27.67,1,1,1,5,8,4,2,1
27.675,2,1,4,2,2,4,0,4
27.68,1,2,0,0,5,4,1,1
27.685,0,2,2,3,1,2,0,1
27.69,2,1,2,1,6,1,1,1
27.695,1,1,1,2,2,1,3,1
27.7,2,0,0,3,7,2,1,0
27.705,1,2,1,8,2,1,1,3
27.71,1,1,0,16,3,2,2,2
27.715,0,2,0,0,0,0,1,0
27.72,1,2,5,1,2,5,2,0
27.725,1,1,4,2,3,5,4,2
27.73,2,0,2,3,0,4,0,1
27.735,3,1,0,0,1,1,1,2
27.74,2,1,0,3,4,1,2,2
27.745,0,3,2,2,4,2,2,3
27.75,1,2,1,1,3,3,1,3
27.755,2,2,0,0,2,1,1,0
27.76,0,3,1,2,5,2,1,1
27.765,2,0,3,2,2,2,2,0
27.77,3,0,0,0,1,2,4,0
27.775,2,2,1,2,1,3,2,3
27.78,0,0,1,3,0,0,1,1
27.785,2,2,1,7,0,1,1,3
27.79,3,1,2,2,2,4,2,2
27.795,2,1,2,2,6,2,1,1
27.8,1,1,3,3,1,1,1,3
27.805,2,1,0,0,1,2,0,2
27.81,1,2,1,3,0,4,4,1
27.815,1,0,3,1,2,4,1,3
27.82,1,1,2,4,1,1,2,3
27.825,0,3,0,1,2,0,0,0
27.83,1,2,1,1,0,3,5,4
27.835,2,2,0,0,0,0,1,1
27.84,1,3,4,1,0,0,2,3
27.845,2,1,3,2,1,4,2,1
27.85,1,0,4,3,1,5,1,1
27.855,3,1,2,14,1,1,0,1
27.86,2,2,1,2,1,1,1,2
27.865,1,1,1,0,6,1,0,2
27.87,2,4,2,1,3,0,3,2
27.875,2,0,2,2,2,0,0,1
27.88,2,2,2,4,1,3,3,0
27.885,0,3,1,0,2,1,2,0
27.89,1,3,1,2,4,1,0,1
27.895,3,2,0,0,1,2,1,3
27.9,1,1,2,0,4,4,2,3
27.905,3,2,1,0,1,2,1,1
27.91,1,3,2,2,3,4,1,0
27.915,0,2,1,1,9,2,0,2
27.92,5,2,2,2,2,4,3,0
27.925,3,0,2,3,1,4,2,1
27.93,3,1,2,2,5,0,0,1
27.935,2,1,0,0,0,1,2,1
27.94,2,2,1,2,1,0,1,0
27.945,1,2,2,4,2,0,0,1
27.95,1,2,1,0,3,4,2,3
27.955,1,2,3,3,2,2,0,2
27.96,2,1,2,2,0,1,2,2
27.965,0,1,1,1,0,3,2,0
27.97,1,0,2,1,5,2,1,2
27.975,0,0,0,3,1,5,3,3
27.98,1,2,2,2,3,5,1,2
27.985,1,2,2,0,0,0,0,0
27.99,1,1,1,0,2,3,1,2
27.995,1,2,4,3,1,0,1,0
28,0,2,1,0,3,3,3,0
28.005,3,1,1,1,15,1,1,0
28.01,0,3,3,3,2,1,1,2
28.015,3,2,2,12,1,1,0,0
28.02,1,1,2,1,0,2,2,3
28.025,0,2,2,2,1,2,0,1
28.03,3,1,4,0,3,0,0,1
28.035,1,2,2,2,3,2,0,0
28.04,0,3,3,3,2,0,1,1
28.045,0,1,1,2,1,1,3,3
28.05,0,2,1,5,3,2,3,1
28.055,2,2,1,1,6,1,0,1
28.06,1,2,1,2,4,3,0,1
28.065,2,1,1,1,5,4,1,2
28.07,0,1,1,1,0,2,0,2
28.075,0,3,2,0,1,2,3,2
28.08,1,1,1,2,3,2,2,0
28.085,0,2,2,0,2,5,1,2
28.09,1,3,2,3,3,2,2,3
28.095,2,0,0,3,4,6,1,1
28.1,1,1,0,1,10,4,2,4
28.105,0,0,3,1,10,0,2,4
28.11,3,3,0,6,1,3,3,2
28.115,0,1,0,3,0,5,4,2
28.12,2,1,1,1,4,2,3,1
28.125,2,3,0,1,0,5,3,3
28.13,3,4,4,1,2,0,3,1
28.135,0,0,2,3,2,2,0,1
28.14,2,0,1,2,2,4,5,2
28.145,0,1,0,1,2,2,2,2
28.15,1,2,1,1,3,1,3,3
28.155,0,1,1,2,2,2,2,0
28.16,3,3,1,1,8,2,1,1
28.165,3,3,1,2,5,2,0,2
28.17,1,0,3,2,3,0,0,2
28.175,0,1,0,1,1,3,1,2
28.18,1,1,1,1,0,4,2,4
28.185,0,3,2,0,0,3,1,0
28.19,2,0,1,1,1,3,1,2
28.195,2,1,3,2,1,1,0,3
28.2,4,0,0,0,3,0,1,0
28.205,3,0,1,0,1,3,1,1
28.21,1,2,2,1,3,1,1,1
28.215,0,1,3,5,1,1,1,2
28.22,2,1,0,0,1,2,1,4
28.225,1,1,0,2,3,0,0,1
28.23,0,0,0,0,1,1,1,1
28.235,2,1,3,1,1,3,3,2
28.24,1,1,6,2,5,2,1,0
28.245,1,1,3,3,1,2,1,0
28.25,0,1,2,5,2,0,1,0
28.255,0,1,2,0,1,2,2,1
28.26,0,3,1,1,1,4,2,3
28.265,2,0,1,2,1,3,1,3
28.27,2,2,0,2,2,0,0,0
28.275,1,1,1,2,2,1,2,0
28.28,1,3,0,3,2,2,2,4
28.285,1,3,0,1,4,2,3,2
28.29,2,1,1,3,8,2,1,0
28.295,1,3,0,1,5,2,0,1
28.3,2,2,0,2,1,3,2,2
28.305,2,0,2,2,3,3,4,2
28.31,1,0,2,2,0,0,0,1
28.315,1,1,1,1,0,1,0,0
28.32,1,2,2,1,3,1,1,2
28.325,1,3,2,1,1,1,1,2
28.33,1,0,2,5,1,3,4,1
28.335,0,0,0,1,0,4,3,3
28.34,1,2,2,1,6,2,1,1
28.345,2,0,3,3,3,2,2,0
28.35,1,1,1,2,1,1,3,0
28.355,1,3,1,0,3,2,3,2
28.36,2,2,1,3,1,1,0,2
28.365,1,1,3,1,1,4,3,2
28.37,2,2,1,3,1,1,0,4
28.375,1,2,4,2,8,1,2,1
28.38,1,1,3,3,5,2,0,1
28.385,3,2,0,1,9,3,2,2
28.39,1,1,1,0,2,0,4,3
28.395,4,1,0,1,1,1,1,3
28.4,0,1,0,1,2,5,3,3
28.405,1,3,2,2,4,1,3,1
28.41,2,2,1,1,14,0,2,0
28.415,3,0,1,2,2,1,1,2
28.42,1,1,1,3,1,0,3,2
28.425,0,0,0,2,2,1,0,2
28.43,2,1,2,5,3,4,0,0
28.435,2,3,3,1,0,2,1,1
28.44,1,0,0,0,1,2,0,1
28.445,1,2,1,0,2,4,4,0
28.45,0,1,0,0,4,1,0,1
28.455,2,1,3,2,3,6,2,0
28.46,1,0,1,3,3,2,1,3
28.465,1,0,4,4,3,0,0,1
28.47,2,1,2,0,1,0,2,1
28.475,0,1,0,2,2,3,3,2
28.48,2,2,1,2,3,2,2,4
28.485,1,0,3,0,2,2,0,1
28.49,2,0,2,4,3,4,0,1
28.495,3,2,2,4,1,0,3,3
28.5,2,0,2,1,4,1,2,0
28.505,2,1,2,1,0,2,1,1
28.51,2,3,4,2,9,4,2,1
28.515,0,2,0,2,1,3,0,2
28.52,3,1,1,4,6,2,1,2
28.525,0,1,2,2,2,2,1,4
28.53,3,2,2,2,0,1,2,1
28.535,0,0,1,0,3,1,1,0
28.54,1,1,1,2,4,0,1,0
28.545,2,4,1,1,1,3,2,3
28.55,3,2,0,3,4,0,2,0
28.555,1,0,2,1,0,1,1,3
28.56,3,2,0,1,1,4,2,1
28.565,1,1,2,2,4,2,2,1
28.57,1,2,2,2,6,1,0,1
28.575,0,0,1,1,3,5,0,3
28.58,3,1,0,4,2,2,0,3
28.585,1,2,2,3,0,1,2,3
28.59,3,1,2,0,3,3,3,1
28.595,0,1,1,4,1,4,3,4
28.6,1,0,4,1,3,2,3,0
28.605,0,2,1,6,0,2,2,1
28.61,0,2,1,1,2,1,2,0
28.615,0,0,3,2,9,1,1,2
28.62,0,1,2,0,1,2,1,2
28.625,1,0,0,3,1,1,3,0
28.63,1,2,2,2,0,2,1,2
28.635,2,3,1,4,0,2,0,1
28.64,3,1,2,1,0,1,1,2
28.645,1,1,1,2,9,0,1,1
28.65,1,0,2,1,1,1,2,1
28.655,1,3,2,0,0,0,1,0
28.66,1,1,1,1,0,1,1,2
28.665,1,0,1,5,2,2,1,2
28.67,3,1,1,6,0,0,1,3
28.675,0,2,1,4,0,1,0,3
28.68,0,0,3,3,9,3,2,3
28.685,1,0,0,2,2,0,3,1
28.69,0,1,1,0,3,1,1,0
28.695,0,1,1,2,7,2,3,0
28.7,3,1,0,1,2,1,2,4
28.705,1,1,5,5,1,0,2,1
28.71,0,1,3,14,3,3,1,0
28.715,1,1,1,0,5,2,2,5
28.72,0,2,1,2,8,1,4,0
28.725,1,1,0,2,1,3,2,1
28.73,3,1,0,3,3,5,2,2
28.735,0,0,3,2,0,0,1,0
28.74,2,1,3,3,2,5,2,2
28.745,3,2,0,2,2,0,2,1
28.75,0,3,0,0,2,4,3,0
28.755,2,4,0,2,4,4,2,3
28.76,1,1,0,1,4,4,2,0
28.765,3,1,4,2,5,1,0,2
28.77,1,1,1,0,1,0,1,0
28.775,3,0,0,0,1,0,3,0
28.78,0,3,0,4,0,3,2,2
28.785,1,1,1,0,1,1,1,4
28.79,1,1,3,1,3,1,3,3
28.795,2,0,2,1,3,2,0,1
28.8,0,2,1,2,1,1,0,0
28.805,1,3,1,4,3,0,0,1
28.81,0,0,3,1,3,0,3,3
28.815,2,2,2,3,1,2,0,0
28.82,0,2,0,0,6,4,2,2
28.825,1,2,1,4,0,1,2,3
28.83,2,1,1,1,1,1,1,2
28.835,1,0,2,1,2,1,0,0
28.84,0,2,1,4,0,1,1,1
28.845,1,3,3,3,1,5,1,1
28.85,3,3,4,2,1,2,1,0
28.855,2,2,0,1,3,0,2,1
28.86,1,1,2,1,1,1,1,2
28.865,1,1,1,3,3,0,1,2
28.87,1,3,2,2,4,4,5,4
28.875,3,1,2,2,1,2,1,4
28.88,1,1,1,1,1,2,1,3
28.885,1,1,2,0,1,3,1,1
28.89,2,1,2,1,0,0,0,3
28.895,1,3,1,0,2,2,1,0
28.9,1,0,2,1,0,2,0,3
28.905,1,3,1,4,0,1,3,3
28.91,4,0,1,1,3,1,1,0
28.915,1,2,1,0,3,1,1,1
28.92,2,2,2,3,0,1,2,1
28.925,2,2,2,1,3,0,0,3
28.93,1,0,1,4,0,0,1,2
28.935,1,3,1,0,2,0,3,3
28.94,3,0,0,0,1,1,1,2
28.945,0,1,3,2,3,1,1,1
28.95,1,3,1,2,4,7,4,0
28.955,1,1,2,1,0,7,3,2
28.96,1,1,2,2,4,5,2,4
28.965,3,2,1,1,2,1,0,2
28.97,1,2,1,1,1,4,2,3
28.975,0,0,1,2,0,1,2,2
28.98,1,0,2,3,3,1,0,0
28.985,1,1,0,0,2,4,0,3
28.99,1,1,1,2,0,1,2,3
28.995,2,1,1,2,2,3,1,0
29,4,2,2,3,1,2,1,3
29.005,2,0,0,2,4,2,2,1
29.01,1,2,2,1,1,1,0,1
29.015,1,3,2,4,6,1,3,1
29.02,3,0,2,1,1,1,0,2
29.025,1,1,2,1,2,4,5,0
29.03,1,1,2,2,1,4,1,1
29.035,1,1,2,0,1,2,1,3
29.04,1,3,3,1,0,4,2,1
29.045,0,0,3,1,2,3,3,1
29.05,1,3,0,0,2,0,0,2
29.055,1,2,1,2,13,0,2,3
29.06,2,1,2,4,0,0,1,2
29.065,1,1,0,1,2,2,2,1
29.07,1,0,3,2,3,1,0,2
29.075,1,1,1,3,1,2,1,1
29.08,3,3,1,0,3,1,1,4
29.085,1,1,4,2,1,2,1,1
29.09,0,0,0,0,0,2,0,1
29.095,2,2,1,19,0,1,1,2
29.1,1,3,1,1,2,4,2,2
29.105,1,2,0,0,4,1,1,3
29.11,2,1,2,1,2,2,2,3
29.115,0,4,17,2,2,0,2,2
29.12,3,1,1,5,0,1,2,1
29.125,1,3,2,24,1,1,2,4
29.13,2,0,1,7,3,1,0,1
29.135,1,1,1,5,3,0,3,2
29.14,5,2,4,12,0,1,1,1
29.145,3,1,2,9,4,5,2,0
29.15,0,1,5,3,5,4,0,3
29.155,1,0,2,6,3,1,1,4
29.16,2,4,3,2,2,1,1,2
29.165,2,2,4,17,17,1,1,2
29.17,2,2,1,6,1,3,4,3
29.175,1,1,1,5,0,0,3,0
29.18,2,1,0,0,1,2,3,2
29.185,1,2,0,8,0,1,0,0
29.19,0,1,2,6,1,0,2,1
29.195,0,0,0,14,1,3,0,0
29.2,2,3,1,47,5,1,1,1
29.205,1,2,0,12,0,2,3,1
29.21,0,1,1,0,0,2,3,1
29.215,1,2,2,2,0,0,0,1
29.22,3,0,0,16,3,3,2,5
29.225,4,0,6,1,1,2,1,1
29.23,2,0,5,2,4,3,1,1
29.235,1,1,1,4,2,1,1,3
29.24,1,0,0,0,6,1,1,0
29.245,2,3,1,5,3,1,2,3
29.25,3,1,1,2,1,1,2,4
29.255,0,1,2,2,4,1,1,1
29.26,0,1,1,2,1,5,1,0
29.265,1,1,6,1,1,2,3,2
29.27,1,1,1,2,4,1,0,1
29.275,3,2,2,8,2,0,0,2
29.28,2,1,0,11,1,1,2,1
29.285,2,2,4,5,0,4,2,1
29.29,3,0,1,3,1,2,0,2
29.295,1,0,4,6,0,2,0,0
29.3,0,1,1,24,2,1,3,1
29.305,1,2,2,2,3,3,4,2
29.31,1,3,1,4,7,1,3,1
29.315,3,3,2,2,0,1,2,1
29.32,1,0,1,3,5,5,1,3
29.325,1,1,2,1,1,2,2,4
29.33,1,3,5,5,5,1,1,0
29.335,1,1,0,3,6,1,4,1
29.34,1,3,5,5,4,3,3,0
29.345,2,2,2,4,6,6,5,2
29.35,2,2,0,3,0,0,0,1
29.355,2,0,0,1,3,2,4,1
29.36,1,0,4,4,6,1,1,1
29.365,1,0,0,5,6,1,1,0
29.37,3,1,5,0,3,4,3,2
29.375,0,2,2,0,1,4,0,0
29.38,0,2,2,2,5,1,0,2
29.385,3,2,3,26,6,3,0,1
29.39,2,0,3,6,2,4,2,3
29.395,1,1,2,12,11,2,0,2
29.4,0,3,2,2,6,4,5,4
29.405,0,1,3,7,9,1,2,2
29.41,2,0,3,2,4,0,1,1
29.415,2,2,2,1,8,5,7,5
29.42,1,1,1,0,2,2,1,4
29.425,2,1,1,9,4,1,1,1
29.43,3,1,2,2,5,0,0,0
29.435,0,0,1,3,7,2,1,0
29.44,1,2,2,4,8,1,2,2
29.445,2,3,3,1,4,0,2,1
29.45,1,1,1,2,8,2,0,1
29.455,0,0,2,5,3,6,0,1
29.46,3,0,0,5,4,4,1,2
29.465,2,3,2,1,5,0,1,1
29.47,2,2,2,5,6,2,0,1
29.475,0,1,3,3,1,1,0,1
29.48,0,0,1,1,0,3,1,0
29.485,2,0,2,2,3,2,1,1
29.49,3,2,3,8,3,2,3,3
29.495,1,0,1,1,2,2,1,0
29.5,2,0,5,5,11,1,0,2
29.505,2,1,0,0,9,0,2,2
29.51,3,1,2,12,2,1,3,1
29.515,1,2,2,10,3,2,2,1
29.52,0,2,3,5,8,0,0,1
29.525,1,1,0,5,6,3,1,1
29.53,2,2,3,5,3,0,2,1
29.535,1,0,1,1,1,3,1,5
29.54,3,2,1,7,4,0,0,2
29.545,3,2,4,3,0,2,3,1
29.55,0,2,5,1,2,1,2,0
29.555,0,1,1,5,0,2,1,0
29.56,1,3,3,1,3,1,2,0
29.565,1,0,2,9,1,2,0,1
29.57,1,5,3,13,2,3,3,1
29.575,1,0,1,2,1,1,1,1
29.58,0,1,3,5,2,3,0,0
29.585,1,3,1,1,1,4,2,0
29.59,0,1,0,2,1,1,1,1
29.595,2,3,3,11,3,3,1,3
29.6,2,2,1,3,3,1,2,1
29.605,1,1,3,5,4,2,1,2
29.61,0,2,2,11,1,0,2,1
29.615,2,3,0,7,3,0,1,1
29.62,1,0,2,2,3,1,3,1
29.625,1,0,1,12,1,0,1,0
29.63,0,1,1,9,0,2,0,1
29.635,2,1,3,4,0,3,1,2
29.64,2,1,3,0,2,2,0,3
29.645,0,1,4,6,5,2,2,2
29.65,1,1,2,6,3,2,0,2
29.655,0,1,2,5,0,2,2,0
29.66,1,2,1,7,3,0,1,3
29.665,0,0,4,1,2,2,0,2
29.67,1,0,1,8,1,2,4,3
29.675,1,2,0,9,2,2,3,1
29.68,0,1,2,10,2,2,2,0
29.685,0,2,1,2,1,1,1,1
29.69,1,0,2,10,2,3,5,3
29.695,3,1,0,6,0,1,1,1
29.7,1,1,0,4,5,5,3,3
29.705,2,4,3,5,0,1,2,0
29.71,1,2,1,4,6,3,0,1
29.715,3,4,9,14,6,0,3,1
29.72,2,2,3,10,4,3,0,0
29.725,1,2,2,6,8,2,0,3
29.73,0,1,2,1,15,4,1,0
29.735,1,2,1,3,2,4,1,3
29.74,2,0,1,1,3,2,1,2
29.745,1,1,3,4,3,1,4,1
29.75,4,2,3,6,0,1,3,1
29.755,1,2,3,13,6,0,1,1
29.76,1,2,1,2,1,3,0,1
29.765,1,0,1,12,2,1,0,3
29.77,1,2,2,9,3,1,0,0
29.775,2,4,5,13,10,7,2,1
29.78,2,3,0,5,8,3,3,0
29.785,1,0,2,5,1,0,2,1
29.79,0,1,2,4,2,2,1,0
29.795,0,1,3,7,3,1,2,1
29.8,1,2,3,1,3,5,3,1
29.805,1,0,1,4,4,2,1,0
29.81,2,0,2,2,1,1,1,4
29.815,1,3,0,2,1,3,2,5
29.82,1,0,1,4,2,2,0,2
29.825,1,0,2,0,4,5,4,0
29.83,1,2,0,7,11,5,2,1
29.835,0,0,1,6,9,0,0,0
29.84,1,1,0,1,4,3,1,0
29.845,3,3,3,4,2,5,3,1
29.85,0,0,2,5,3,4,1,2
29.855,2,1,3,1,14,3,4,2
29.86,1,2,1,13,3,3,1,1
29.865,3,2,2,2,3,1,1,0
29.87,3,0,4,2,0,3,1,4
29.875,1,1,1,3,4,1,0,2
29.88,1,1,2,8,7,1,2,1
29.885,1,1,4,24,11,1,0,1
29.89,1,1,1,7,2,4,1,3
29.895,0,1,0,5,5,1,1,0
29.9,1,1,3,3,1,0,1,0
29.905,1,3,2,13,7,1,2,1
29.91,3,2,0,3,5,0,1,3
29.915,1,0,2,3,0,2,2,1
29.92,1,0,2,2,3,0,1,2
29.925,2,1,3,11,5,1,0,3
29.93,1,1,2,1,6,3,0,1
29.935,2,2,2,8,1,1,1,2
29.94,1,0,2,4,6,2,2,1
29.945,1,3,1,0,3,2,1,2
29.95,2,0,3,1,0,3,2,0
29.955,2,1,1,16,0,3,3,0
29.96,1,0,4,3,5,1,1,2
29.965,2,0,1,2,1,2,1,1
29.97,3,2,2,2,1,2,3,2
29.975,0,1,1,0,0,1,2,0
29.98,0,3,2,1,1,0,1,0
29.985,2,0,0,1,3,3,0,3
29.99,2,2,3,1,2,0,3,2
29.995,0,2,2,2,3,1,2,0
30,1,2,2,1,6,3,1,1
30.005,1,1,1,17,6,1,2,1
30.01,2,1,4,22,12,4,2,1
30.015,4,1,0,5,1,4,2,3
30.02,1,1,3,2,3,4,4,2
30.025,1,2,2,1,3,5,1,0
30.03,0,2,2,8,14,3,0,0
30.035,2,2,0,1,10,0,1,1
30.04,1,1,1,10,8,4,2,1
30.045,2,3,1,4,7,1,1,1
30.05,1,2,1,9,7,1,0,1
30.055,1,1,1,5,5,1,1,2
30.06,1,3,0,10,18,5,2,4
30.065,1,1,4,8,2,5,2,1
30.07,2,3,3,2,1,3,0,3
30.075,1,1,1,5,2,5,1,1
30.08,2,3,6,6,0,0,1,2
30.085,0,2,0,6,1,4,2,2
30.09,1,1,3,5,3,0,2,2
30.095,0,2,0,6,0,1,1,1
30.1,3,3,0,7,8,3,1,1
30.105,2,0,1,2,28,13,4,3
30.11,0,2,1,7,4,8,3,1
30.115,0,4,1,1,3,6,3,0
30.12,3,1,1,2,2,0,2,2
30.125,1,1,3,3,5,0,1,1
30.13,1,0,1,5,4,3,3,2
30.135,1,2,2,3,3,0,1,1
30.14,0,1,2,5,2,2,0,1
30.145,1,2,1,4,2,1,2,2
30.15,2,3,2,4,4,2,3,2
30.155,2,2,2,5,2,0,1,1
30.16,1,3,1,6,0,2,1,0
30.165,2,0,2,1,11,0,1,4
30.17,2,1,0,22,11,4,0,1
30.175,2,2,3,0,1,2,1,0
30.18,1,2,1,0,3,1,0,1
30.185,2,0,0,3,3,2,2,0
30.19,1,0,1,7,3,2,0,1
30.195,1,1,1,1,4,1,2,2
30.2,2,3,7,5,4,1,1,1
30.205,1,2,1,1,4,4,1,3
30.21,4,2,3,2,2,7,3,2
30.215,2,1,0,10,13,2,0,2
30.22,1,0,2,6,3,1,0,2
30.225,1,1,0,1,3,4,1,3
30.23,1,0,1,4,6,1,1,1
30.235,1,3,7,15,2,1,3,2
30.24,2,0,5,6,3,3,3,3
30.245,1,2,1,7,0,2,0,2
30.25,1,1,1,9,11,3,1,2
30.255,1,2,2,3,19,5,5,4
30.26,0,4,1,2,3,4,0,1
30.265,3,0,1,3,6,5,6,1
30.27,1,2,3,2,12,2,1,2
30.275,0,1,2,9,14,0,1,1
30.28,0,2,3,7,8,1,3,2
30.285,2,1,1,3,2,3,0,2
30.29,1,3,2,1,5,1,1,0
30.295,1,1,1,6,7,1,1,0
30.3,3,1,0,4,1,2,1,2
30.305,1,0,0,2,2,1,0,0
30.31,0,2,1,1,1,3,2,1
30.315,2,0,2,3,3,1,0,2
30.32,1,0,2,1,5,1,0,2
30.325,0,1,0,4,5,0,1,1
30.33,0,2,2,2,4,0,4,3
30.335,1,3,2,5,6,1,2,1
30.34,1,1,2,0,2,3,1,0
30.345,2,1,3,2,3,3,1,2
30.35,0,2,2,3,2,0,0,0
30.355,1,0,1,3,10,3,0,1
30.36,1,2,2,15,18,1,2,0
30.365,0,2,0,4,0,0,2,2
30.37,1,1,6,6,3,0,1,3
30.375,3,1,0,8,5,3,3,1
30.38,2,1,6,5,1,4,3,3
30.385,0,2,1,0,5,4,2,0
30.39,1,0,1,2,5,2,2,2
30.395,1,0,3,4,2,3,5,2
30.4,4,0,1,0,7,3,3,0
30.405,1,0,2,5,0,1,2,0
30.41,2,1,3,5,5,0,3,1
30.415,1,0,0,1,2,4,3,2
30.42,1,4,0,4,2,0,0,1
30.425,0,1,1,3,1,1,0,0
30.43,0,2,3,4,5,2,1,1
30.435,2,2,2,5,0,1,1,2
30.44,1,1,1,7,7,1,3,2
30.445,2,0,2,3,3,1,0,4
30.45,0,2,1,3,1,0,1,0
30.455,3,1,0,1,2,1,1,0
30.46,0,2,1,1,3,1,1,0
30.465,0,3,1,2,4,0,0,2
30.47,0,2,2,9,7,1,1,2
30.475,0,1,0,0,3,0,0,1
30.48,1,1,5,4,1,4,2,3
30.485,0,2,1,4,1,1,1,1
30.49,2,2,0,1,2,3,2,1
30.495,2,1,1,1,4,1,2,3
30.5,3,2,5,16,1,3,1,1
30.505,2,0,1,4,0,0,2,1
30.51,4,1,0,5,1,1,2,1
30.515,3,1,0,7,2,3,4,3
30.52,2,2,1,4,2,1,0,0
30.525,2,0,0,11,4,0,1,2
30.53,1,3,0,3,1,3,3,1
30.535,3,1,3,1,3,1,1,2
30.54,1,0,2,10,0,1,3,4
30.545,2,2,3,24,5,1,0,3
30.55,3,2,0,1,1,5,2,2
30.555,0,0,2,6,0,1,0,0
30.56,2,1,1,4,7,4,4,0
30.565,1,1,3,6,1,5,2,2
30.57,1,0,1,2,1,3,4,4
30.575,1,1,3,4,2,3,0,1
30.58,1,0,0,1,7,0,2,3
30.585,0,1,1,15,6,2,1,0
30.59,1,0,2,16,2,1,2,0
30.595,3,0,2,5,13,3,2,2
30.6,2,0,2,3,4,3,1,1
30.605,1,2,0,1,2,3,0,0
30.61,2,1,1,4,6,1,0,2
30.615,1,1,1,6,0,3,2,0
30.62,0,5,1,2,2,2,2,1
30.625,2,1,2,0,2,4,3,2
30.63,2,3,1,2,2,2,0,4
30.635,2,1,1,11,5,3,0,2
30.64,2,1,0,17,0,1,1,2
30.645,2,0,2,26,1,0,0,1
30.65,1,2,2,7,5,1,2,0
30.655,0,1,4,5,2,1,1,1
30.66,0,2,1,14,2,2,3,2
30.665,3,1,1,5,3,1,3,0
30.67,1,2,2,1,6,2,0,1
30.675,4,3,1,3,6,1,2,1
30.68,1,1,4,11,18,5,3,1
30.685,2,1,1,6,6,2,4,3
30.69,3,1,0,8,8,2,0,1
30.695,0,1,1,12,7,0,2,1
30.7,0,1,1,2,6,2,2,2
30.705,3,2,0,2,4,0,3,1
30.71,0,4,3,1,2,1,0,0
30.715,2,3,3,5,0,1,1,1
30.72,2,0,0,0,3,2,1,1
30.725,0,1,2,1,6,3,2,4
30.73,3,0,3,1,0,1,1,3
30.735,1,2,3,1,4,2,3,2
30.74,2,3,2,14,2,0,0,1
30.745,4,2,2,3,3,0,0,2
30.75,3,0,1,7,0,2,1,1
30.755,4,3,0,7,1,0,0,4
30.76,1,1,3,0,1,3,4,3
30.765,3,3,0,1,1,2,3,1
30.77,0,0,1,5,2,1,1,1
30.775,2,0,1,6,0,2,0,1
30.78,1,1,0,6,8,4,1,3
30.785,2,0,2,8,7,2,1,0
30.79,1,3,2,0,3,2,0,1
30.795,2,1,1,1,2,1,0,0
30.8,0,2,0,0,3,2,2,2
30.805,0,2,2,9,4,5,4,5
30.81,2,3,3,15,1,2,0,1
30.815,0,2,1,11,2,4,3,1
30.82,1,2,1,1,3,1,0,1
30.825,1,3,0,4,2,4,0,0
30.83,0,1,3,3,6,3,2,3
30.835,3,1,1,1,4,2,2,2
30.84,4,1,0,7,1,3,1,2
30.845,0,2,3,2,0,3,0,3
30.85,1,1,3,14,1,0,1,1
30.855,2,1,3,0,4,4,3,0
30.86,1,1,3,1,2,4,1,1
30.865,2,2,3,1,3,0,2,3
30.87,1,1,1,3,3,1,4,0
30.875,1,3,4,1,4,2,1,0
30.88,1,1,0,4,2,6,0,0
30.885,3,0,3,4,4,0,1,1
30.89,2,2,1,5,5,2,0,3
30.895,0,2,2,2,1,1,3,3
30.9,1,1,1,1,2,0,2,1
30.905,3,2,2,2,15,0,2,1
30.91,1,0,1,1,6,2,1,3
30.915,3,2,1,9,6,1,3,0
30.92,1,2,3,3,3,0,1,1
30.925,0,3,1,1,4,2,1,1
30.93,0,2,1,0,6,0,2,2
30.935,2,3,1,6,10,2,1,1
30.94,0,1,1,2,1,1,1,3
30.945,1,1,0,5,2,3,2,1
30.95,2,0,4,5,3,3,2,1
30.955,3,1,0,7,1,0,2,0
30.96,1,1,4,16,6,2,0,2
30.965,2,1,3,3,3,2,5,2
30.97,1,1,2,3,2,2,2,1
30.975,3,0,1,3,1,1,2,3
30.98,3,1,2,1,3,3,3,2
30.985,4,1,1,0,4,3,0,1
30.99,2,1,2,0,2,0,1,1
30.995,0,1,2,6,1,1,1,0
31,0,3,1,3,3,1,1,1
31.005,1,2,1,0,0,1,0,2
31.01,2,3,3,1,1,1,1,2
31.015,0,1,1,4,1,3,2,1
31.02,1,2,1,0,2,1,4,2
31.025,0,0,0,1,1,2,1,1
31.03,1,3,2,0,2,0,1,2
31.035,2,1,2,1,1,2,0,2
31.04,2,2,1,1,5,1,1,3
31.045,3,1,2,2,1,3,3,2
31.05,1,0,2,0,0,3,4,3
31.055,2,3,2,1,3,0,3,1
31.06,3,1,1,0,1,1,0,0
31.065,1,1,0,2,3,1,0,5
31.07,1,1,1,3,6,2,1,1
31.075,1,0,1,0,3,1,3,1
31.08,2,2,2,1,1,5,0,1
31.085,0,2,2,1,2,0,0,0
31.09,2,2,5,8,1,2,2,1
31.095,1,3,3,5,1,1,1,0
31.1,2,0,1,5,5,3,3,0
31.105,2,4,1,0,5,2,1,0
31.11,1,1,2,0,6,1,1,2
31.115,1,0,2,0,0,3,1,3
31.12,1,1,1,2,2,1,2,3
31.125,1,0,0,2,0,2,2,0
31.13,0,1,1,1,3,1,1,2
31.135,2,4,0,1,3,1,3,1
31.14,1,3,1,5,0,2,1,0
31.145,1,2,2,1,3,4,2,3
31.15,3,0,3,3,0,2,0,0
31.155,3,1,1,1,0,1,0,0
31.16,3,5,0,2,1,5,4,1
31.165,2,1,0,2,0,0,1,0
31.17,0,5,0,0,3,1,1,3
31.175,0,0,1,5,2,2,3,1
31.18,2,0,1,0,1,1,1,0
31.185,0,2,3,3,2,0,1,2
31.19,2,1,2,6,1,1,2,1
31.195,1,1,4,10,8,0,1,1
31.2,2,1,0,3,2,2,1,1
31.205,2,2,1,4,3,2,2,1
31.21,1,1,2,1,1,1,1,2
31.215,0,0,2,3,0,3,3,0
31.22,0,1,3,4,2,3,1,3
31.225,0,4,2,1,3,1,2,1
31.23,2,0,0,4,1,0,1,0
31.235,1,1,1,3,1,3,3,2
31.24,0,1,2,3,0,2,0,2
31.245,3,3,0,0,0,1,2,1
31.25,1,2,1,1,3,1,1,1
31.255,0,0,1,1,4,3,1,2
31.26,1,0,4,18,3,5,1,1
31.265,2,1,0,14,1,2,4,0
31.27,1,2,3,1,3,1,3,2
31.275,1,1,2,1,1,1,0,2
31.28,2,0,0,0,2,3,3,1
31.285,2,1,4,0,1,0,0,0
31.29,3,2,2,2,2,2,0,1
31.295,2,1,0,1,3,3,4,4
31.3,4,6,3,4,9,2,1,2
31.305,3,1,0,0,3,4,2,1
31.31,0,2,0,5,0,3,0,1
31.315,1,1,0,2,2,0,2,1
31.32,0,1,0,3,0,4,2,1
31.325,2,1,2,2,2,4,1,5
31.33,1,4,3,1,1,1,3,1
31.335,2,1,2,2,4,0,3,2
31.34,1,3,2,7,3,3,2,0
31.345,0,1,1,4,3,1,1,2
31.35,1,1,2,6,1,3,2,3
31.355,3,1,4,5,2,3,4,3
31.36,1,1,1,1,1,1,2,1
31.365,1,2,2,1,3,2,1,2
31.37,2,0,2,1,0,2,0,1
31.375,3,1,1,1,3,0,0,1
31.38,4,1,2,2,1,1,1,1
31.385,1,3,0,0,2,0,2,4
31.39,0,1,3,1,0,6,2,3
31.395,2,0,1,2,1,2,1,3
31.4,0,2,3,1,3,4,2,1
31.405,0,2,0,1,2,2,2,0
31.41,1,2,2,5,3,2,0,0
31.415,4,2,1,4,4,3,0,2
31.42,0,2,1,2,0,1,3,0
31.425,0,3,5,8,2,5,4,1
31.43,1,4,1,2,3,0,1,3
31.435,1,2,1,3,3,1,2,0
31.44,1,2,1,3,4,1,0,1
31.445,3,1,1,3,1,3,1,3
31.45,1,1,2,2,4,0,1,0
31.455,1,1,1,3,1,0,3,1
31.46,2,1,1,0,0,3,1,3
31.465,2,1,0,8,0,2,1,2
31.47,1,3,3,2,5,3,1,0
31.475,1,1,0,2,3,1,1,2
31.48,0,0,2,0,0,1,0,1
31.485,3,1,3,7,2,1,4,0
31.49,3,0,1,3,2,4,2,5
31.495,3,4,0,2,4,4,0,0
31.5,1,5,0,0,2,1,1,1
31.505,2,2,0,7,2,0,1,1
31.51,3,0,2,9,4,1,2,2
31.515,1,1,4,4,11,4,4,0
31.52,0,2,1,5,13,5,2,0
31.525,2,0,2,4,1,7,1,0
31.53,3,6,6,6,10,5,4,6
31.535,1,1,2,6,3,2,1,3
31.54,1,1,5,10,1,0,1,3
31.545,2,1,2,12,11,4,1,1
31.55,0,3,2,7,2,3,2,1
31.555,1,5,3,20,5,7,5,0
31.56,1,2,1,27,33,1,3,2
31.565,0,2,0,31,39,4,2,1
31.57,4,1,2,6,21,5,1,1
31.575,0,0,2,7,4,0,2,2
31.58,1,1,1,24,3,3,3,2
31.585,1,2,1,9,4,7,4,1
31.59,3,3,1,21,34,5,5,3
31.595,0,2,1,14,19,4,1,3
31.6,4,3,4,3,26,5,3,2
31.605,1,2,2,13,2,1,1,0
31.61,3,0,1,7,3,3,1,0
31.615,1,2,1,2,5,2,1,0
31.62,1,1,1,7,13,3,1,1
31.625,0,2,2,9,11,2,1,1
31.63,3,1,0,15,22,4,0,1
31.635,3,4,2,11,24,1,2,1
31.64,0,2,0,17,37,4,0,1
31.645,2,5,7,14,1,3,2,1
31.65,1,1,2,22,4,1,0,0
31.655,0,0,3,14,14,1,1,1
31.66,0,1,3,28,23,4,0,1
31.665,2,1,2,15,36,0,0,2
31.67,2,0,1,6,26,1,1,1
31.675,3,1,2,22,28,0,2,1
31.68,2,4,1,1,37,5,7,5
31.685,1,2,2,6,2,0,1,2
31.69,0,4,5,11,20,2,0,2
31.695,1,2,1,2,6,0,1,1
31.7,0,1,1,11,1,3,2,1
31.705,3,2,1,15,9,1,1,3
31.71,0,1,2,13,3,2,2,0
31.715,3,2,2,0,12,4,4,3
31.72,2,1,2,6,18,3,2,0
31.725,1,1,0,2,11,1,2,2
31.73,1,0,0,6,9,1,0,2
31.735,0,2,1,10,1,1,2,2
31.74,2,2,2,3,7,3,2,1
31.745,3,3,1,5,2,2,3,6
31.75,3,4,1,5,6,2,2,2
31.755,2,0,0,5,10,3,2,6
31.76,1,4,1,1,4,3,3,6
31.765,0,3,1,1,4,2,3,4
31.77,3,4,2,3,18,6,2,2
31.775,1,1,5,2,2,2,2,1
31.78,5,2,3,1,4,2,2,1
31.785,3,4,4,9,2,1,1,22
31.79,8,2,0,1,8,2,4,2
31.795,29,8,1,7,7,4,6,6
31.8,1,1,0,6,17,2,3,7
31.805,6,0,1,8,10,1,6,9
31.81,2,4,9,7,8,10,6,10
31.815,3,1,0,14,18,5,5,15
31.82,7,1,0,3,6,12,10,12
31.825,2,6,4,15,3,7,1,0
31.83,1,2,5,18,26,1,0,5
31.835,3,0,2,8,18,8,4,11
31.84,2,3,0,8,11,2,3,4
31.845,1,0,3,1,16,2,3,3
31.85,2,2,1,0,7,2,5,7
31.855,2,0,4,1,1,3,1,3
31.86,4,0,1,3,12,2,4,0
31.865,3,0,4,9,1,1,1,3
31.87,4,1,1,10,7,5,1,1
31.875,0,2,5,7,5,5,0,0
31.88,2,1,0,9,5,12,5,1
31.885,5,0,4,1,17,2,2,1
31.89,1,2,4,7,8,0,0,1
31.895,3,2,3,8,5,3,4,6
31.9,2,3,6,11,4,5,2,0
31.905,1,4,1,1,2,4,5,1
31.91,2,1,1,6,6,7,5,0
31.915,3,2,1,7,11,4,3,1
31.92,1,1,3,5,7,4,1,2
31.925,2,1,1,5,15,9,1,2
31.93,2,4,2,4,3,4,5,0
31.935,0,2,2,1,1,1,2,1
31.94,4,2,1,4,18,1,2,3
31.945,3,1,2,5,28,7,4,3
31.95,4,0,4,16,4,3,1,0
31.955,1,1,0,33,9,6,3,1
31.96,0,2,2,16,17,2,0,2
31.965,2,5,5,4,14,7,8,4
31.97,1,4,4,34,5,3,9,4
31.975,3,3,0,24,15,7,6,2
31.98,1,4,2,15,4,6,2,0
31.985,2,1,3,19,20,2,1,0
31.99,2,2,0,16,19,7,1,3
31.995,4,3,1,20,37,6,7,5
32,0,0,5,23,48,5,6,5
32.005,0,3,6,17,53,3,1,0
32.01,1,3,3,14,7,1,1,0
32.015,1,3,2,7,0,5,4,1
32.02,3,0,2,10,11,1,1,1
32.025,1,1,1,5,14,3,1,1
32.03,5,0,1,15,38,1,0,3
32.035,0,1,2,14,37,3,5,2
32.04,2,1,6,4,30,0,2,2
32.045,1,3,1,10,42,4,1,2
32.05,2,3,3,3,75,6,1,1
32.055,1,1,1,2,13,3,1,2
32.06,1,1,0,7,46,4,1,2
32.065,5,2,2,12,8,6,2,3
32.07,1,3,3,0,58,2,0,1
32.075,3,0,3,5,2,2,2,4
32.08,1,0,0,10,23,0,0,0
32.085,1,5,3,8,21,7,6,2
32.09,2,1,1,5,2,1,0,2
32.095,2,1,0,10,44,4,4,2
32.1,3,1,5,7,15,1,3,2
32.105,1,2,2,32,79,0,1,3
32.11,1,0,2,15,52,8,1,4
32.115,1,1,3,10,44,4,0,2
32.12,2,5,1,0,54,9,1,4
32.125,1,0,3,10,36,4,4,2
32.13,1,0,1,11,18,1,0,1
32.135,3,1,2,4,8,1,0,4
32.14,0,1,2,5,29,2,3,1
32.145,0,4,8,27,40,5,2,7
32.15,0,1,3,4,21,4,7,26
32.155,1,1,1,1,24,0,5,32
32.16,3,0,1,6,46,4,3,4
32.165,8,1,1,4,41,0,4,29
32.17,6,1,1,0,5,2,2,22
32.175,2,2,2,5,14,3,6,16
32.18,3,2,1,4,6,2,3,7
32.185,1,1,1,3,11,1,2,8
32.19,0,1,1,0,3,0,2,9
32.195,3,1,5,8,21,3,2,10
32.2,3,1,0,1,21,1,1,0
32.205,3,2,1,0,35,1,5,6
32.21,0,2,1,10,27,1,0,5
32.215,1,2,2,16,9,2,3,5
32.22,0,2,1,5,3,1,5,7
32.225,2,0,4,4,7,5,0,11
32.23,0,1,2,7,8,2,1,1
32.235,1,1,1,3,3,1,3,8
32.24,3,1,1,24,65,8,3,4
32.245,0,3,1,39,102,7,2,3
32.25,3,2,2,2,25,5,5,2
32.255,0,4,3,11,10,9,5,8
32.26,0,1,1,9,10,2,1,2
32.265,5,1,0,36,92,13,6,9
32.27,1,3,4,38,87,7,4,7
32.275,2,0,0,16,41,6,0,5
32.28,3,0,0,17,15,5,3,1
32.285,0,2,1,1,15,5,1,3
32.29,3,2,3,11,39,1,1,1
32.295,2,1,1,2,9,2,4,4
32.3,0,0,5,3,20,3,1,4
32.305,2,3,0,2,17,7,5,1
32.31,0,0,1,7,31,3,3,1
32.315,1,2,1,30,83,11,6,2
32.32,1,0,1,9,2,0,1,1
32.325,3,2,2,1,10,1,1,0
32.33,4,1,0,7,14,2,1,1
32.335,2,2,2,8,30,0,1,2
32.34,1,2,2,1,4,5,5,4
32.345,1,2,0,3,9,2,5,1
32.35,0,1,1,3,18,2,2,0
32.355,1,0,1,2,5,0,1,1
32.36,1,2,1,7,43,1,3,1
32.365,3,3,5,0,9,3,4,2
32.37,1,3,1,10,22,1,3,4
32.375,0,1,2,1,17,3,1,1
32.38,1,2,5,6,12,1,1,2
32.385,1,1,3,1,7,0,1,0
32.39,2,1,0,7,28,2,1,2
32.395,3,0,1,4,21,0,1,1
32.4,0,3,2,3,16,3,4,3
32.405,1,1,3,7,13,1,3,0
32.41,1,3,3,5,19,3,3,0
32.415,2,1,2,9,3,7,1,2
32.42,3,2,0,2,10,1,2,5
32.425,2,1,1,2,8,2,1,0
32.43,2,0,2,0,10,5,1,0
32.435,1,2,1,11,25,4,2,1
32.44,4,0,2,8,24,5,0,0
32.445,1,3,1,5,8,2,0,4
32.45,0,1,1,1,6,0,0,3
32.455,1,1,0,12,28,2,1,0
32.46,2,3,2,20,23,4,1,1
32.465,1,1,1,9,18,2,3,1
32.47,1,2,1,1,11,2,3,1
32.475,2,0,2,5,9,4,2,1
32.48,2,1,1,2,2,5,0,1
32.485,1,0,1,2,5,4,1,1
32.49,0,2,1,0,1,1,0,1
32.495,1,0,2,3,11,3,3,1
32.5,2,2,2,25,27,4,3,2
32.505,1,1,5,1,10,1,0,0
32.51,6,3,2,0,8,2,2,5
32.515,0,4,0,7,19,3,1,3
32.52,1,0,2,7,6,1,1,0
32.525,3,1,1,0,1,1,4,2
32.53,1,1,1,2,5,1,2,2
32.535,1,3,2,2,12,1,2,2
32.54,0,4,1,4,10,1,1,1
32.545,3,2,1,7,8,2,1,2
32.55,1,1,3,1,5,1,4,1
32.555,1,3,0,2,10,1,0,0
32.56,1,1,2,3,11,5,1,1
32.565,1,3,0,7,1,2,1,1
32.57,1,0,1,7,7,1,1,3
32.575,2,2,2,3,2,4,2,1
32.58,4,1,2,8,2,1,1,0
32.585,1,0,1,8,1,0,3,3
32.59,0,0,2,1,2,0,2,0
32.595,0,2,1,3,4,0,1,2
32.6,2,2,2,6,10,1,2,3
32.605,2,0,3,8,7,3,3,3
32.61,0,3,1,1,2,2,2,3
32.615,0,3,5,9,31,0,3,0
32.62,1,0,4,6,39,1,3,0
32.625,1,1,0,0,14,4,2,2
32.63,4,1,2,8,37,4,3,3
32.635,1,2,3,5,12,3,3,2
32.64,2,3,3,1,7,2,2,3
32.645,1,1,2,5,27,4,0,1
32.65,3,0,2,11,17,3,1,2
32.655,0,1,3,4,5,1,0,1
32.66,2,6,1,1,22,6,3,1
32.665,2,1,0,3,4,1,2,3
32.67,2,2,1,2,10,2,2,2
32.675,1,1,3,5,20,0,2,3
32.68,1,0,1,14,55,4,3,2
32.685,2,3,2,10,11,2,0,2
32.69,5,1,2,3,6,1,3,1
32.695,0,3,2,15,24,2,4,3
32.7,2,2,1,21,37,2,5,1
32.705,0,2,1,2,1,0,2,2
32.71,0,3,1,2,11,3,2,0
32.715,0,2,3,0,6,2,3,1
32.72,3,3,1,7,16,3,2,3
32.725,1,1,0,2,15,2,2,2
32.73,1,1,2,7,17,0,1,2
32.735,1,1,2,4,16,0,1,1
32.74,2,2,2,2,1,1,1,1
32.745,2,2,0,7,2,0,2,2
32.75,0,1,1,1,9,4,3,1
32.755,2,3,1,3,10,1,2,5
32.76,1,3,1,6,25,0,3,2
32.765,1,1,2,3,1,2,2,1
32.77,3,0,4,2,5,0,2,1
32.775,1,1,0,8,5,2,1,0
32.78,3,1,2,2,30,1,1,1
32.785,1,2,0,13,39,0,0,1
32.79,1,4,0,7,5,0,1,1
32.795,2,0,6,13,16,4,2,4
32.8,1,2,2,0,17,3,1,1
32.805,2,2,2,1,11,3,0,2
32.81,1,2,0,2,11,0,1,2
32.815,1,0,1,3,1,1,1,2
32.82,1,1,1,1,23,3,1,1
32.825,0,2,3,1,21,5,0,4
32.83,0,1,0,5,5,2,1,1
32.835,4,3,3,8,19,1,0,0
32.84,1,1,3,0,14,3,1,1
32.845,2,1,0,7,11,2,1,0
32.85,2,1,3,6,26,5,3,2
32.855,1,1,1,3,1,3,2,0
32.86,1,1,3,2,2,0,3,1
32.865,1,0,2,2,3,1,1,3
32.87,1,0,1,6,7,1,1,2
32.875,0,2,1,2,20,2,0,3
32.88,0,1,1,3,13,4,1,3
32.885,2,1,1,5,4,1,3,4
32.89,1,2,1,3,3,1,1,0
32.895,1,2,0,6,2,0,1,1
32.9,2,3,1,3,7,1,1,1
32.905,2,4,1,4,8,1,0,1
32.91,2,2,1,1,18,2,2,2
32.915,1,2,1,5,11,1,1,0
32.92,1,1,1,1,2,1,3,3
32.925,1,3,2,3,12,2,2,1
32.93,1,4,3,6,21,1,2,1
32.935,1,0,2,1,6,1,2,0
32.94,1,1,0,3,13,4,3,1
32.945,3,1,3,9,6,0,1,2
32.95,0,1,0,0,8,3,2,2
32.955,1,3,3,0,0,1,3,0
32.96,1,1,1,3,7,2,1,4
32.965,1,0,3,5,0,1,2,2
32.97,2,2,0,14,30,2,0,1
32.975,3,0,1,6,17,0,1,0
32.98,1,1,3,16,14,1,2,1
32.985,4,3,1,3,0,6,2,5
32.99,1,1,1,1,2,0,1,3
32.995,0,1,0,1,11,2,0,1
33,2,0,1,1,2,3,0,2
33.005,1,0,0,0,5,0,1,1
33.01,0,2,2,1,0,2,4,2
33.015,0,1,0,2,6,1,1,1
33.02,0,1,0,4,6,1,1,0
33.025,1,1,3,1,1,2,0,1
33.03,3,1,0,4,13,0,0,4
33.035,3,0,0,2,22,5,6,3
33.04,4,1,1,4,5,2,0,2
33.045,1,2,0,2,1,3,3,2
33.05,0,1,0,7,7,0,2,0
33.055,2,1,1,2,4,3,3,3
33.06,4,3,1,1,11,1,3,1
33.065,2,0,1,1,2,1,0,0
33.07,0,4,3,3,5,1,3,2
33.075,0,1,2,3,14,0,0,0
33.08,0,0,2,2,1,1,3,0
33.085,1,1,1,2,0,2,2,0
33.09,1,1,1,1,3,0,2,1
33.095,1,3,1,1,2,0,2,2
33.1,0,0,0,6,8,1,1,2
33.105,0,1,1,3,1,4,3,3
33.11,1,1,3,2,0,3,0,0
33.115,2,1,1,4,3,2,2,4
33.12,1,2,1,3,2,3,2,2
33.125,1,3,2,4,7,1,2,3
33.13,1,0,1,9,21,1,1,0
33.135,2,1,5,17,44,5,3,0
33.14,0,1,0,0,8,2,0,1
33.145,1,1,2,8,14,1,1,1
33.15,0,2,0,4,2,1,1,1
33.155,0,1,2,8,12,0,2,3
33.16,3,2,1,7,5,1,3,2
33.165,2,5,1,6,13,3,1,1
33.17,0,0,1,1,3,1,1,2
33.175,1,1,1,0,0,0,3,0
33.18,2,2,3,1,2,3,4,0
33.185,2,3,1,0,4,1,3,0
33.19,1,3,2,9,13,2,1,1
33.195,2,1,0,2,5,0,0,1
33.2,1,1,0,6,12,2,1,1
33.205,2,2,3,11,31,4,5,4
33.21,3,1,1,8,6,1,1,1
33.215,2,0,4,2,1,1,1,1
33.22,2,1,1,2,9,1,1,2
33.225,1,3,1,3,3,4,1,5
33.23,2,0,1,2,7,2,1,1
33.235,1,1,1,3,22,1,0,1
33.24,1,0,1,4,4,1,0,2
33.245,1,0,0,0,13,0,1,2
33.25,2,0,1,1,23,0,4,2
33.255,0,0,1,6,30,1,1,3
33.26,2,2,4,4,11,4,4,1
33.265,2,1,3,7,12,0,3,2
33.27,2,2,0,8,6,0,2,1
33.275,4,1,2,4,3,0,2,3
33.28,2,1,2,3,14,1,1,2
33.285,1,3,4,3,19,4,5,3
33.29,4,3,3,11,14,2,1,2
33.295,6,1,0,4,4,1,1,1
33.3,1,0,1,3,6,3,4,3
33.305,1,1,1,7,9,1,1,2
33.31,0,0,3,5,1,3,2,2
33.315,3,2,0,1,7,1,1,2
33.32,4,1,4,2,5,1,1,3
33.325,0,1,0,1,4,3,1,3
33.33,1,2,2,1,7,1,1,1
33.335,2,2,0,9,23,2,1,1
33.34,1,0,3,10,44,5,2,2
33.345,0,2,3,16,1,1,1,0
33.35,2,1,4,2,8,2,0,1
33.355,2,1,0,0,1,1,2,0
33.36,2,4,1,10,19,3,2,1
33.365,0,3,1,9,29,4,3,4
33.37,1,2,1,0,0,5,2,3
33.375,1,0,1,2,2,0,3,3
33.38,1,1,3,1,1,2,2,0
33.385,2,1,0,2,24,0,1,2
33.39,3,0,2,8,18,3,4,3
33.395,3,1,1,6,5,2,0,3
33.4,3,0,1,6,19,0,2,2
33.405,2,1,2,2,20,3,0,0
33.41,0,4,1,1,7,1,1,2
33.415,0,1,1,2,1,2,1,3
33.42,1,0,1,1,4,4,2,3
33.425,1,1,3,6,3,3,2,3
33.43,0,2,4,12,10,3,1,2
33.435,0,2,2,0,5,3,1,1
33.44,1,1,1,7,1,5,4,2
33.445,2,2,4,9,3,2,3,2
33.45,3,0,1,3,3,4,1,0
33.455,2,1,4,6,3,3,2,0
33.46,0,1,0,3,6,0,0,1
33.465,3,0,1,1,6,1,2,0
33.47,1,1,1,7,22,1,0,1
33.475,1,1,3,10,21,5,3,2
33.48,3,3,2,6,4,1,0,0
33.485,0,1,1,0,1,1,1,3
33.49,1,3,0,2,5,1,3,1
33.495,2,1,1,7,3,3,1,2
33.5,0,2,1,1,0,0,1,0
33.505,3,1,1,5,4,2,1,0
33.51,0,0,2,2,7,0,1,0
33.515,1,0,1,8,34,0,1,1
33.52,2,3,1,10,35,5,4,2
33.525,2,2,2,4,2,1,1,3
33.53,1,1,1,2,1,0,1,1
33.535,2,1,1,6,10,2,0,2
33.54,0,1,1,0,4,2,2,1
33.545,1,3,1,3,7,0,1,1
33.55,2,4,0,3,3,1,1,1
33.555,1,1,2,4,1,1,2,4
33.56,1,0,0,11,9,1,0,2
33.565,0,1,0,5,1,2,2,2
33.57,1,2,1,7,13,3,2,0
33.575,2,3,2,1,8,1,3,1
33.58,1,0,2,2,9,2,0,1
33.585,0,1,2,2,3,3,3,3
33.59,1,3,1,3,1,0,0,2
33.595,1,1,0,0,1,1,4,2
33.6,3,0,1,2,3,1,0,0
33.605,1,1,3,5,8,2,1,2
33.61,3,3,0,5,3,1,0,1
33.615,2,2,1,6,1,4,2,0
33.62,1,3,2,3,11,0,3,4
33.625,1,2,0,1,8,0,1,3
33.63,0,2,3,2,0,3,4,4
33.635,1,1,0,7,27,3,2,2
33.64,2,0,0,12,32,5,2,1
33.645,2,1,0,6,5,4,2,1
33.65,1,1,2,1,1,1,1,5
33.655,1,1,3,4,20,3,2,2
33.66,0,1,2,4,7,1,2,3
33.665,3,5,1,7,10,2,1,0
33.67,1,0,1,12,5,0,1,1
33.675,0,2,0,1,2,0,1,2
33.68,1,3,0,3,1,0,0,1
33.685,2,2,1,7,1,1,0,2
33.69,1,3,0,7,3,2,1,2
33.695,5,1,2,1,6,4,2,2
33.7,0,2,3,3,1,2,2,4
33.705,1,1,0,9,20,4,1,0
33.71,0,2,1,4,8,1,1,1
33.715,0,4,5,1,8,2,3,4
33.72,3,1,0,7,1,2,0,1
33.725,0,0,3,3,5,0,1,2
33.73,3,2,1,6,5,6,3,2
33.735,0,0,1,1,5,0,1,0
33.74,2,0,1,3,1,1,1,1
33.745,2,2,0,2,6,1,3,1
33.75,5,1,0,5,2,0,0,1
33.755,1,0,0,3,11,0,3,1
33.76,0,2,5,5,30,3,3,4
33.765,1,2,0,5,21,0,1,2
33.77,2,1,2,4,2,1,0,1
33.775,2,1,0,3,6,2,0,0
33.78,3,1,0,9,10,4,2,1
33.785,1,0,2,6,28,5,2,3
33.79,1,2,3,7,12,1,1,2
33.795,4,4,0,0,5,1,2,2
33.8,1,3,1,2,7,2,0,1
33.805,2,0,4,0,0,2,0,0
33.81,1,2,3,1,8,1,1,1
33.815,0,1,1,2,11,2,1,3
33.82,0,1,4,1,3,4,2,1
33.825,1,1,1,4,17,2,2,0
33.83,0,0,2,1,6,1,0,1
33.835,1,1,3,1,4,0,1,2
33.84,1,1,1,5,2,1,0,1
33.845,3,2,0,2,7,3,1,1
33.85,2,1,0,8,15,4,3,2
33.855,4,3,1,3,3,3,2,0
33.86,3,3,3,12,9,0,0,3
33.865,1,1,4,0,2,3,0,0
33.87,1,3,1,1,6,1,1,1
33.875,3,0,3,1,5,1,0,0
33.88,2,1,2,4,19,2,2,2
33.885,0,1,1,1,16,1,1,0
33.89,1,2,1,7,31,3,4,0
33.895,3,1,1,3,1,1,1,2
33.9,2,2,0,16,33,2,1,1
33.905,1,1,2,22,31,3,2,3
33.91,2,1,0,9,9,2,0,1
33.915,2,2,2,18,58,3,2,3
33.92,2,2,1,3,12,1,1,1
33.925,3,3,0,6,5,1,1,2
33.93,2,0,1,3,3,1,2,2
33.935,0,1,3,4,24,2,3,1
33.94,1,1,0,1,12,2,2,0
33.945,1,0,1,10,22,1,1,1
33.95,0,3,3,8,11,2,1,1
33.955,2,1,1,3,14,7,3,5
33.96,3,1,0,1,4,0,2,3
33.965,1,0,1,8,13,3,1,3
33.97,2,0,2,3,10,2,2,1
33.975,1,1,2,0,1,0,2,1
33.98,0,4,0,2,0,1,0,1
33.985,1,3,1,5,7,1,0,1
33.99,2,1,1,2,4,2,3,2
33.995,2,0,1,1,10,1,1,0
34,1,1,5,1,6,4,0,3
34.005,0,0,3,16,35,5,3,3
34.01,2,2,2,7,5,2,3,3
34.015,0,2,4,7,29,3,2,0
34.02,0,0,1,1,25,3,2,2
34.025,0,0,1,7,4,2,5,2
34.03,2,2,1,3,1,2,2,1
34.035,0,1,1,4,0,2,2,0
34.04,3,4,2,23,36,3,2,0
34.045,1,4,2,3,2,2,2,1
34.05,2,1,0,10,23,2,0,1
34.055,1,1,2,3,17,1,0,4
34.06,1,1,3,2,3,5,4,2
34.065,3,1,1,13,28,2,0,2
34.07,0,2,1,0,9,1,2,4
34.075,2,0,2,11,14,2,0,1
34.08,1,3,3,3,8,1,0,2
34.085,1,1,3,1,5,4,2,1
34.09,2,4,1,2,11,1,1,1
34.095,2,3,1,6,23,2,0,3
34.1,1,2,3,11,22,3,4,2
34.105,7,0,3,3,12,3,2,3
34.11,1,0,2,4,26,1,1,2
34.115,0,0,4,1,25,2,3,1
34.12,2,1,2,5,29,1,2,2
34.125,1,1,1,11,22,1,1,1
34.13,2,0,2,16,37,4,3,0
34.135,1,2,2,3,14,4,2,1
34.14,2,3,0,8,9,1,4,0
34.145,1,3,4,11,22,2,0,0
34.15,1,2,1,11,32,3,0,3
34.155,3,1,3,10,43,4,0,4
34.16,2,0,1,2,6,2,0,0
34.165,0,0,1,3,1,0,1,1
34.17,3,2,5,6,13,4,3,1
34.175,1,1,0,8,36,2,0,1
34.18,0,5,3,12,39,3,2,1
34.185,1,2,0,6,5,1,3,1
34.19,2,2,1,1,11,3,2,3
34.195,0,0,4,1,16,1,3,1
34.2,2,2,2,7,58,5,1,2
34.205,1,0,1,9,8,1,3,0
34.21,2,4,0,4,14,3,4,5
34.215,2,1,0,8,1,1,1,0
34.22,2,3,1,1,8,2,0,1
34.225,1,4,2,4,22,1,0,2
34.23,1,1,5,22,46,1,1,1
34.235,1,1,1,6,7,1,1,2
34.24,0,1,1,3,8,0,1,2
34.245,0,1,2,3,3,0,0,1
34.25,1,2,0,6,31,0,1,2
34.255,2,1,3,0,10,1,1,2
34.26,3,3,1,1,20,2,1,3
34.265,2,1,1,0,13,2,1,1
34.27,1,0,0,2,17,2,3,1
34.275,2,1,1,1,3,1,0,2
34.28,2,1,1,6,6,1,1,5
34.285,0,1,1,11,3,2,1,3
34.29,0,1,2,5,1,1,3,1
34.295,1,0,1,0,3,1,1,1
34.3,1,2,1,2,11,2,2,0
34.305,2,1,2,5,2,2,4,3
34.31,0,1,0,1,4,1,1,2
34.315,3,0,1,4,9,1,0,1
34.32,1,1,2,6,18,2,2,1
34.325,2,2,1,2,15,0,5,2
34.33,3,0,2,3,0,0,0,3
34.335,0,2,1,2,42,4,2,5
34.34,2,1,3,8,43,5,0,1
34.345,2,1,4,4,7,1,1,1
34.35,1,0,0,6,26,0,1,1
34.355,0,5,3,6,5,6,4,2
34.36,3,0,0,0,7,3,2,2
34.365,2,1,2,8,18,3,4,1
34.37,1,4,3,14,20,1,2,0
34.375,2,0,1,1,8,0,2,2
34.38,2,0,3,1,1,3,1,2
34.385,0,1,1,6,17,2,0,2
34.39,1,1,1,6,14,1,1,1
34.395,1,3,1,3,7,2,2,1
34.4,1,0,0,0,1,0,0,1
34.405,1,2,3,3,17,1,1,0
34.41,2,1,0,3,21,3,3,3
34.415,1,0,3,6,1,2,2,1
34.42,1,0,1,6,6,1,2,0
34.425,0,3,1,2,5,1,2,0
34.43,2,1,0,3,8,1,1,2
34.435,1,2,2,4,10,4,1,2
34.44,1,2,0,1,13,1,3,0
34.445,1,1,0,4,1,2,0,2
34.45,0,1,2,4,11,3,1,1
34.455,1,2,1,2,5,0,2,0
34.46,0,3,2,3,11,1,3,1
34.465,0,2,4,10,22,0,1,0
34.47,1,1,3,1,11,1,1,2
