timestamp,ch1,ch2,ch3,ch4,ch5,ch6,ch7,ch8
0.005,-1,-2,-1,0,-1,-1,-4,-1
0.01,0,-1,-1,-3,1,-2,-2,-2
0.015,-1,-1,-1,0,-2,-1,-1,-1
0.02,-1,0,-1,0,-2,-1,-1,0
0.025,1,0,-1,-1,-2,-1,1,0
0.03,0,-3,-2,0,0,-1,0,1
0.035,-1,-1,-2,0,-1,-2,-3,-2
0.04,-1,1,-1,-1,0,-2,-2,-3
0.045,-1,0,-2,0,-1,-2,0,-1
0.05,-1,-1,0,-1,-3,0,0,-1
0.055,-1,-2,0,-2,0,-2,-1,-1
0.06,-1,-3,-1,-2,-1,-1,-2,-2
0.065,-1,-1,-2,-1,0,-1,-1,0
0.07,-1,-2,1,-1,-2,-1,0,-1
0.075,-2,-3,-1,0,-1,-1,0,-1
0.08,0,-1,-1,-4,0,-1,-2,-1
0.085,-2,-1,0,-2,0,-1,-1,-2
0.09,-4,-2,1,-2,0,-2,-1,-1
0.095,-1,-1,-1,0,0,-2,-1,-1
0.1,-1,-1,-2,-1,0,0,-1,-1
0.105,-1,-1,-1,-1,-1,-3,0,-2
0.11,-1,-1,-1,0,1,-2,-2,1
0.115,-1,-1,2,-3,-2,-1,-2,-2
0.12,0,-3,0,-1,-1,-1,-2,-1
0.125,0,0,-1,-1,0,-1,-2,-2
0.13,-2,-1,-2,-1,0,1,-2,-2
0.135,-2,-3,-3,-1,-3,-1,-2,1
0.14,-2,-2,-1,-1,-2,-1,0,-1
0.145,-1,-2,-2,0,-2,-1,-2,0
0.15,0,-3,-1,-1,-1,-2,-1,-2
0.155,-1,-1,1,-1,-2,0,0,-3
0.16,-3,1,-2,0,1,0,0,-1
0.165,0,0,-2,0,0,-2,0,-2
0.17,-1,-2,-2,0,-2,-3,-2,-1
0.175,-2,-2,-1,-2,-1,-3,1,0
0.18,-1,-2,0,0,-3,-3,-1,0
0.185,-2,-3,2,-1,-3,-2,-2,-1
0.19,-1,-1,-1,-1,-1,0,-1,1
0.195,-1,-1,-1,-2,-1,0,-2,-1
0.2,-1,-1,-2,0,-2,0,-2,-2
0.205,-2,-1,-1,-1,-1,0,-2,-2
0.21,-1,-1,0,-2,-1,-1,0,-5
0.215,0,-1,-1,-2,-1,-2,-1,0
0.22,-1,-1,-1,-2,-1,0,0,0
0.225,1,0,0,-1,-1,0,-1,0
0.23,-1,-1,-1,-2,0,-1,0,-1
0.235,-1,-1,-1,1,-2,0,0,-1
0.24,-2,-3,0,-1,-1,-3,-2,-2
0.245,-1,-1,-2,-1,-1,1,0,-1
0.25,-3,-2,0,-1,-1,-1,0,-2
0.255,-1,1,-3,0,0,-2,-1,-1
0.26,0,-1,-1,-2,-2,-2,0,0
0.265,-2,-1,-1,-1,-1,-1,0,1
0.27,-2,0,-2,1,-2,-1,-2,0
0.275,-1,-2,-1,-2,-1,-1,-2,0
0.28,-1,1,-3,0,0,-2,0,-2
0.285,1,-1,-1,-1,-1,-1,-1,-2
0.29,-1,0,-1,0,1,1,-1,-1
0.295,-1,-2,1,-2,0,-1,-2,-1
0.3,-2,-2,-1,-2,0,-2,-2,-2
0.305,-1,-2,-1,-1,-2,-2,-1,-2
0.31,-2,-1,-1,-2,-2,-1,-2,-1
0.315,0,-1,1,2,0,1,0,-2
0.32,-1,-1,-1,-1,0,0,-3,-1
0.325,-3,-2,-1,-2,0,-1,0,-1
0.33,0,-3,-1,-1,1,-4,-1,0
0.335,-1,-1,-2,-3,-4,-1,-1,-2
0.34,0,0,1,-2,0,-1,-3,0
0.345,-2,-2,-1,-2,-1,-1,0,-1
0.35,-1,-1,-1,-1,-1,0,-1,-1
0.355,-2,-3,0,1,-1,-2,-2,-1
0.36,0,0,0,-1,-1,-2,-2,-1
0.365,0,-1,-1,-1,0,-1,0,-3
0.37,0,-1,-2,-2,-1,-1,0,0
0.375,-3,-2,0,0,-1,-2,0,-2
0.38,-2,-2,-1,-1,-1,0,0,0
0.385,-1,0,-2,2,1,-1,-3,-1
0.39,0,-3,-1,-1,-2,-2,-1,-1
0.395,0,-1,-2,-3,0,1,0,-1
0.4,-1,-3,1,-1,2,-2,0,-1
0.405,-1,-2,0,-1,1,0,0,1
0.41,-1,-1,-1,0,-2,-1,-1,-1
0.415,-1,-1,-1,-2,-1,-3,-4,-2
0.42,-2,-2,-1,-2,-2,0,-3,-1
0.425,0,-2,0,-1,-2,-1,-2,-2
0.43,-2,1,0,-2,-1,-2,-1,-3
0.435,0,-1,-1,0,1,0,-1,-2
0.44,-2,-1,-2,0,1,0,-1,-2
0.445,0,-2,-2,-1,-2,-2,-1,0
0.45,-2,-3,1,-1,1,-1,-3,0
0.455,-1,2,-1,0,-1,-2,-2,1
0.46,-2,-2,-1,-2,0,0,-1,-3
0.465,-3,-1,-1,-2,-1,-2,-1,-3
0.47,-1,0,-1,0,-2,0,1,-1
0.475,-1,-2,-1,0,0,-2,-2,-3
0.48,-1,-1,-1,-1,-1,-1,0,-1
0.485,-1,-2,-2,-3,1,0,0,-1
0.49,-1,0,-1,-1,1,-1,0,0
0.495,-1,0,1,0,-1,-1,-1,1
0.5,1,-3,-1,-2,-1,-1,-2,-2
0.505,-2,0,0,0,-1,-1,-1,1
0.51,1,-1,0,-2,0,-2,-3,0
0.515,0,-1,-2,-2,-1,-1,0,-2
0.52,2,-2,0,0,-1,-1,1,-1
0.525,-2,-1,-2,-1,-1,-1,-2,-2
0.53,0,-2,-1,-1,-2,0,-1,-2
0.535,-2,-1,-1,-2,-1,0,-1,1
0.54,-3,-1,-1,-1,-2,-1,0,1
0.545,-1,-2,-1,-2,0,-3,-2,-1
0.55,-2,-3,-1,-1,-1,-1,-2,0
0.555,0,-1,0,-1,1,0,-1,0
0.56,-1,-2,-2,-1,-1,0,-1,0
0.565,-1,-1,0,-1,-1,-1,-2,0
0.57,-1,-1,0,-1,-1,-1,0,-3
0.575,-1,-2,-1,-4,-1,0,-1,-2
0.58,0,-1,0,-1,-3,-1,0,-2
0.585,0,0,-1,0,-2,0,-1,-1
0.59,-3,0,-1,0,-1,-3,-1,-2
0.595,0,-1,-2,-2,2,-2,-3,1
0.6,-2,1,-2,1,0,-1,0,-2
0.605,-1,-1,-3,-2,-3,-2,0,-2
0.61,-1,-2,-1,-2,-2,-2,0,0
0.615,-1,-3,0,0,0,-1,0,-3
0.62,0,0,-1,-2,-1,-1,-3,2
0.625,-2,-1,-1,0,0,-1,0,-2
0.63,-1,0,-2,0,-1,0,-2,-2
0.635,-1,1,-1,-1,-4,-3,0,-1
0.64,-1,-1,-1,-2,0,-3,-1,-3
0.645,0,-2,0,-1,-1,-1,-1,0
0.65,-3,0,0,-1,1,1,0,-1
0.655,0,-3,0,-1,0,-1,0,-2
0.66,-1,-1,-2,-1,-2,-1,-1,-1
0.665,0,1,0,-1,-3,-1,-2,-1
0.67,2,-1,-2,-4,0,0,-4,-1
0.675,-1,-2,0,0,-2,0,0,0
0.68,-2,-1,-1,-2,0,-1,0,-2
0.685,1,-1,-1,-1,0,-2,0,0
0.69,-3,-2,-2,-1,0,0,-1,0
0.695,0,-2,0,-1,-2,-2,-2,-2
0.7,-2,-1,-3,0,-2,-1,-2,-4
0.705,-2,-1,-1,-1,1,-2,-2,-3
0.71,-1,-1,0,-1,-1,-1,-1,-1
0.715,-2,0,1,-2,-1,-1,-1,0
0.72,-2,-1,0,-1,-1,-1,0,0
0.725,-1,-2,-2,-1,-1,-2,-1,-1
0.73,0,-2,1,-1,-2,-1,0,-1
0.735,-1,-1,-3,-1,0,-2,-3,-3
0.74,0,-1,-2,1,-1,-1,-2,0
0.745,0,-2,-1,-2,-1,1,-1,-4
0.75,-1,1,-2,0,-2,-2,-3,-2
0.755,-1,-2,0,-1,-1,0,-1,1
0.76,0,-2,-2,-3,-1,-1,-1,-1
0.765,-2,0,-1,-2,1,-1,-2,1
0.77,-1,-2,-1,1,-1,-1,-1,-1
0.775,-2,-1,-1,0,0,0,-1,-2
0.78,-2,-1,0,-1,0,-2,0,-2
0.785,-1,-2,0,-3,-3,0,0,-2
0.79,-1,-1,-3,-1,-1,-2,2,-2
0.795,-1,1,-1,1,-1,-2,-1,0
0.8,0,-2,0,1,-2,-3,-3,3
0.805,0,0,-1,0,-2,-1,-1,0
0.81,-2,-2,0,-1,0,-1,-3,-1
0.815,-1,-1,0,-1,0,1,0,-1
0.82,-1,-3,0,-2,0,0,-1,-2
0.825,-1,0,-1,-3,1,0,-2,-1
0.83,0,-2,-1,0,2,-1,-2,-2
0.835,-1,-1,0,0,-1,-2,0,1
0.84,-1,-1,-1,-1,-1,-1,-2,-2
0.845,-1,-2,-1,3,-1,-1,-2,1
0.85,-1,-1,0,0,-3,-3,-1,-2
0.855,0,1,-1,-2,-2,-1,-2,-1
0.86,0,2,-1,0,2,2,0,-2
0.865,-2,-2,0,0,-1,-1,1,0
0.87,-1,0,0,0,0,-1,-2,-1
0.875,1,-2,1,-1,-2,-4,-1,-3
0.88,-2,-1,1,0,-1,-2,-2,0
0.885,-3,-2,-1,-1,0,-2,0,-2
0.89,0,-1,0,-2,0,-1,0,-2
0.895,-2,-2,-2,-2,0,-1,-3,-3
0.9,-1,-2,-2,0,-1,-1,-2,0
0.905,-1,-1,-1,1,-1,-1,-1,-3
0.91,-2,-4,-1,-3,-1,0,-1,1
0.915,-1,-1,-1,0,1,-2,-3,-1
0.92,-2,-1,-2,-2,0,-3,0,0
0.925,0,-1,-1,-2,0,-2,0,0
0.93,-1,-1,1,-1,0,0,0,-2
0.935,-3,-1,-2,0,1,-2,2,-2
0.94,-1,-3,1,0,-2,-3,-1,-3
0.945,-1,-2,-1,-1,-2,0,-2,-3
0.95,-1,0,0,-2,-1,-1,-3,-1
0.955,-1,0,-3,0,1,0,-1,0
0.96,0,-1,-2,-1,0,-1,-2,-1
0.965,-2,0,-1,0,-2,-3,0,-1
0.97,-1,0,-2,0,-2,0,1,-2
0.975,0,-3,-1,-2,0,-2,-2,-1
0.98,-1,-1,1,-3,-2,0,0,-1
0.985,1,-2,0,-2,0,-1,-1,-2
0.99,-1,-1,-2,0,-1,-2,-1,0
0.995,0,1,-1,0,-2,1,-1,-2
1,-2,1,-1,-1,-2,-1,-2,-1
1.005,0,0,0,0,0,-2,-4,0
1.01,-1,0,0,-1,-1,-1,-1,-2
1.015,-1,-2,-2,-3,-2,-1,-1,-2
1.02,-1,-1,-1,-1,0,-2,-2,-2
1.025,-1,-1,0,-1,-1,1,-2,0
1.03,-1,-1,-1,1,-1,0,-1,-1
1.035,0,-2,-2,0,0,-1,0,1
1.04,0,-1,0,-3,-1,-2,0,-2
1.045,-2,-2,-2,-3,-1,-1,0,-1
1.05,1,-2,-2,-2,1,0,-1,-1
1.055,1,-1,-1,0,-3,0,0,-2
1.06,-2,-1,-2,0,-3,-3,-2,-1
1.065,0,-2,-2,0,1,-2,-1,-1
1.07,0,-3,0,-2,-3,0,-2,0
1.075,-1,-2,0,-1,1,-2,-2,-2
1.08,0,0,1,-2,1,1,-1,-2
1.085,-1,0,-2,-1,-2,-2,-1,0
1.09,-1,0,-2,-1,-2,1,-2,0
1.095,-1,-1,-1,0,-1,-2,-1,1
1.1,0,1,-1,-1,-1,1,-1,-1
1.105,-1,-2,-2,-1,-2,-3,-1,-1
1.11,-2,-2,-3,-1,0,-1,-1,-1
1.115,-2,-2,-1,-1,-2,-1,-3,-1
1.12,-1,-2,-1,0,0,-2,-1,-1
1.125,0,-1,0,-1,0,-2,0,-3
1.13,1,-1,-1,-2,-1,-2,-2,-1
1.135,-1,0,-1,-2,-2,-1,-1,0
1.14,-1,0,-1,0,-1,-1,-3,0
1.145,-2,-3,1,-2,0,-1,0,-1
1.15,-1,0,-2,0,-2,-2,-1,-2
1.155,-2,-1,0,-2,1,0,-1,-2
1.16,-1,-2,0,-2,0,-1,0,1
1.165,-1,-2,-1,-3,-2,0,-2,0
1.17,-2,-1,1,0,-1,-3,-1,0
1.175,0,-2,0,0,-3,-1,0,-3
1.18,-2,-2,-4,1,0,-1,0,-3
1.185,-1,-2,-2,0,1,1,-1,-1
1.19,-1,-2,0,0,2,-3,-1,0
1.195,-1,0,-2,-2,-2,-1,-2,0
1.2,-1,-1,0,0,-1,-3,0,-1
1.205,0,-1,-3,0,-1,-1,-3,-2
1.21,1,-1,-3,0,-2,0,-1,0
1.215,-1,-2,1,-2,0,-1,-1,-1
1.22,0,0,-1,0,-1,-1,0,-1
1.225,1,0,-1,-1,-1,-1,-1,0
1.23,-2,0,0,-3,-2,0,0,-1
1.235,-1,-2,-1,0,0,-2,-1,-1
1.24,-2,-3,0,-1,-1,0,-1,-1
1.245,-1,-1,2,-2,0,-2,-1,-1
1.25,-1,-2,-1,-1,1,-1,-2,0
1.255,0,-1,1,-3,0,-1,-1,-1
1.26,0,-1,-1,-4,-1,-2,-1,-1
1.265,-1,-3,-2,-2,1,-2,0,-1
1.27,-1,-1,-1,0,-1,-1,-1,-2
1.275,-1,0,-1,0,-1,-1,-3,-2
1.28,0,-1,0,-1,-2,-2,-2,-2
1.285,-2,-1,-1,1,-2,0,-2,-3
1.29,-1,-1,0,-2,-1,0,-1,-3
1.295,-2,-2,-2,0,0,-2,1,-1
1.3,-1,-2,-4,0,0,-1,-2,0
1.305,-2,-1,-1,-1,-2,-3,0,0
1.31,-1,0,-1,1,1,-1,-1,0
1.315,1,-2,1,-2,-2,-1,-1,-1
1.32,0,0,1,-3,0,0,0,-2
1.325,-1,-2,0,-1,-2,-2,0,-1
1.33,-2,-1,-3,-1,-1,-1,0,-2
1.335,0,-1,-3,-2,0,-2,0,-2
1.34,-2,-1,0,0,-1,0,-1,0
1.345,0,0,0,-1,-2,-1,-1,-1
1.35,-1,-1,-1,-2,-3,-1,1,0
1.355,-1,1,0,-1,1,-2,0,-2
1.36,-1,0,-2,0,-1,-2,-2,-1
1.365,-1,-1,-1,0,-2,0,-2,-2
1.37,1,-2,0,-2,-2,-2,-2,-2
1.375,-3,-2,0,0,0,2,-2,1
1.38,-2,-3,-1,-1,0,-1,-1,-2
1.385,-1,0,0,-1,0,0,-2,-1
1.39,-1,1,-2,-1,0,-1,-2,-3
1.395,-1,-1,0,-1,-5,-1,0,-2
1.4,1,-2,0,-1,-3,0,0,0
1.405,-2,-2,0,1,-3,-1,0,-1
1.41,0,-1,-1,-1,0,-4,-2,0
1.415,0,0,-2,-1,1,-2,-1,0
1.42,-1,-2,-2,-1,-3,-2,-1,-3
1.425,0,0,-2,-2,-1,-1,1,-2
1.43,-2,-2,1,-1,-1,1,-2,-1
1.435,-2,-3,-2,0,-1,-2,-1,0
1.44,0,-1,0,-3,2,-1,-2,0
1.445,-1,-1,-1,0,0,-2,-1,-1
1.45,-1,-2,0,-2,-2,-1,-1,-2
1.455,0,-1,-2,-2,-1,0,0,-2
1.46,-1,-1,-2,-1,-1,-2,-2,-1
1.465,-1,-3,0,-2,0,0,-2,-2
1.47,-1,-2,-1,0,0,0,-3,0
1.475,1,-2,-2,-1,0,-1,-1,0
1.48,0,-1,-1,-2,-1,-2,-2,0
1.485,-1,-1,-3,-1,-1,-1,0,0
1.49,-1,-1,-1,-1,-1,-3,-1,-1
1.495,-2,-1,-1,-1,-1,-1,-1,-1
1.5,-1,1,0,0,0,-1,0,-1
1.505,-2,-1,-2,-2,-2,-1,-2,1
1.51,0,1,-3,-2,-2,-1,-1,0
1.515,-1,0,0,0,-2,-2,-2,-2
1.52,-3,-3,-1,1,-1,1,-1,-1
1.525,0,-2,0,-2,-1,0,-3,-3
1.53,-2,-1,0,-2,0,0,-1,-2
1.535,0,-1,-1,-1,-2,-2,-1,-1
1.54,-1,0,-3,-1,-3,0,0,-2
1.545,-2,-1,0,0,0,-3,1,-2
1.55,-1,-4,-1,0,-2,-2,-1,2
1.555,-1,0,-1,-1,-2,-1,0,-1
1.56,-1,-3,-2,0,1,0,0,0
1.565,-1,-2,0,0,1,0,-2,-2
1.57,-2,1,0,-1,-1,-1,0,-2
1.575,-1,-1,0,-1,0,-1,-2,0
1.58,-2,-1,-2,0,-3,0,0,0
1.585,0,-1,-2,-2,-2,-2,-1,0
1.59,-2,-3,-1,0,-1,0,-1,0
1.595,0,-2,0,-2,-2,-2,-2,0
1.6,-2,2,1,-2,0,-1,-1,1
1.605,-2,-2,0,-2,-1,-1,-1,-1
1.61,-2,-4,0,-2,-1,0,-2,-2
1.615,0,-2,-2,-1,0,-2,0,-2
1.62,0,-1,-1,-4,0,0,-1,-2
1.625,-1,2,-2,0,-3,0,-3,1
1.63,0,-2,1,-1,0,-1,0,-2
1.635,-2,-1,-2,-1,-1,0,0,0
1.64,-2,-2,-1,0,1,-1,-1,-4
1.645,-1,-2,-1,-1,-2,-1,0,-2
1.65,-2,0,-2,-1,0,-1,-1,-1
1.655,-3,-3,0,-1,-1,-2,-2,-2
1.66,-1,-2,2,0,-2,-1,-2,-2
1.665,-1,-2,0,-2,-1,-1,-1,-1
1.67,0,0,-2,-2,-1,-3,1,-1
1.675,-1,-1,-1,-1,-3,0,-3,-1
1.68,-1,-2,-1,-3,-2,-2,-1,-1
1.685,0,-1,-2,0,0,0,0,-3
1.69,-2,-1,-2,-1,-2,1,0,-2
1.695,-1,-1,-1,-2,1,-1,-1,0
1.7,-1,-2,-2,0,-3,-1,-2,-3
1.705,-1,-3,-2,-1,-2,-1,0,-1
1.71,0,-1,-1,-1,1,0,-1,-2
1.715,0,0,-1,-1,-1,-1,0,0
1.72,0,-3,-2,-2,-2,-2,1,0
1.725,-1,-2,-1,-1,-1,-4,0,-1
1.73,-2,-1,-1,-1,-2,-1,-3,-1
1.735,-1,0,-1,-1,-2,-2,-2,-2
1.74,-2,0,-2,-3,-1,0,-2,0
1.745,-1,-1,-1,0,0,-1,-4,2
1.75,0,-2,-2,0,-3,1,-3,0
1.755,-1,-1,1,0,0,0,-1,-1
1.76,-3,-4,-3,0,0,0,-1,-1
1.765,-2,-2,-1,-1,-1,0,1,-1
1.77,0,0,-2,-1,1,-1,-2,-2
1.775,-1,-2,-2,-2,0,-1,-1,1
1.78,0,-1,-1,1,-2,0,-1,2
1.785,-2,-1,-2,-1,0,0,-3,1
1.79,0,-3,-1,-1,-2,0,0,-2
1.795,-2,-2,-2,-1,-2,-1,-1,-1
1.8,-1,-1,-2,-1,-1,-1,1,-2
1.805,-1,-2,1,-2,-1,-2,0,-1
1.81,-2,-1,0,-1,-1,-2,0,-1
1.815,-1,-2,1,-1,-2,-1,-1,-4
1.82,0,-1,-1,-1,-1,-1,-3,0
1.825,1,1,-1,0,-2,-2,-1,-1
1.83,-1,-2,0,0,-3,-2,-4,-1
1.835,0,0,-4,0,0,-2,-1,0
1.84,-1,-2,-2,0,-1,0,0,-1
1.845,-1,-1,0,-1,-1,-2,1,-2
1.85,-1,-2,-2,0,-4,-2,0,1
1.855,0,0,0,0,0,1,-1,-1
1.86,-1,-1,-1,-1,-1,-2,-1,0
1.865,0,0,-2,-2,0,-1,-3,-1
1.87,0,0,-3,0,0,-1,0,0
1.875,-1,-1,-1,-2,-2,-2,-2,-1
1.88,-1,-1,-2,-1,0,0,0,0
1.885,0,-3,0,1,-1,0,-2,0
1.89,-2,1,-1,-2,1,-3,-1,-1
1.895,-1,-1,0,-2,0,-1,-2,0
1.9,-1,0,0,-2,-3,-1,-2,-1
1.905,-2,-1,-2,0,-3,1,-1,0
1.91,-1,-2,-1,-1,1,-1,-1,-2
1.915,0,-2,1,-1,0,-2,0,-3
1.92,-1,-1,0,-2,2,0,-1,-2
1.925,-1,-2,-3,0,0,0,-1,-3
1.93,-1,0,0,0,0,0,-1,-1
1.935,-1,-2,-1,-1,-2,1,0,1
1.94,-2,-2,0,0,-2,-3,0,-2
1.945,1,0,-1,-3,-1,-3,0,-1
1.95,0,-4,-2,-1,0,-1,0,1
1.955,-1,-2,-1,0,0,-1,-1,-2
1.96,0,0,-3,0,-2,-2,-2,1
1.965,-3,-3,1,-1,-1,-1,0,-1
1.97,-1,-1,0,-4,-1,0,-2,0
1.975,0,-2,-3,-4,-1,1,0,0
1.98,0,-1,-1,0,0,0,-1,-2
1.985,-2,-1,-1,-2,0,-1,-2,-2
1.99,-2,-2,-2,-1,-4,-2,-1,0
1.995,-1,0,-1,0,0,-1,-1,0
2,-2,-1,1,-1,-2,-1,-2,-1
2.005,-1,-2,-2,-1,-1,-2,0,0
2.01,-2,-2,2,-1,-1,-2,0,-2
2.015,-1,-1,-1,-2,-1,-1,-2,0
2.02,0,0,1,-2,-3,-1,0,-1
2.025,0,0,-1,0,0,0,0,-2
2.03,-1,-2,-2,0,-1,-1,0,-1
2.035,-2,-2,0,-1,-1,-2,-1,-1
2.04,-1,-1,-1,-2,0,-2,-1,-2
2.045,-1,-2,1,1,-1,-2,0,0
2.05,-2,0,0,-1,-1,-1,0,0
2.055,-1,1,0,-1,-2,-1,0,-1
2.06,-3,-1,-4,-1,1,-2,-1,-1
2.065,-2,0,0,-2,-1,0,0,-1
2.07,-1,-2,-3,-2,-1,-1,-1,-2
2.075,1,0,-2,0,-2,-2,-4,0
2.08,0,-2,-2,-2,-1,0,1,-2
2.085,-1,0,-2,0,-2,-2,-2,-1
2.09,-1,-1,1,-2,0,-1,-2,-1
2.095,-2,0,-2,0,-1,-2,0,-2
2.1,-1,-2,0,-1,-2,0,-2,-1
2.105,-2,-2,-3,-1,-2,1,-1,-1
2.11,0,-3,-1,0,0,-1,-1,-3
2.115,-1,-3,-2,1,0,1,0,-2
2.12,0,-2,-2,-1,0,-1,0,0
2.125,-2,-1,-1,-1,0,-2,0,0
2.13,0,-1,-1,-1,-3,-1,0,-1
2.135,-1,-1,0,-2,-2,-2,-1,-1
2.14,-1,-3,0,-1,-1,-1,-2,-1
2.145,0,-1,-1,0,-1,-1,-2,0
2.15,-1,1,-2,0,-2,-1,0,-2
2.155,0,-1,0,-2,1,-1,0,-1
2.16,-2,0,-3,-2,-2,-1,-1,-1
2.165,-2,-2,2,-4,-1,1,-1,0
2.17,0,0,-2,-1,-1,0,-2,-1
2.175,0,-3,-1,0,-1,-1,0,-2
2.18,-1,0,-2,0,-1,-1,-1,-1
2.185,-1,-1,-1,-2,-1,-1,0,-2
2.19,-1,-1,1,-1,-1,-1,-2,-2
2.195,0,-1,-1,-1,0,0,-2,-1
2.2,-1,-2,1,0,-2,-3,-2,0
2.205,-1,0,-3,-1,-2,-3,-1,-2
2.21,-1,-2,-2,-1,-1,0,0,0
2.215,-1,-2,0,0,0,-1,-1,-1
2.22,0,0,-1,0,-1,-1,-2,-2
2.225,-2,-1,0,-1,0,-1,0,-2
2.23,0,-1,-2,-1,1,-1,-3,-1
2.235,-2,-1,0,-1,-1,-3,-1,2
2.24,0,-2,-2,-2,-1,0,1,0
2.245,-2,-2,0,-2,-2,0,-1,1
2.25,-1,-1,-1,-1,0,-1,0,0
2.255,-2,-2,-2,-1,-2,-2,-2,-4
2.26,0,0,1,1,0,-1,-2,-2
2.265,0,-2,-2,-3,-1,0,-3,-2
2.27,-1,0,-1,-2,0,-3,0,0
2.275,-2,-2,1,-2,0,0,-1,-3
2.28,-2,-1,-1,0,-1,-1,0,0
2.285,-1,-2,1,-2,0,-2,0,0
2.29,-1,0,1,0,0,0,-1,1
2.295,-1,0,-2,-2,0,-1,0,-1
2.3,-2,-2,-2,-2,1,0,-2,-1
2.305,0,-1,-1,-1,-2,-1,-1,-1
2.31,0,-2,-2,0,-3,-1,-1,-1
2.315,-1,0,-2,-1,-2,-1,-1,0
2.32,-1,-1,-1,-2,-2,-1,-2,-1
2.325,1,-1,-1,-1,-2,-1,-1,2
2.33,-2,0,0,-2,-3,-2,-2,-2
2.335,0,-2,-1,-1,0,-2,-1,0
2.34,0,-2,-2,0,0,0,1,-2
2.345,-1,-3,-3,-1,-2,-3,-3,-2
2.35,-2,-2,-1,0,-1,1,-2,-2
2.355,0,-2,0,-2,0,-1,-2,-1
2.36,-2,-2,2,-1,0,-1,-2,-1
2.365,-3,-1,0,0,0,-1,-1,-1
2.37,-1,-2,-2,-1,-1,-3,-2,-1
2.375,-2,-1,0,-1,-1,-2,-2,-1
2.38,0,-3,-1,-2,-2,-1,-1,0
2.385,-2,-1,-3,-1,-1,0,-1,-2
2.39,-1,0,0,-3,-1,-2,-1,0
2.395,-1,0,0,0,-1,0,1,-1
2.4,-3,0,-3,-1,-2,0,-2,-2
2.405,-1,-2,0,-2,0,-3,-2,-3
2.41,-2,-2,-1,-3,-3,-1,-1,0
2.415,-2,-1,-3,0,-1,-2,-1,0
2.42,1,-1,-2,-2,0,-2,0,0
2.425,0,-3,0,0,-1,-2,-2,-1
2.43,-1,-3,-2,-1,-1,-1,-1,-2
2.435,-2,-1,-1,1,-2,0,-3,1
2.44,-2,-2,-1,-3,1,-1,-1,-2
2.445,-1,1,-2,1,0,-1,0,-4
2.45,0,0,1,0,-2,-3,-2,-1
2.455,-1,-1,0,-2,-1,-3,-1,-2
2.46,0,0,-1,0,-2,-2,0,-1
2.465,0,0,2,-1,-3,-1,-1,0
2.47,-2,-2,-1,-1,-1,0,-2,-2
2.475,0,-2,-1,-1,-2,-1,-2,-1
2.48,-2,-1,-2,-1,-2,-2,0,-1
2.485,-2,-1,-2,-1,-2,-2,0,-1
2.49,-2,-1,-1,-1,2,0,-1,-3
2.495,-2,-3,-4,-3,-1,-2,-2,-1
2.5,0,-1,1,0,-1,-1,-2,0
2.505,0,-1,-4,-1,-4,-1,-2,-3
2.51,-2,-1,-2,-2,1,1,0,-1
2.515,-1,-1,1,-1,0,1,-2,-1
2.52,-1,-1,-2,0,0,-1,-1,-2
2.525,-2,0,0,-3,1,-1,0,0
2.53,2,-2,-1,0,-4,-1,-2,0
2.535,1,2,-1,6,-6,-3,0,-2
2.54,-1,0,-2,-22,1,-1,-1,-1
2.545,-1,-5,7,2,-1,2,-2,1
2.55,0,0,-2,-6,-3,-3,-2,-2
2.555,-2,-1,-7,10,4,-1,-1,0
2.56,4,16,11,4,-11,-2,-1,0
2.565,-6,-22,-13,-8,2,-4,-2,-3
2.57,0,5,3,14,-9,-4,0,-1
2.575,0,0,6,-11,-2,-1,-2,-3
2.58,-4,-1,20,6,2,1,-1,-1
2.585,2,4,-22,-30,14,3,2,1
2.59,-3,-9,3,25,-10,-1,-1,-1
2.595,-3,1,6,-15,-6,-2,-2,-4
2.6,0,1,4,43,-3,-1,-1,-1
2.605,2,11,12,-51,-6,-4,-2,0
2.61,-3,-25,2,17,-3,1,-2,-1
2.615,-1,6,-4,16,0,0,2,2
2.62,-3,-4,10,-34,5,-1,-1,0
2.625,-2,-12,-35,44,-18,-6,-2,-2
2.63,-2,-1,36,-10,11,-1,0,0
2.635,0,-12,-13,-10,-4,1,2,1
2.64,2,8,-4,10,-2,-2,0,-1
2.645,-3,9,-18,28,2,0,0,-2
2.65,-1,11,21,-48,-14,-8,-3,-3
2.655,4,-1,-20,-90,21,7,4,3
2.66,0,-4,-15,69,0,2,0,-2
2.665,0,-4,-3,17,20,6,0,-2
2.67,2,3,-27,18,-4,1,0,1
2.675,1,9,53,19,-12,-4,-1,-2
2.68,-2,-16,-46,-19,-4,-3,-4,-1
2.685,-1,6,63,4,-2,-4,0,-1
2.69,-6,-29,-75,-25,4,0,1,-4
2.695,-1,4,-5,-1,-1,-1,-1,2
2.7,-3,5,36,-4,-4,-2,-2,-2
2.705,-4,-14,-12,9,-9,-4,-4,-2
2.71,0,14,18,-25,10,1,1,-1
2.715,-1,0,3,-3,-6,-4,-3,-4
2.72,-1,-12,-13,-19,1,1,-1,-3
2.725,4,13,27,9,-5,1,-1,3
2.73,-3,7,-6,1,-2,0,0,-1
2.735,-4,-14,-14,20,4,1,-2,-3
2.74,0,4,1,-5,0,0,0,5
2.745,2,16,-15,-3,-1,0,-1,-2
2.75,-3,-27,3,3,-2,-4,-2,0
2.755,-2,0,-59,4,-5,-5,-2,-4
2.76,-2,-7,1,22,-1,-2,-1,-3
2.765,0,7,13,-51,-6,-1,-1,1
2.77,1,-4,-26,-5,0,1,0,0
2.775,-3,7,24,21,3,-1,0,-3
2.78,-1,-8,-15,-4,-5,-4,-2,-2
2.785,-1,-2,0,2,0,-1,-2,-2
2.79,1,12,26,9,-1,-1,-1,0
2.795,0,-12,-32,13,-3,-3,-3,-1
2.8,-4,7,5,-54,-3,1,0,-1
2.805,-2,-12,3,13,0,2,0,0
2.81,5,25,17,9,2,0,-1,0
2.815,0,-10,-51,0,-3,-4,-2,-1
2.82,0,12,14,-6,-2,-3,-2,-5
2.825,0,-24,-5,7,-3,-2,0,1
2.83,-1,6,-2,2,3,-1,0,-3
2.835,3,9,21,-16,-6,-1,-1,0
2.84,1,-7,-6,19,4,1,0,-1
2.845,-1,1,-9,-5,-5,-2,-1,-2
2.85,1,2,11,15,8,2,1,2
2.855,-2,5,11,27,-16,-7,-3,-3
2.86,-4,-8,-3,-53,3,0,-3,0
2.865,1,7,9,7,-4,0,1,0
2.87,0,-2,4,9,-5,-3,-1,-3
2.875,-1,-5,33,-3,-1,1,0,0
2.88,1,7,-16,1,-9,-5,-3,1
2.885,-7,-21,-9,9,6,-1,-1,-1
2.89,3,10,-5,-23,-8,1,1,0
2.895,-5,-7,8,22,8,0,0,-2
2.9,0,-1,6,12,-2,1,0,0
2.905,1,3,-3,-24,-6,-5,-2,-2
2.91,-1,-3,-63,21,-11,-5,-2,-3
2.915,-1,1,27,-43,0,4,-1,2
2.92,-1,-5,3,9,31,5,-1,1
2.925,-2,1,-8,15,-11,-4,-2,-3
2.93,-6,-21,-69,2,0,-4,-4,-4
2.935,0,9,36,-35,-4,0,0,0
2.94,1,2,-8,14,-5,-1,0,-2
2.945,2,3,27,14,8,5,2,-3
2.95,0,7,16,-22,-4,-3,-4,-2
2.955,-3,-12,-10,33,-11,-6,-1,-1
2.96,-1,0,18,16,29,4,0,0
2.965,-3,0,-31,12,12,5,0,-1
2.97,-3,-3,31,2,-3,-1,-1,-2
2.975,-4,-8,-2,20,-1,-2,0,0
2.98,-2,-5,-1,-20,-18,-7,-1,-2
2.985,-2,-8,-11,-2,-6,-3,-4,-1
2.99,-2,-3,12,-6,4,0,1,-2
2.995,-1,7,14,8,11,-1,-1,2
3,3,-9,-16,4,-9,-1,1,-2
3.005,-1,-1,3,-4,0,-2,-2,-4
3.01,-1,4,5,-20,-3,-3,-2,-2
3.015,3,11,1,12,-13,1,-2,0
3.02,-4,-1,-6,-41,9,3,1,-2
3.025,2,7,35,13,-2,-1,-2,3
3.03,-3,-12,-24,7,-14,-3,-1,-1
3.035,-1,3,-23,9,13,3,0,1
3.04,-1,-6,5,0,-10,-4,-3,-2
3.045,1,12,-5,1,-4,-2,1,-1
3.05,-1,-8,21,7,6,3,0,3
3.055,1,-2,-2,-15,4,0,0,-2
3.06,-1,0,35,8,-7,-3,-2,0
3.065,-4,-2,-51,-24,-1,-3,-1,-4
3.07,0,-1,28,5,1,0,1,1
3.075,0,-4,-10,-10,5,-1,-1,0
3.08,0,1,13,1,-1,-3,0,-1
3.085,-2,-2,10,-13,-7,-2,-5,-1
3.09,-2,4,20,-6,9,-2,-4,0
3.095,-1,-8,-4,2,5,3,1,-2
3.1,-3,-13,-16,19,-9,-6,-10,-4
3.105,0,-1,-39,-29,-4,-2,7,0
3.11,3,7,5,2,1,1,1,1
3.115,-4,-10,25,4,0,-5,-7,-3
3.12,-2,-7,-83,-20,-6,-5,-15,-6
3.125,-6,-13,-13,7,3,9,5,2
3.13,0,4,-5,20,6,-2,-13,-2
3.135,-4,-4,-24,-7,-6,0,7,-5
3.14,4,12,10,-14,-4,-5,3,3
3.145,3,-4,-14,-11,-3,-5,-14,-5
3.15,-1,1,10,27,4,1,5,0
3.155,2,11,20,2,0,-3,-3,1
3.16,-7,-15,-12,17,-5,0,0,-6
3.165,-7,9,43,24,0,-4,-3,-8
3.17,-8,3,11,-13,-3,-8,-6,13
3.175,-12,-6,-10,7,-3,-6,-9,-1
3.18,7,0,2,5,-1,0,-1,3
3.185,-7,-5,-11,-7,-1,-1,-1,-7
3.19,4,11,17,-1,-1,-2,-5,8
3.195,-3,-3,-3,2,-2,-1,1,-3
3.2,4,-1,-11,-5,-3,-5,-12,-6
3.205,-5,-3,-10,-2,-2,1,-1,-1
3.21,19,6,8,0,-2,-4,0,0
3.215,-28,-9,-5,2,0,-4,-4,-3
3.22,-6,-2,34,6,4,12,32,2
3.225,-18,-26,-24,-7,-1,-7,-10,1
3.23,33,18,10,2,0,0,4,-3
3.235,26,-2,-8,2,-2,-3,-15,-3
3.24,-18,-2,-7,-5,-3,-3,16,-10
3.245,8,-1,4,-2,1,2,-7,4
3.25,20,-5,-12,0,-1,-1,-13,4
3.255,-16,2,15,4,-1,-2,9,-10
3.26,-8,-6,-13,-6,-1,-2,-11,0
3.265,23,2,-4,0,-2,1,-1,5
3.27,-31,5,10,4,-1,0,15,-4
3.275,2,-1,-4,-4,-5,-6,-23,3
3.28,-7,16,-1,-1,3,8,12,15
3.285,2,6,10,-2,-2,0,19,-12
3.29,15,6,-7,-3,-2,-8,-28,2
3.295,10,8,-2,-1,-1,-2,-5,-1
3.3,-43,-11,4,-2,-1,2,14,2
3.305,-74,-20,-7,-1,-1,0,21,10
3.31,17,17,-13,-6,-4,-9,-33,-2
3.315,45,23,1,-1,-4,-7,-9,7
3.32,-2,-2,44,5,2,-1,4,-7
3.325,39,-18,-23,-1,1,3,4,17
3.33,-22,9,46,-2,-5,-4,4,-17
3.335,10,3,-30,-4,3,1,-4,0
3.34,2,-10,10,3,-1,8,28,6
3.345,-5,15,2,-5,0,-7,-13,0
3.35,-5,9,21,4,-2,-1,15,4
3.355,3,11,17,0,-2,-4,-19,0
3.36,-9,-6,-43,1,1,4,2,-11
3.365,17,0,10,-4,-1,1,8,4
3.37,1,-8,-6,-2,-1,-7,-22,-4
3.375,-28,24,33,-1,-2,-2,5,0
3.38,-5,-4,-52,0,-1,-6,-9,-14
3.385,2,-15,-14,-6,-5,-2,-10,0
3.39,0,-9,32,5,-1,3,7,14
3.395,16,-8,-15,-1,-4,-4,1,-8
3.4,-2,-1,32,-5,2,-5,-8,-6
3.405,-4,-2,-23,-5,-2,-1,4,-2
3.41,7,4,27,3,-4,-2,5,-4
3.415,-30,-2,-6,-1,3,2,-5,2
3.42,-6,-28,48,20,3,5,10,4
3.425,5,32,15,-7,1,5,7,-4
3.43,-7,-12,-51,-9,-1,-5,-7,-6
3.435,16,18,6,4,-1,-4,9,-2
3.44,-2,-34,15,9,1,7,11,6
3.445,-16,2,-7,-16,-3,-3,-5,3
3.45,17,35,-38,27,2,-2,-7,1
3.455,-49,-42,-4,18,-1,-6,0,-12
3.46,26,44,22,-30,0,5,9,1
3.465,-15,-8,41,27,-8,-7,-6,1
3.47,-2,-3,5,-12,1,3,-2,12
3.475,16,-22,-91,-20,-4,1,3,1
3.48,-9,5,92,26,-1,-10,-7,-10
3.485,-9,16,-46,-31,-2,0,-12,10
3.49,35,-14,66,-14,0,0,21,-5
3.495,-10,-7,19,17,13,6,4,7
3.5,31,-15,38,10,-11,-9,-11,2
3.505,-93,26,40,-17,5,0,1,-6
3.51,-35,-8,-32,8,-22,-19,-24,-28
3.515,4,-37,22,-35,2,5,4,-4
3.52,-10,33,-128,-11,-3,-1,7,7
3.525,34,-43,91,24,4,2,5,3
3.53,-1,-4,-97,-56,-1,-5,-3,0
3.535,-28,11,21,-26,-5,-5,-1,-8
3.54,-28,-44,-66,-3,-11,-1,-3,-6
3.545,14,-2,-12,8,-5,-3,-1,6
3.55,-7,9,1,18,8,5,-9,-3
3.555,76,12,21,0,-12,-7,-3,6
3.56,-10,-15,-61,-16,12,13,17,9
3.565,39,10,-1,7,-3,-1,0,-7
3.57,5,10,54,5,-2,-3,-5,-5
3.575,-11,-19,-7,3,3,2,6,13
3.58,3,29,39,6,0,-4,-22,-12
3.585,-4,1,0,-2,-1,-1,10,1
3.59,-11,-22,-14,0,-1,-4,4,-1
3.595,-1,-15,-6,9,0,5,11,4
3.6,-1,7,-24,-10,0,-3,-7,-9
3.605,-1,1,0,-22,-4,-3,-1,-5
3.61,-2,-2,-8,21,4,3,5,0
3.615,11,17,14,18,2,2,-5,1
3.62,-42,-9,2,-12,-2,-3,1,1
3.625,5,2,9,4,2,-2,-10,-19
3.63,1,11,28,-4,-3,2,11,13
3.635,18,-1,3,-1,-4,0,-1,-5
3.64,10,1,-15,-4,0,1,1,-1
3.645,-2,-19,28,15,1,4,5,6
3.65,1,-8,19,8,3,0,-5,-6
3.655,-2,25,-27,-6,-5,-7,-1,0
3.66,7,-26,85,11,-2,-7,-4,2
3.665,-5,-9,-20,9,-2,-1,-3,-7
3.67,4,-3,-52,-9,3,1,-10,11
3.675,30,18,12,-12,-4,-2,5,-2
3.68,-13,21,1,4,1,1,-9,-3
3.685,-28,0,-39,-4,-6,-4,4,10
3.69,4,-31,13,-7,-5,1,-1,-12
3.695,-1,2,-16,8,0,-3,-8,6
3.7,-2,-18,4,-12,0,1,11,-3
3.705,18,-1,-12,-23,-10,-2,11,7
3.71,-55,13,27,3,1,2,-9,-12
3.715,-15,-1,-5,-4,2,-1,-3,-1
3.72,13,-10,-5,6,-3,-4,-7,-1
3.725,19,-2,-2,0,-2,-8,0,-6
3.73,-32,2,15,0,4,15,28,3
3.735,28,-13,-82,7,-2,-2,4,6
3.74,-27,0,-3,-5,-3,-11,-39,-15
3.745,-31,10,-1,-2,-3,-2,-1,1
3.75,-1,-20,10,1,-5,-22,-66,-10
3.755,-10,5,5,6,3,16,23,-1
3.76,33,3,4,1,-1,-4,25,3
3.765,-9,4,-9,-11,-8,-31,-55,-11
3.77,3,-4,1,-1,0,17,11,-6
3.775,-54,4,14,0,0,-7,-7,-11
3.78,56,-3,-16,-6,1,10,10,25
3.785,4,-6,4,-2,1,6,9,2
3.79,-8,14,-8,-3,-5,-10,32,-3
3.795,37,-13,2,7,-1,-8,-50,-2
3.8,-5,7,4,-5,-3,-4,35,0
3.805,8,3,6,0,0,12,-1,-7
3.81,-56,-22,21,9,6,-3,-24,-9
3.815,-1,10,14,-5,-2,-2,-20,-3
3.82,1,-25,-14,7,8,22,59,5
3.825,10,-12,-20,-5,-3,-7,-9,-30
3.83,5,29,11,-1,-4,-8,-12,20
3.835,18,10,10,0,4,10,21,-5
3.84,4,4,2,-3,-5,-18,-18,-13
3.845,-21,6,3,-4,-3,6,17,12
3.85,-10,16,-18,-2,-1,-4,-16,-8
3.855,7,-10,-56,-1,-2,-3,-8,-8
3.86,12,-5,9,4,0,-3,-1,13
3.865,8,3,-7,-7,-3,-6,5,3
3.87,32,1,-15,-3,-5,1,19,0
3.875,17,3,12,0,-3,-4,-15,11
3.88,21,0,-18,-8,-1,0,6,-37
3.885,20,17,17,0,-3,-4,-3,7
3.89,12,1,1,-4,-3,4,10,-2
3.895,-18,-1,-10,-3,0,-1,10,4
3.9,-6,-9,56,5,-3,2,6,1
3.905,41,-7,-24,-4,0,-3,-28,-18
3.91,-27,-7,-5,-1,1,1,6,17
3.915,9,16,10,-3,-4,-6,4,-6
3.92,-21,-19,13,7,1,-1,-11,-2
3.925,11,10,-7,-1,-2,2,16,-2
3.93,6,-21,12,2,1,-4,-12,10
3.935,2,-1,2,1,1,4,5,0
3.94,-11,-3,-25,-1,-1,-1,1,3
3.945,-2,0,10,1,-1,-2,3,0
3.95,2,2,-7,-1,-3,1,3,-4
3.955,-9,-16,8,0,-1,0,7,-2
3.96,-10,-8,-7,0,-1,1,0,-3
3.965,2,9,0,-2,-1,-3,0,6
3.97,-1,-10,-16,-8,0,3,1,-6
3.975,1,-7,-26,8,-2,0,5,-2
3.98,-6,12,14,3,-10,-6,-12,2
3.985,0,-25,-70,-25,6,-1,7,3
3.99,4,-1,4,3,-13,0,4,-1
3.995,-6,6,44,-2,5,-2,-3,-5
4,-7,-6,-6,33,-3,3,0,3
4.005,-6,8,0,-20,-18,-7,0,-1
4.01,0,4,-14,44,18,5,1,-5
4.015,1,-16,-18,-54,6,-5,-3,-2
4.02,-4,12,25,-27,-8,0,1,0
4.025,2,-18,-62,6,18,7,6,3
4.03,5,28,20,46,-28,-10,-7,-3
4.035,1,9,45,-25,42,5,3,1
4.04,-3,-6,-12,-4,-11,-4,-1,-1
4.045,8,28,38,22,2,6,5,2
4.05,-8,-33,2,-45,-4,-5,-3,-9
4.055,0,4,-29,37,9,6,5,1
4.06,-4,7,-39,-48,-9,-7,-2,-2
4.065,-4,-13,37,25,-8,-1,-1,0
4.07,0,1,8,-54,20,3,-2,-1
4.075,-1,-10,-10,20,-21,-3,-2,-3
4.08,-3,-14,-19,-7,-1,-1,-3,-2
4.085,-1,-10,-11,-11,-8,-2,1,0
4.09,0,10,-9,-2,-8,-1,3,0
4.095,-3,-2,-5,37,-1,-3,-1,0
4.1,-7,-18,-24,-41,4,-3,-4,-1
4.105,-1,0,0,16,-2,-2,3,0
4.11,-2,0,6,6,4,2,1,-2
4.115,0,-3,-26,-19,-19,-2,0,0
4.12,0,4,38,43,15,2,-1,-2
4.125,-1,-11,-7,-12,-4,-5,-4,-3
4.13,1,-5,-5,2,3,-2,-1,-4
4.135,-5,-5,-9,-17,-8,0,0,-3
4.14,-1,8,24,13,-3,-1,-3,-2
4.145,0,-2,17,8,4,1,0,1
4.15,-6,-3,-2,-4,0,-6,-3,-1
4.155,1,22,-36,-7,-18,-5,-3,0
4.16,10,2,15,3,5,-1,0,-2
4.165,-10,0,15,3,0,-2,-4,-3
4.17,3,-18,-3,-13,-4,3,1,0
4.175,0,15,57,15,-2,-4,-2,-2
4.18,-1,7,-42,-3,4,1,-1,0
4.185,7,11,85,-2,-9,-3,0,3
4.19,6,-29,-81,-3,-2,-4,-2,-4
4.195,2,4,32,-8,-5,-4,0,1
4.2,-8,-40,-59,-24,13,4,2,1
4.205,-2,18,41,1,6,1,-3,-4
4.21,-16,5,3,1,-14,-1,-2,-2
4.215,20,24,38,33,-1,4,2,4
4.22,-22,-40,-98,23,12,-3,-2,-3
4.225,1,5,1,-17,-5,-4,-5,-4
4.23,14,24,40,4,2,0,-1,0
4.235,-15,-37,-91,-10,-11,-6,-5,-6
4.24,18,8,60,6,-6,-2,-1,2
4.245,-14,3,-20,0,8,-1,4,2
4.25,12,22,3,6,0,-1,-2,1
4.255,-2,13,3,-6,3,1,0,-2
4.26,-4,-28,52,-12,-8,-1,-1,-3
4.265,3,-24,-28,-5,-5,-5,-5,0
4.27,6,22,80,12,4,2,1,-4
4.275,-1,8,2,4,2,7,10,-2
4.28,-3,2,-5,2,-2,-3,-27,-1
4.285,-3,-15,-73,-9,-7,-8,9,-4
4.29,-26,17,5,-2,2,1,-8,19
4.295,4,-5,-24,-2,2,0,16,-12
4.3,-18,-51,-36,-7,0,-7,-3,-7
4.305,37,27,2,1,-1,-5,-16,9
4.31,-31,-34,-4,0,-3,-2,-9,-2
4.315,-1,-15,4,2,-1,2,-12,2
4.32,-34,38,63,7,3,5,32,12
4.325,4,36,-9,-3,1,2,-1,-2
4.33,21,37,88,10,-1,2,0,-6
4.335,-19,16,-2,-6,0,0,3,-3
4.34,30,41,-2,14,-2,9,11,6
4.345,-6,24,-95,-7,1,-8,0,1
4.35,-1,2,-30,-3,2,-1,-2,-8
4.355,-6,21,24,4,1,3,3,7
4.36,12,-16,-66,-7,-2,-1,5,-7
4.365,-5,-22,25,7,0,5,1,6
4.37,13,-25,-33,-1,-2,-4,-2,-1
4.375,-14,-28,18,4,3,7,9,0
4.38,4,-15,-13,-5,-2,-6,-9,-2
4.385,-11,-5,8,-7,-6,-7,-2,-15
4.39,2,0,-21,-1,-1,2,-11,-1
4.395,-36,-28,24,17,7,5,16,0
4.4,31,-8,14,-6,1,4,4,4
4.405,-13,-3,47,2,-1,-2,-1,-2
4.41,-27,28,3,-2,-6,-7,-16,2
4.415,15,-2,38,2,4,1,2,-21
4.42,-9,7,-6,-1,1,-3,1,-10
4.425,-5,-20,10,0,-1,0,13,3
4.43,43,22,2,-4,-6,-17,-35,29
4.435,-14,-18,-30,-8,-10,-8,-4,-12
4.44,-32,-6,-6,1,13,29,32,-16
4.445,16,-3,36,2,0,-5,-10,-13
4.45,16,-7,-12,5,1,0,12,21
4.455,-8,14,-21,-3,-5,-7,-9,-10
4.46,-4,13,-3,-1,-2,-10,3,4
4.465,-2,-9,0,5,2,4,-17,-16
4.47,-3,-11,-81,-9,0,2,12,-6
4.475,7,-7,12,-2,-3,-6,-27,3
4.48,-3,-22,-26,-6,-4,-5,8,-10
4.485,-12,-6,-13,-1,-3,1,2,22
4.49,-1,1,2,-1,-2,-4,-4,-9
4.495,8,-2,26,-2,2,8,7,0
4.5,-3,-7,-6,-1,-2,-17,1,-2
4.505,-6,-7,-13,-4,-1,19,33,15
4.51,-2,13,24,-1,-3,-1,2,-3
4.515,-43,-15,-21,-4,-4,3,1,-22
4.52,4,-5,15,-1,-5,-24,-47,5
4.525,0,0,-24,-9,-3,1,12,1
4.53,-15,-6,16,2,2,5,-24,-11
4.535,15,-1,-18,-2,1,11,43,12
4.54,21,-14,9,3,1,-11,-63,-2
4.545,-20,-5,2,-8,-10,-12,-32,-3
4.55,3,-1,14,4,5,15,23,6
4.555,12,-14,-13,-2,-3,-7,-33,-12
4.56,-6,-2,11,-1,-1,7,38,-8
4.565,7,-3,-6,-1,2,-7,-37,-22
4.57,-15,-3,12,-2,-3,-5,-9,7
4.575,12,5,-57,-8,-3,-8,3,23
4.58,4,2,-3,-1,1,7,35,5
4.585,-30,-4,-1,-2,-2,-9,-11,0
4.59,32,2,-12,-4,-3,4,20,-15
4.595,-41,-6,28,3,1,-4,-26,-4
4.6,-6,-6,-3,-1,2,5,7,6
4.605,2,2,-11,-3,-1,-4,21,0
4.61,6,-2,2,2,1,10,1,-8
4.615,6,3,1,-4,-3,-8,-10,13
4.62,-5,-1,7,0,-3,-4,-15,-2
4.625,2,-1,5,1,-3,-7,-13,-2
4.63,-6,1,-2,1,0,-4,11,3
4.635,5,-1,3,-3,1,1,-14,-1
4.64,-1,2,1,-1,-2,2,11,-22
4.645,10,4,4,-1,1,-4,-6,17
4.65,-6,0,-7,-4,-6,-4,-2,-9
4.655,3,-7,-7,-3,0,5,20,-5
4.66,9,4,-2,0,0,6,15,16
4.665,-1,-4,-2,-5,-5,-7,-11,-13
4.67,-1,-4,14,-2,-1,-10,-17,-6
4.675,5,8,-2,0,2,5,4,-6
4.68,-1,-1,7,-1,-2,0,-7,-1
4.685,0,-20,-37,-2,-1,1,2,5
4.69,-9,6,8,-1,-5,-16,18,-5
4.695,-1,-6,-6,3,1,20,36,6
4.7,3,-5,-7,-5,-2,-8,-19,-12
4.705,7,6,12,4,0,-2,13,12
4.71,3,0,2,2,3,6,4,0
4.715,5,3,0,0,-2,-10,23,4
4.72,-11,-4,-2,-2,0,2,-26,-9
4.725,3,-1,2,0,-4,-3,-8,-4
4.73,-6,-3,-10,-3,-1,0,18,-1
4.735,12,-1,7,0,-2,0,-1,0
4.74,-14,1,-2,-3,-5,-11,-31,-2
4.745,-11,4,3,-5,-3,-8,-2,-15
4.75,2,5,-6,-2,2,7,-11,-7
4.755,16,0,5,0,-3,-10,-23,-6
4.76,5,7,2,-1,0,-8,8,18
4.765,7,-2,3,1,1,7,-4,8
4.77,-12,-9,-8,-6,-7,-6,4,-1
4.775,-1,3,6,4,6,5,-11,-3
4.78,2,-3,-4,-3,-5,-7,-11,-12
4.785,-2,5,5,1,0,1,8,4
4.79,1,-3,-6,0,2,3,2,0
4.795,-6,4,1,-2,-1,-5,-5,5
4.8,1,-9,-2,-1,0,1,0,0
4.805,3,3,-1,-2,-2,4,4,1
4.81,-1,3,0,-2,-4,-2,-5,-4
4.815,-4,-6,-2,-2,0,-8,-11,-4
4.82,1,6,3,3,1,4,7,1
4.825,1,-1,0,-2,-1,4,9,0
4.83,1,-10,-1,0,-1,-8,-14,-2
4.835,-14,0,-4,-6,-7,-4,1,0
4.84,3,-2,0,8,1,3,4,-2
4.845,-4,-4,2,8,10,-1,1,-2
4.85,6,2,-4,-7,3,4,-3,3
4.855,-1,-3,0,-12,-7,1,0,-2
4.86,6,1,2,30,16,6,5,5
4.865,-1,6,1,-22,-10,-4,-11,-8
4.87,-6,-4,-6,-10,-9,-8,-5,-4
4.875,6,-4,1,-1,4,-3,-34,1
4.88,-21,-6,-2,-11,-8,0,4,-12
4.885,4,-8,-3,-13,-13,-2,3,-3
4.89,-11,2,1,0,-1,-6,-6,4
4.895,2,-9,0,-15,0,-23,-10,-13
4.9,18,-4,6,21,-8,11,-3,2
4.905,-2,-1,13,4,-19,-5,-2,4
4.91,-18,5,0,13,-22,-19,-8,-8
4.915,-5,-2,-14,-32,14,-10,-14,-10
4.92,31,3,1,-42,-12,8,-9,11
4.925,-15,-5,12,29,18,8,9,5
4.93,16,2,1,-28,-15,0,3,-1
4.935,-16,-5,-2,-15,-44,-17,-3,-1
4.94,13,-5,-7,6,-5,-27,-22,-11
4.945,-12,-10,-2,8,2,16,2,-4
4.95,14,15,10,22,50,21,12,0
4.955,1,-12,2,2,-20,3,1,-5
4.96,1,12,3,-9,15,0,0,4
4.965,-8,-15,-8,3,-9,-7,-1,11
4.97,5,7,-4,-45,-43,-22,3,-3
4.975,0,-10,1,19,58,25,-14,-9
4.98,-34,-12,-16,57,28,-18,-10,-6
4.985,11,2,12,-7,-23,3,0,-8
4.99,2,-1,-2,-19,-13,9,-2,0
4.995,6,8,2,32,33,-12,5,-2
5,2,-5,-3,38,0,9,5,3
5.005,-2,1,-1,-48,7,3,24,5
5.01,-6,-10,1,21,3,8,-2,-4
5.015,19,22,5,-47,-58,-19,10,8
5.02,-20,-6,-13,-1,51,2,-10,-12
5.025,1,-1,5,48,2,-18,-5,6
5.03,-8,6,4,-113,-84,-13,-9,-9
5.035,-7,-6,-5,-35,15,18,7,8
5.04,25,12,10,13,68,23,-4,18
5.045,-4,-6,-4,-6,-29,-33,-8,-5
5.05,16,15,7,7,13,37,23,8
5.055,-11,-11,-6,-5,10,10,-8,-14
5.06,0,-15,-1,11,19,1,-2,8
5.065,-23,-5,1,18,-7,-11,-13,-8
5.07,-16,-23,-13,5,-39,-38,-33,-17
5.075,0,17,8,-32,-52,-6,12,5
5.08,13,8,-4,36,66,13,-4,4
5.085,0,2,8,-32,-58,-1,-13,-1
5.09,-19,-17,-25,-7,68,12,-1,-6
5.095,9,3,12,-9,-27,-12,-4,-2
5.1,-8,21,-2,-7,-57,-12,1,-8
5.105,-1,3,-11,-28,-46,-17,-10,-5
5.11,4,10,3,-38,-7,-1,0,0
5.115,-10,-9,-25,-84,42,-13,-6,-2
5.12,-9,-23,1,-1,-40,-15,-13,-5
5.125,12,11,2,1,6,31,14,5
5.13,17,6,17,-38,-33,-3,7,10
5.135,1,14,-7,82,16,-13,-7,-2
5.14,-10,-25,-7,-45,-39,-2,7,-2
5.145,-12,-8,-7,17,31,-4,-14,-8
5.15,1,-6,2,-1,-35,4,11,-2
5.155,-6,-9,-2,34,30,2,-11,-9
5.16,11,-3,-4,-8,20,-18,-6,5
5.165,6,2,-4,-51,-30,9,17,7
5.17,-6,-4,2,29,12,1,-10,0
5.175,8,9,0,3,-4,9,8,-11
5.18,-15,2,3,13,-21,-12,-9,-4
5.185,5,7,0,-1,2,-10,8,4
5.19,-18,-6,-17,-4,21,4,-7,-3
5.195,8,1,15,-16,-8,7,9,8
5.2,-16,-13,-15,-4,-11,-5,-25,-18
5.205,6,-3,3,-3,5,-2,5,8
5.21,5,17,-19,5,14,1,2,-2
5.215,1,-16,11,9,-41,-14,-14,-7
5.22,-15,2,-12,69,29,5,10,-2
5.225,-4,-1,-2,-6,19,-1,4,5
5.23,9,0,22,31,28,22,-1,3
5.235,-22,-29,-26,-29,-34,-12,-14,-8
5.24,14,27,-36,-27,-27,-19,-1,3
5.245,17,36,15,4,5,17,11,8
5.25,-14,-45,-41,16,31,15,1,-6
5.255,27,40,31,11,7,6,21,29
5.26,-10,-49,-2,-38,-28,-13,-7,-8
5.265,-2,13,6,13,-5,-14,-12,-6
5.27,0,13,14,-18,0,-5,-2,-3
5.275,-21,-36,-23,-11,-6,4,-5,-10
5.28,8,21,9,-2,7,-5,0,0
5.285,6,10,18,-4,-7,8,0,-4
5.29,-10,-42,-37,23,7,-8,-2,0
5.295,2,33,57,1,9,2,-1,-5
5.3,-10,-17,-26,-4,-7,5,4,-4
5.305,2,-16,-34,2,8,4,3,0
5.31,-4,-10,-6,-3,-7,-12,-4,-1
5.315,-11,-6,-62,8,4,-2,-4,-5
5.32,-3,-32,10,-23,-10,2,2,-1
5.325,-7,1,-20,-5,-5,-2,-8,-11
5.33,5,20,11,9,5,-9,-1,7
5.335,7,-12,13,2,-2,2,2,0
5.34,-4,10,21,2,7,5,-1,-1
5.345,-1,-5,-54,0,3,-4,-1,-2
5.35,-4,-9,25,10,-3,-3,-5,-5
5.355,9,10,-22,-5,0,0,2,7
5.36,6,17,23,-1,-2,3,1,-3
5.365,-2,-6,35,5,3,-3,-1,2
5.37,2,14,-1,-5,-10,1,1,2
5.375,6,13,31,11,10,9,5,6
5.38,2,5,-9,-3,-3,-5,-4,-1
5.385,-1,-7,18,0,2,-1,-2,0
5.39,2,-28,-20,-4,-4,-9,-5,-3
5.395,-13,-23,12,-1,-2,-8,-10,-8
5.4,-4,10,5,21,5,11,7,-2
5.405,-4,-2,2,-20,3,2,-2,-1
5.41,1,1,0,-2,-3,-1,2,5
5.415,3,3,2,0,-2,-7,-6,-1
5.42,8,25,-28,-7,-6,-5,-4,-1
5.425,-13,0,8,4,-1,-1,1,0
5.43,8,0,-1,7,6,-1,-1,1
5.435,-3,-17,-11,-6,-5,4,1,-4
5.44,-13,-8,-42,-10,-4,-1,-2,-5
5.445,9,-2,8,1,-3,0,2,0
5.45,-8,11,14,10,5,-2,-1,2
5.455,11,5,-7,-4,-3,2,1,-3
5.46,-2,-18,24,-6,1,1,1,0
5.465,0,-8,-7,3,-5,-5,-1,-1
5.47,-6,7,8,-5,2,-1,1,0
5.475,-7,-5,-14,1,3,2,1,2
5.48,16,2,6,-3,-5,-4,-4,3
5.485,-10,-13,10,10,6,-3,-2,-2
5.49,1,15,-6,-4,-5,-1,-2,0
5.495,-2,2,16,1,-1,0,0,0
5.5,-2,-7,12,-5,-2,-3,-4,-4
5.505,-1,1,0,-1,1,-1,-2,-1
5.51,-2,1,10,0,-1,1,4,2
5.515,-1,4,45,1,-2,-1,-2,-4
5.52,-11,-26,-23,2,2,-2,-2,-3
5.525,1,-2,-24,-12,-5,-4,-3,-1
5.53,5,18,10,2,0,-3,-1,0
5.535,2,6,2,-3,-3,-2,-1,-1
5.54,-6,-5,5,0,-1,-2,0,-2
5.545,1,-3,5,0,-1,0,2,-1
5.55,-3,-1,-3,1,0,1,-2,-3
5.555,-2,3,-20,-4,2,1,-2,-3
5.56,-3,3,13,-6,-2,2,1,-1
5.565,2,-1,-5,13,1,-3,-2,-1
5.57,-2,0,4,-10,-2,-3,-3,0
5.575,-3,-3,-10,15,-5,-1,-3,-2
5.58,-1,3,6,-17,4,-4,-1,-2
5.585,-2,-5,4,-13,-13,-1,-3,-2
5.59,1,-1,-7,6,1,-2,-1,-2
5.595,-2,-7,-10,5,-1,-2,-2,1
5.6,3,11,5,1,-4,0,0,-2
5.605,-8,-17,4,0,11,4,-1,0
5.61,3,8,2,-6,-5,-3,0,-2
5.615,-4,-11,21,-9,-2,-2,0,-2
5.62,3,7,-6,8,-4,-4,-2,0
5.625,1,4,8,0,-1,-3,-2,-2
5.63,-3,-3,-5,1,1,3,-1,-1
5.635,1,3,4,-1,-3,-4,-1,-3
5.64,-1,-2,0,-6,-1,-1,-2,-3
5.645,2,-10,-20,19,-4,-1,-2,-1
5.65,-10,-4,3,-30,4,-1,-2,-2
5.655,9,7,-2,7,-3,-2,0,-1
5.66,-5,-7,-27,1,-4,-3,-2,-1
5.665,-1,-1,-16,-6,2,1,1,-1
5.67,0,5,6,16,0,-2,0,-1
5.675,-1,8,5,-13,-3,-4,0,-2
5.68,-2,-19,3,-2,1,1,1,-3
5.685,-1,13,-5,-2,-3,1,0,-1
5.69,-3,-5,-5,5,-1,-3,-2,0
5.695,0,8,1,-5,0,1,-2,-1
5.7,-1,0,5,-7,-8,-2,-2,-1
5.705,-1,0,-9,-6,3,0,0,1
5.71,0,-2,10,16,18,3,0,0
5.715,-2,1,-6,1,-1,0,-1,0
5.72,0,1,-1,8,1,-2,-1,-1
5.725,-3,-4,1,-25,-10,-2,-1,-2
5.73,-1,0,-1,8,-1,-4,-1,-1
5.735,3,9,9,-12,-8,-3,-1,0
5.74,-2,-20,-4,2,10,5,2,-1
5.745,-4,2,-6,19,10,-2,-2,-1
5.75,1,-1,0,-16,-8,-4,-2,-3
5.755,-2,-2,-4,14,-5,-1,-2,-3
5.76,0,5,2,1,-6,-5,-3,0
5.765,1,3,-7,-20,3,0,-2,-2
5.77,-5,-6,-2,9,-9,-2,1,-2
5.775,-1,-5,-5,1,8,0,-1,-2
5.78,2,7,2,-6,-2,-2,0,-2
5.785,1,-4,-2,2,0,-4,-2,1
5.79,-1,1,-1,10,-3,0,0,0
5.795,-2,-9,-3,-1,-3,2,1,-1
5.8,0,2,2,-16,5,-1,-1,-2
5.805,-4,-5,6,-2,-16,-5,-4,-3
5.81,-1,0,-4,15,22,3,1,1
5.815,-3,-3,2,2,-9,-6,-2,-1
5.82,-4,0,-2,-1,-1,1,-1,-1
5.825,-2,-6,1,4,-4,-4,-1,-1
5.83,3,0,0,-18,-7,-1,1,2
5.835,-2,-2,-6,4,3,2,-2,-1
5.84,0,1,5,-1,-4,-2,-2,-2
5.845,-1,-1,-3,-1,3,-1,0,-1
5.85,1,-5,-1,-12,-2,-2,-2,-1
5.855,-1,-1,-1,-3,-1,-3,-2,-2
5.86,-1,-4,-2,-2,-2,-2,-1,-1
5.865,-2,0,-1,-6,5,1,-2,1
5.87,1,-4,-2,18,-3,-1,-1,0
5.875,-3,-5,1,-14,-5,-1,-2,-2
5.88,-2,0,0,11,2,-2,-1,-2
5.885,1,-2,-3,0,-1,0,2,-1
5.89,-3,0,-2,-10,-7,-1,-3,-1
5.895,-1,0,-2,-4,-1,-1,1,1
5.9,-2,1,-1,2,-8,-3,1,1
5.905,0,-1,-2,2,12,4,2,0
5.91,-2,-1,-3,-8,-8,-3,-3,-2
5.915,-1,-3,-1,-6,3,-1,-1,-1
5.92,-1,0,0,0,-3,0,0,-1
5.925,-1,-4,7,0,3,0,1,-1
5.93,-2,-4,-13,-9,-4,-2,-3,-2
5.935,-5,-11,7,1,-6,-4,0,0
5.94,1,0,2,4,8,0,1,0
5.945,0,-1,3,-1,-1,-1,1,0
5.95,0,-5,-3,-3,3,-1,1,-2
5.955,0,-1,0,8,-2,-3,-3,-2
5.96,-2,1,1,-8,-2,-1,-2,1
5.965,-1,1,-1,-1,-5,-1,-1,0
5.97,0,1,18,-1,-3,0,0,-1
5.975,-4,5,-13,-6,2,-4,-1,-4
5.98,1,7,-4,-3,3,2,-1,0
5.985,-2,2,-5,2,-5,-3,-2,-3
5.99,-2,1,-1,1,6,1,-1,-1
5.995,-1,-2,-4,-4,-3,-3,-1,0
6,-3,-2,-2,-7,-6,-4,-3,-3
6.005,-1,-5,1,-4,-8,-3,-1,-2
6.01,-1,-5,-6,-6,10,4,1,-2
6.015,1,-6,-2,2,-5,0,-2,0
6.02,-1,-2,0,5,8,2,1,0
6.025,-1,-4,0,-3,-5,-5,-3,1
6.03,-2,-6,-11,-1,-4,-4,-1,-1
6.035,2,8,2,4,3,2,0,1
6.04,-2,-7,4,-5,-6,-3,-2,-2
6.045,-2,-3,-18,-1,2,0,-3,-2
6.05,-1,6,1,2,-3,0,0,0
6.055,-1,2,1,1,-1,-1,-2,-1
6.06,-1,-7,-5,0,-5,-2,-2,-2
6.065,-2,0,-2,-3,3,0,-1,-3
6.07,0,4,7,0,-6,-5,-2,-2
6.075,-1,-4,-2,-9,0,3,1,0
6.08,0,0,-2,3,1,-1,-4,-1
6.085,-1,-4,1,4,0,-1,-2,1
6.09,-1,-4,-3,-7,-6,0,-1,1
6.095,-2,-2,0,-4,2,-1,-2,-1
6.1,-2,-1,-3,-2,-4,-4,-2,-2
6.105,-2,-1,3,-2,1,2,-3,-2
6.11,-1,0,0,-1,-4,-4,-2,-3
6.115,-1,-2,-2,1,-4,-2,-1,-1
6.12,1,1,2,-3,-2,-2,-1,0
6.125,0,0,-16,-1,-1,0,0,0
6.13,-2,-2,22,-8,-5,-3,-3,-3
6.135,-2,-2,-8,3,2,0,-2,-2
6.14,-2,1,-2,10,1,-1,1,1
6.145,-2,-4,-3,-19,-2,-2,-1,-1
6.15,-2,-3,-2,-5,-1,-3,-2,0
6.155,1,5,14,4,3,0,3,0
6.16,-2,-5,-16,-10,-4,2,-1,-2
6.165,-1,2,8,3,-1,-1,0,1
6.17,-1,-5,-8,1,-5,-2,-2,-4
6.175,0,-2,-3,-2,0,-2,-1,0
6.18,2,5,1,-4,-5,-4,-4,-2
6.185,-1,0,2,10,8,1,0,0
6.19,-2,-1,-5,-1,-1,-2,-3,2
6.195,-1,-2,-2,0,-2,0,1,-1
6.2,0,-1,3,-3,3,0,-1,0
6.205,-1,-5,-6,-2,-3,-2,-2,-2
6.21,0,2,1,3,1,0,-1,-2
6.215,-3,-3,-5,-3,-1,0,-3,-1
6.22,-2,-1,-1,-2,0,-1,-1,-3
6.225,0,-1,4,-1,-3,-2,-2,-2
6.23,-1,0,-5,2,1,-1,-2,2
6.235,-1,-3,-1,-5,-3,-1,-2,-1
6.24,-1,-1,0,-2,-3,-2,-1,0
6.245,-1,0,0,2,-1,-2,1,-1
6.25,-1,-2,-2,-1,-5,-2,-1,-1
6.255,1,-4,-1,1,-2,-1,-2,-1
6.26,-3,-2,-3,-4,0,-2,-3,-1
6.265,-1,-1,-2,-3,-1,2,-1,-2
6.27,0,0,2,0,-2,-1,1,-3
6.275,-2,0,-3,-8,2,-3,-1,-2
6.28,0,3,2,2,-2,-3,0,-3
6.285,0,-2,-4,-7,-6,-3,-3,0
6.29,0,1,-3,0,4,0,-2,0
6.295,-1,-1,2,7,1,0,0,0
6.3,-2,-5,1,0,-3,4,2,0
6.305,0,-1,-1,-7,-1,-2,-2,-2
6.31,0,-3,3,-1,-3,-3,-2,0
6.315,-2,-1,-1,0,-1,-4,-1,-2
6.32,-2,0,-1,2,2,0,0,1
6.325,-1,-2,0,1,2,2,0,-2
6.33,-2,-2,-6,-2,-3,0,-2,-1
6.335,1,-2,-1,0,-2,-1,-4,-3
6.34,0,1,-3,-4,-5,-4,-2,-1
6.345,1,0,2,21,3,-1,-1,0
6.35,-3,-3,-4,-40,-2,2,2,0
6.355,-1,1,0,5,4,2,0,0
6.36,-2,-1,1,0,-1,1,-1,-5
6.365,0,-2,-3,0,-6,-7,-3,3
6.37,-2,-1,-2,1,1,0,6,0
6.375,-2,-2,-1,-1,-4,1,2,-3
6.38,0,-3,0,-1,4,1,2,0
6.385,-3,-1,1,-7,-4,-1,-2,-2
6.39,0,1,-1,14,-7,-1,1,0
6.395,0,1,-4,-10,8,1,2,0
6.4,-1,-1,-1,5,9,-1,-5,0
6.405,-1,-2,-2,-4,-4,-5,-3,-2
6.41,-1,-3,-2,4,-1,-1,-3,-1
6.415,-2,-4,0,12,-8,-3,-1,-4
6.42,0,-2,-1,-17,-16,-5,-2,-1
6.425,-2,-1,1,-2,18,6,-3,-2
6.43,1,-1,-2,6,4,-1,-6,-2
6.435,-1,-2,0,3,-4,-4,-11,-2
6.44,-1,-2,-2,-1,0,-3,-2,-4
6.445,-1,-2,-2,-5,-7,-3,6,-4
6.45,-2,-2,2,3,-4,-4,-5,-8
6.455,-2,-2,-4,-5,-1,0,3,4
6.46,-1,0,1,4,1,3,-15,-2
6.465,-3,-1,-1,-4,2,3,3,4
6.47,-1,-1,0,3,3,1,-3,-8
6.475,-5,-3,1,-2,-3,-4,-6,-4
6.48,2,-1,-3,-4,-6,-2,4,4
6.485,1,0,-1,2,-2,-1,0,-7
6.49,-3,2,-3,-1,3,-1,1,-2
6.495,2,1,0,-3,-3,-1,-1,1
6.5,0,1,3,3,2,-1,1,0
6.505,-1,1,-1,-3,0,-1,-5,-5
6.51,-1,0,-2,0,-3,-3,-2,2
6.515,-1,-2,0,-2,-2,-2,-2,-2
6.52,-2,-2,0,0,0,1,3,-3
6.525,0,-2,-2,-1,-1,-3,-3,1
6.53,-2,1,0,0,0,0,-5,-2
6.535,0,2,-1,-2,0,2,5,1
6.54,-1,1,-1,-2,0,3,3,-1
6.545,-1,-3,-3,-5,-2,-3,-4,-3
6.55,2,-2,1,2,-1,1,0,2
6.555,0,-2,1,7,3,0,0,-1
6.56,-1,-2,-4,-4,-2,-2,2,-3
6.565,-2,0,-1,-4,-3,-3,-2,1
6.57,0,-5,-2,-3,0,-3,-5,-3
6.575,0,-1,1,-2,-1,-2,1,1
6.58,-3,-3,-2,-1,-1,-2,-2,-5
6.585,-2,-3,-4,3,1,1,-3,4
6.59,1,-2,1,-1,-2,-1,-2,1
6.595,-5,-1,1,-3,0,-3,-4,-6
6.6,2,0,-5,0,-2,-1,-3,-1
6.605,-1,-5,-4,-6,-2,2,2,0
6.61,-1,-2,3,8,-1,-1,0,-2
6.615,-4,-1,1,0,1,0,1,1
6.62,0,5,7,-6,-5,-3,3,1
6.625,1,3,-4,0,-9,-5,2,-2
6.63,-3,-5,1,2,11,2,2,0
6.635,2,0,-6,-4,0,1,3,2
6.64,-3,-2,-1,4,-4,-2,-1,-3
6.645,0,2,-3,-13,-4,-3,0,1
6.65,0,6,-1,-13,-14,-3,0,1
6.655,-4,-13,-10,4,-1,0,-4,-3
6.66,0,-1,0,1,6,0,-6,2
6.665,-1,-1,0,-3,-4,-2,-8,-3
6.67,-2,-7,0,3,2,2,-2,-1
6.675,1,0,-1,-12,-9,-4,-6,-5
6.68,-2,-4,2,12,11,1,-3,-2
6.685,0,-3,-1,3,2,2,1,-1
6.69,-1,10,-6,-10,-13,-3,2,3
6.695,1,11,-3,-3,0,2,4,5
6.7,-2,6,-7,0,-3,-6,-2,3
6.705,-4,-13,4,9,5,0,1,0
6.71,1,-2,1,2,7,1,3,1
6.715,-2,-8,-8,-12,-7,-7,-2,-5
6.72,0,2,8,-21,0,1,0,-1
6.725,-5,-3,9,-3,-2,-7,-5,-2
6.73,4,-4,-3,4,10,-2,-4,-1
6.735,-1,-7,0,-4,0,-3,-7,0
6.74,0,3,-5,-5,-4,-6,-4,-7
6.745,2,1,-4,-4,-5,1,3,-12
6.75,-3,-3,-2,4,-3,0,1,-12
6.755,-2,-1,-1,-2,2,-2,-1,-1
6.76,-1,-1,-2,-1,-2,0,-2,-2
6.765,-2,-2,-3,-1,-1,0,-1,-1
6.77,-3,0,0,-1,-2,-2,-1,-3
6.775,-1,-1,-1,0,-1,0,-1,-1
6.78,0,0,-1,-1,-2,-2,-2,0
6.785,-2,-1,-2,-2,-2,-1,-1,0
6.79,-2,-1,-2,-2,-2,-1,0,-1
6.795,-1,-3,-1,-2,-1,-2,0,-3
6.8,-3,0,-1,-1,1,-1,-1,-1
6.805,-1,-3,-1,-1,-2,-1,-2,0
6.81,0,0,-1,-2,-2,-2,0,0
6.815,-1,-2,-2,-1,-2,-2,0,-1
6.82,-1,-3,-2,-1,-1,-1,1,-1
6.825,-1,-1,-2,-1,-2,-2,-1,-1
6.83,-1,-2,1,-1,0,0,-4,-2
6.835,0,-1,-1,-1,-1,-1,-1,0
6.84,0,-1,1,0,-2,-1,-1,-2
6.845,-2,-2,-1,-2,0,1,-1,-2
6.85,-1,-2,-1,1,0,-1,-2,1
6.855,-1,-1,0,0,-2,1,-1,0
6.86,-1,-2,-1,-1,0,-2,0,-2
6.865,-2,0,0,-1,0,-1,-1,0
6.87,-1,0,-2,-1,-1,0,0,0
6.875,-2,0,0,0,-2,-1,-2,-2
6.88,-1,-4,-1,-1,-1,-1,0,-1
6.885,-1,-1,-1,0,-1,0,0,-1
6.89,-1,-2,0,-2,1,-2,-1,-4
6.895,-2,-2,-4,-1,0,0,-2,-2
6.9,-3,1,-1,-1,-3,-2,-1,-3
6.905,-1,-1,0,0,1,0,-2,-1
6.91,-1,-1,1,0,0,-2,-2,-2
6.915,-1,-2,-2,0,-2,0,0,-2
6.92,-1,0,-3,-2,-2,-1,-1,2
6.925,-1,0,-2,-2,-1,1,-1,-1
6.93,-2,-1,-2,0,0,-2,-1,-1
6.935,0,0,0,-2,-1,-1,0,2
6.94,-1,-2,-1,-1,-2,-1,-1,-1
6.945,-2,-3,-3,0,-2,0,-1,-2
6.95,-1,-2,-1,0,-1,-1,-2,-3
6.955,-2,-1,-2,-2,0,-1,-1,-4
6.96,-1,1,0,-1,-2,1,-2,0
6.965,-1,1,2,-2,2,-3,1,-1
6.97,-1,-1,-3,-2,-1,0,1,0
6.975,0,-2,-3,0,-1,-1,-1,-2
6.98,-2,-2,-1,0,0,-3,-3,-3
6.985,0,-1,-1,1,-2,-1,-3,1
6.99,0,-2,-2,-4,-1,0,-2,-1
6.995,-1,-1,-3,-2,1,-1,0,-1
7,-1,1,-1,-1,1,0,1,-4
7.005,-1,-2,-1,-3,-1,-2,0,0
7.01,0,-1,0,1,-1,0,1,-1
7.015,0,-1,0,-2,-1,-2,-3,0
7.02,-2,-4,-1,-2,0,-2,-3,0
7.025,-2,-2,-1,0,0,0,0,-2
7.03,-1,-2,-2,-3,-2,-1,-1,-1
7.035,-1,-1,-2,0,-1,1,-1,-2
7.04,0,0,-1,0,-2,-2,-2,-3
7.045,-1,-1,1,-1,1,-1,-1,-1
7.05,-4,-1,0,-2,-1,0,-2,0
7.055,-1,-2,0,-2,-1,-1,-1,-2
7.06,-1,-2,-2,0,-2,-1,0,-2
7.065,-1,-2,-3,-1,-1,-1,0,-1
7.07,-1,0,-1,-1,0,-1,-1,-1
7.075,-1,-1,1,-2,0,-3,-2,0
7.08,-1,-4,0,-1,1,-3,-1,0
7.085,-1,-3,-2,-2,-2,1,0,-4
7.09,1,-2,-3,-3,-2,-1,-1,-1
7.095,-1,0,-2,0,0,-1,-1,-1
7.1,-2,-1,0,-4,-3,-2,-1,-2
7.105,-2,0,-3,-1,-3,-2,-2,-1
7.11,-3,-1,1,0,0,-1,-1,0
7.115,-2,-1,0,-1,-1,1,0,-2
7.12,-2,-1,-1,-1,-1,-2,-1,0
7.125,-2,-2,0,-2,1,-3,-2,-2
7.13,0,-2,-2,-1,-1,-2,0,0
7.135,-1,-3,-1,-2,-2,-1,0,0
7.14,-2,1,1,0,1,0,-1,-2
7.145,-1,-1,-1,-1,-1,-1,-1,0
7.15,-1,-2,0,0,1,-2,-2,0
7.155,-1,-2,0,-2,0,-2,-2,-2
7.16,2,-1,0,0,-2,0,-1,-2
7.165,0,-2,-1,-1,0,0,-1,-2
7.17,0,1,0,-2,0,-2,-1,-3
7.175,0,-2,-3,-3,-2,-1,-3,0
7.18,-1,-1,-3,0,0,-1,-2,-2
7.185,-1,-1,1,-2,-2,-2,-2,-1
7.19,-2,-2,-1,-1,-1,0,0,0
7.195,0,-1,0,3,0,-1,0,0
7.2,1,-1,-3,0,-2,-2,-1,-2
7.205,-2,-1,-2,-2,-3,0,-2,-2
7.21,0,-1,-1,0,-2,-2,-1,-2
7.215,-2,-1,-2,-1,0,-3,-1,-1
7.22,-2,-1,-1,-2,-1,-1,0,-1
7.225,0,-2,0,0,-1,0,0,-1
7.23,-3,-2,0,-2,-1,-1,0,-1
7.235,-1,-2,-1,-1,0,-1,-1,-1
7.24,-1,-2,2,-1,0,0,-1,0
7.245,-1,-1,-2,-1,-1,-2,-2,-1
7.25,-1,1,-2,3,-16,-2,-1,0
7.255,-3,-2,-1,2,27,4,0,1
7.26,-1,-3,-1,-14,-19,-7,-2,-2
7.265,-1,-1,0,9,19,4,2,-4
7.27,-1,-2,1,18,4,-2,-2,-3
7.275,-2,0,-3,-20,-16,-4,-2,-2
7.28,-1,-1,-4,-7,14,2,1,0
7.285,-1,0,-1,-8,-9,-3,-3,-3
7.29,-1,-1,1,-1,-3,-2,0,-3
7.295,0,-2,1,8,-4,-1,-1,-1
7.3,-2,-3,-2,3,2,1,-1,-1
7.305,-1,0,1,-11,-12,-3,-2,-1
7.31,-1,1,-9,16,14,4,-1,1
7.315,-1,-1,-1,-28,-9,-2,-2,-1
7.32,-2,-1,-5,-14,0,0,-2,0
7.325,2,-2,9,24,6,-1,2,2
7.33,0,-1,-3,-2,-3,1,-1,0
7.335,-4,-3,-1,18,2,0,0,-3
7.34,0,0,2,34,-11,-3,-1,-1
7.345,-1,-2,-11,-36,5,1,1,0
7.35,-1,-3,-6,2,-16,-5,-2,-4
7.355,-1,-2,3,19,24,3,-2,-1
7.36,0,0,-1,21,-15,-2,-2,0
7.365,-2,1,3,-23,-26,-7,-3,0
7.37,-5,-4,-8,-23,30,0,-1,-3
7.375,4,2,10,-1,-7,7,2,1
7.38,-3,-6,-6,-3,0,-2,-3,-3
7.385,0,0,5,-6,-13,-1,-2,0
7.39,1,3,-1,-16,-18,-5,-2,-1
7.395,0,2,-4,26,-1,-5,-1,-2
7.4,-3,-6,3,-20,17,2,1,1
7.405,-1,-2,-7,4,-11,-4,-1,-2
7.41,-6,-3,4,-2,3,2,0,-2
7.415,-1,1,1,11,4,-1,0,0
7.42,0,4,1,-9,-8,0,-2,-1
7.425,-3,-9,-6,9,12,-1,-2,0
7.43,3,0,3,-4,-3,-2,0,0
7.435,0,0,-1,-13,-5,-1,-1,-1
7.44,-3,-1,-4,-3,-1,-2,0,-1
7.445,-1,0,0,2,7,1,0,0
7.45,1,-1,5,1,0,-1,-1,0
7.455,-2,-6,-4,-13,-8,-2,-1,-2
7.46,0,1,0,1,4,-1,-1,-3
7.465,0,-2,1,7,2,0,-1,-3
7.47,-2,-1,1,5,-2,0,-2,0
7.475,-3,-2,-4,-13,-5,-3,-4,0
7.48,-2,0,0,12,2,1,-1,0
7.485,0,1,0,-9,1,3,0,0
7.49,0,-4,-1,-3,-3,-3,0,-1
7.495,-2,-1,0,-9,-6,-1,-2,-2
7.5,1,-1,1,0,1,-2,-1,0
7.505,-2,-1,-1,4,2,1,-2,-3
7.51,0,-2,-1,-2,0,-2,-1,0
7.515,-1,-3,-1,-3,-2,-2,0,-1
7.52,1,-4,0,-7,-3,-2,-1,-2
7.525,-1,0,-1,7,8,-1,0,-2
7.53,-1,-1,1,-4,-3,1,-1,-1
7.535,-1,0,-1,-4,-3,-2,-1,-4
7.54,-2,1,-1,-9,-7,-1,-1,-2
7.545,-2,-1,-2,1,1,0,-1,-2
7.55,0,-1,0,3,-3,0,-2,-2
7.555,0,-2,-4,-2,-2,-1,-3,-2
7.56,0,-1,-2,0,2,0,-1,1
7.565,-1,-1,-2,-3,-8,-4,-2,0
7.57,0,-1,1,1,16,2,1,-1
7.575,-2,-1,-1,-1,-4,-3,-4,-3
7.58,0,0,0,-2,2,1,-2,0
7.585,0,0,-1,-4,-6,-1,-4,-1
7.59,-1,-1,-2,-5,-6,-3,-1,-2
7.595,-1,0,0,1,-1,0,1,0
7.6,0,-3,-2,-2,1,-2,0,-3
7.605,-1,-1,-3,2,1,-1,2,0
7.61,-1,0,2,-2,-2,-1,-1,0
7.615,0,1,-2,3,-1,1,-2,-1
7.62,-2,-1,0,-4,1,-2,-2,-1
7.625,1,-1,0,0,-1,-1,-1,-2
7.63,0,-2,-4,-2,-2,-1,1,-1
7.635,-2,-1,0,-6,-3,-3,-1,0
7.64,1,0,-1,5,4,0,-1,-1
7.645,-1,-1,-2,-2,-1,1,-1,1
7.65,-3,-1,0,3,-5,-1,-1,0
7.655,-2,-1,-2,-7,-2,0,-1,-1
7.66,0,-2,-1,-2,-1,-1,0,-1
7.665,-3,0,-1,2,4,0,0,0
7.67,0,-1,-2,0,-4,-1,-3,-2
7.675,-1,0,-1,-1,-1,0,-2,-1
7.68,0,-1,-2,-2,1,-1,0,1
7.685,0,-3,-1,0,-1,-2,-1,-2
7.69,-1,-2,0,-3,-1,-1,0,0
7.695,-1,-3,0,1,0,0,0,-1
7.7,-1,0,0,-2,-1,0,-4,-4
7.705,0,-2,-1,0,-2,-1,-3,-2
7.71,-1,0,-1,-4,0,0,-1,-2
7.715,-2,-1,-2,3,0,-2,-1,2
7.72,-2,-2,-2,-1,-5,-1,2,-3
7.725,0,1,0,-2,-1,2,-1,1
7.73,-1,-3,-2,3,4,-1,0,-1
7.735,-1,-2,1,2,-6,-2,-1,-1
7.74,-1,-3,-1,0,-2,-1,-1,-1
7.745,-1,0,1,1,-2,-4,-3,1
7.75,-1,0,-2,-3,-2,-1,-2,1
7.755,0,-2,-1,-1,-1,-3,0,-1
7.76,-1,-1,-2,-2,-2,-1,-2,0
7.765,-1,-3,-1,1,0,-1,1,-1
7.77,-2,0,-2,-3,-3,-2,-1,0
7.775,-1,-4,-1,0,1,-2,-2,-3
7.78,-3,-2,-1,-1,0,-1,-1,-2
7.785,-2,0,-2,-6,-4,-3,0,-2
7.79,-2,0,0,13,5,0,0,-1
7.795,0,-2,0,-4,-1,-1,-1,-1
7.8,-1,-1,-2,-2,1,-3,-3,-1
7.805,-1,-3,-2,-4,-6,-4,-2,-1
7.81,-3,0,0,7,-2,-2,-2,-2
7.815,-2,-3,-1,-4,3,1,3,0
7.82,0,-2,2,1,-2,-2,-3,-4
7.825,-1,-3,0,0,-1,-1,0,-1
7.83,0,0,-1,-6,-4,-3,-2,-3
7.835,-1,0,-1,7,4,-2,-2,0
7.84,-1,1,1,-4,-2,-2,-3,0
7.845,-3,-2,-2,1,1,-2,-2,-3
7.85,-1,-3,-1,-6,-2,0,-1,-2
7.855,0,-2,-2,0,4,0,-3,-2
7.86,1,-1,-1,-1,0,-2,0,1
7.865,-1,1,1,-2,-6,-1,-1,-1
7.87,-3,-3,-2,-1,5,1,0,0
7.875,-1,-1,-3,-3,-2,-1,0,-2
7.88,-2,-1,0,1,-1,-1,1,-2
7.885,0,-2,1,6,7,2,0,0
7.89,0,0,0,-5,-5,-1,-2,-2
7.895,-2,0,0,-1,-3,-2,-1,-1
7.9,0,-1,-1,-4,-2,-1,0,0
7.905,0,-2,-1,3,-1,-3,-2,0
7.91,-1,-2,-3,-13,-2,-1,-2,-1
7.915,0,-2,0,0,-1,-2,-3,-3
7.92,-1,-1,0,2,-1,-1,-1,-1
7.925,0,-2,-2,-1,-2,-2,-2,-2
7.93,0,0,-2,1,2,2,-3,-2
7.935,-1,-1,-1,-7,-8,-3,-2,0
7.94,-1,0,0,-4,1,2,-2,0
7.945,-1,-1,-1,12,2,0,-2,-1
7.95,-3,-2,-3,-23,-2,-4,-2,1
7.955,-1,-2,-1,-3,-2,-1,0,0
7.96,-1,-2,-2,11,10,1,0,-1
7.965,-2,-3,-1,-9,-10,-3,-2,-1
7.97,-1,0,-1,5,-2,-4,-1,-2
7.975,-2,0,1,-1,-4,0,0,-2
7.98,-2,-3,-2,-9,-1,-3,0,-1
7.985,0,0,1,30,-1,0,1,1
7.99,-2,-2,-4,-24,0,0,-1,-1
7.995,-2,-2,-2,5,-1,-4,-1,-1
8,1,-2,0,3,6,2,-1,0
8.005,-4,1,0,0,-1,-2,-1,-2
8.01,1,1,2,-5,1,-1,1,1
8.015,-1,-1,-6,5,14,1,-1,-1
8.02,0,0,1,-5,-11,-2,-1,0
8.025,-1,-2,0,-13,0,-2,-2,-2
8.03,-2,-2,-3,16,-10,-3,-2,-1
8.035,-2,-1,-6,-26,1,0,-1,-2
8.04,-1,-2,1,19,-5,-5,-2,-3
8.045,1,0,-13,-27,6,3,2,3
8.05,-1,-4,23,45,11,2,0,-1
8.055,-2,1,-5,15,-15,-4,-3,-4
8.06,1,0,-5,11,-24,0,1,-1
8.065,-4,-3,0,3,39,0,-4,-4
8.07,0,-3,10,-22,-43,-6,-3,-2
8.075,1,2,-8,30,39,2,2,3
8.08,-3,-6,10,-22,7,1,1,-1
8.085,-1,0,-4,-25,-28,-3,0,-2
8.09,-2,2,-40,-14,-15,-8,-2,1
8.095,-1,-3,32,60,14,6,0,0
8.1,-2,3,-6,-53,9,-4,-2,-1
8.105,2,0,1,-5,8,8,3,2
8.11,0,2,-17,28,-22,-5,-1,-2
8.115,-2,-5,22,-44,-5,-2,-1,-1
8.12,-2,-2,2,23,13,-4,-3,-2
8.125,-2,-1,12,9,-27,-5,-2,-2
8.13,-1,-1,-1,-4,33,3,0,1
8.135,0,0,-9,6,-6,-4,0,-1
8.14,-2,-3,-14,14,-3,2,-1,0
8.145,-4,-3,17,-23,-8,-6,-4,-2
8.15,-2,-4,-16,-6,-3,-5,-2,-3
8.155,3,2,-6,-39,-7,-3,-2,-1
8.16,6,10,-12,-3,6,2,-1,2
8.165,-8,-17,-6,9,-13,-4,-2,-3
8.17,-7,2,6,-47,14,4,0,-1
8.175,-15,-1,3,49,8,2,0,0
8.18,13,-4,0,-8,-25,-5,-3,-2
8.185,-4,-1,-9,6,-19,-5,-3,-1
8.19,20,-3,8,2,52,9,2,0
8.195,-5,-4,-5,-45,-31,-6,-5,-1
8.2,-2,6,-2,-11,-10,-3,-2,-1
8.205,-5,-10,-3,39,36,4,3,-1
8.21,-12,-10,7,-8,-30,-9,-4,-5
8.215,-2,4,-9,-9,4,1,2,-1
8.22,-5,-13,-2,-15,-6,-2,0,-1
8.225,18,11,-1,-12,-12,-3,-1,0
8.23,-5,-8,1,3,-10,-3,-3,-4
8.235,2,7,-4,7,15,4,2,0
8.24,-9,-7,8,11,0,-2,-1,0
8.245,-27,-4,-3,-6,1,-2,-1,-4
8.25,12,8,3,-16,-17,-2,-3,3
8.255,10,-2,-4,16,2,-1,-2,1
8.26,-5,-3,3,25,2,2,-1,-3
8.265,1,1,-7,-52,-26,-8,-3,-3
8.27,1,6,4,37,46,14,5,3
8.275,-3,-4,-1,-19,-17,-5,-3,-1
8.28,11,12,0,-9,-2,-1,-4,0
8.285,2,0,-2,14,4,-2,1,-3
8.29,-8,-3,3,4,-26,-7,-4,-4
8.295,7,-3,-8,-2,17,2,0,-2
8.3,-11,-10,0,9,11,-1,1,-4
8.305,6,6,-1,-2,2,3,0,-1
8.31,0,-4,0,-8,-9,-3,-1,-1
8.315,-2,-1,-4,18,5,-2,-1,-1
8.32,-2,1,1,-8,-18,-5,-2,-1
8.325,0,-2,-1,23,-1,-3,-2,-2
8.33,-2,4,-1,-2,31,6,4,1
8.335,1,-11,-1,-11,-9,-2,-2,0
8.34,-3,5,-2,-11,-11,-3,-3,-3
8.345,3,0,-2,14,14,2,0,2
8.35,1,-1,-1,1,-18,-5,-2,-3
8.355,-1,1,-2,-23,-18,-4,-4,-3
8.36,-4,-3,2,24,25,4,1,0
8.365,4,-2,0,-1,0,1,0,1
8.37,-3,-2,-1,-14,-32,-8,-3,-2
8.375,-2,2,-2,-8,22,5,2,1
8.38,0,-5,0,23,1,0,1,-1
8.385,0,3,1,-21,2,-1,1,-2
8.39,-3,-4,-3,-1,-2,-2,-1,0
8.395,-2,-4,0,3,-18,-3,-2,-3
8.4,0,0,-1,-13,-4,-1,0,-1
8.405,-2,-4,-1,-4,5,2,-1,0
8.41,-1,3,0,6,0,-1,-2,-1
8.415,0,-2,0,-7,-14,-4,-1,-2
8.42,-1,-3,-7,-10,11,3,0,-2
8.425,-2,-2,-5,-14,7,-2,-1,-1
8.43,1,-3,2,11,-2,-1,-1,-2
8.435,-4,-3,-3,-6,0,1,-1,-1
8.44,0,-2,-3,-14,-9,-5,-1,-1
8.445,1,0,-3,35,5,-1,-1,0
8.45,-6,-2,-2,-8,9,2,0,1
8.455,0,-2,2,-1,-7,-3,-1,-3
8.46,-7,-1,-4,-3,-10,-3,-2,-3
8.465,-3,-1,2,-2,-23,-5,-3,-2
8.47,-1,2,-4,33,44,7,2,0
8.475,7,0,0,-11,-11,-2,-1,0
8.48,-4,-6,-3,17,9,-2,-2,-3
8.485,-3,4,-5,-18,-2,1,-1,0
8.49,-6,-3,1,-3,-11,-2,-1,-1
8.495,-2,1,0,-4,-5,-2,-3,-3
8.5,2,-1,0,1,4,-1,1,2
8.505,-2,-2,-2,-4,2,-2,-3,-1
8.51,-1,-1,-1,-15,-15,-6,-2,-2
8.515,-1,1,-1,57,15,3,1,0
8.52,-2,-3,0,-14,-2,0,0,2
8.525,0,1,1,5,0,1,-2,-1
8.53,4,-3,-6,-20,-1,-3,-1,-4
8.535,-5,-1,-1,-12,-9,-3,-2,-6
8.54,-2,2,0,20,-3,-1,1,0
8.545,2,-4,0,-2,0,2,2,4
8.55,5,6,2,20,-20,-5,-1,-1
8.555,-11,-6,-7,-34,5,-1,-2,7
8.56,12,0,0,4,7,2,0,-5
8.565,-5,-3,-3,-20,-3,-4,-2,-5
8.57,1,-9,3,-7,-1,-1,-2,-1
8.575,-2,-3,0,-5,-19,-5,-2,-3
8.58,-8,-2,-7,-24,12,-2,-1,0
8.585,2,-1,1,20,-1,-2,0,0
8.59,-1,0,-5,-11,2,-1,0,-1
8.595,3,10,10,-8,13,5,2,1
8.6,-3,-17,8,5,-4,-1,-3,-1
8.605,2,16,-9,15,-3,-3,-1,-4
8.61,-12,-13,-15,-10,-8,-4,-7,-5
8.615,0,5,13,-11,-7,-3,-1,-2
8.62,3,12,-19,-9,1,1,1,2
8.625,-3,-15,7,-21,-5,-2,-3,-5
8.63,2,9,6,24,-3,1,2,5
8.635,-2,-14,5,18,15,3,0,-1
8.64,-2,-1,-25,-10,-14,-3,-3,1
8.645,-1,-6,17,6,8,3,1,1
8.65,2,-5,-10,-21,-2,1,-1,0
8.655,-3,7,-13,-8,0,-2,-2,-3
8.66,0,4,77,19,-4,-1,-1,-3
8.665,-2,-1,-91,-24,-1,-2,-2,-3
8.67,4,4,-1,28,13,4,4,7
8.675,-4,-11,-5,-8,-14,-8,-5,-6
8.68,2,14,29,16,0,2,-1,-1
8.685,-3,11,6,-5,-3,-4,-3,-3
8.69,-12,-18,15,7,2,-3,-4,-8
8.695,20,8,-20,-8,-4,1,1,22
8.7,0,17,17,2,0,1,0,-15
8.705,-1,-25,-36,-25,-1,-3,-3,4
8.71,-2,-8,-47,1,-2,-2,-1,5
8.715,1,-9,-43,-1,-3,-3,-3,-11
8.72,1,-22,48,-8,-4,-2,-1,10
8.725,-7,16,18,-12,1,-2,-2,-4
8.73,-17,3,18,22,5,7,5,1
8.735,33,5,-1,-5,0,-3,-3,5
8.74,-20,14,-6,-7,-6,-3,-4,-15
8.745,8,-2,-14,12,2,3,2,8
8.75,-14,-3,73,-14,0,-5,-4,-11
8.755,12,-12,-54,2,2,2,2,16
8.76,17,9,53,13,3,3,1,5
8.765,-3,-28,-40,-3,-6,-1,-4,-14
8.77,-25,-16,12,-6,-3,-3,-3,-7
8.775,22,3,62,11,-2,0,-1,-16
8.78,-46,-43,-58,-12,0,-5,-4,-21
8.785,46,24,30,8,-2,1,1,29
8.79,8,32,-33,-8,0,-1,-3,-10
8.795,-34,-45,56,7,1,1,3,-16
8.8,7,-33,-128,-21,-5,-4,-5,7
8.805,4,54,60,17,-4,1,1,7
8.81,19,23,-44,-5,9,-1,1,14
8.815,-45,36,17,-7,3,-6,-7,-23
8.82,15,14,16,11,-4,-2,-3,16
8.825,-11,-25,28,12,-3,-9,-2,-2
8.83,61,-2,8,3,-1,19,8,17
8.835,-68,2,-52,-10,-4,-5,-7,-12
8.84,0,-19,57,-7,-1,-4,2,4
8.845,-5,-44,1,-1,3,-6,-16,-33
8.85,23,38,-21,-2,-4,-5,6,41
8.855,-29,-38,9,4,-3,0,-3,-4
8.86,74,4,-98,-23,-6,-8,-9,-9
8.865,9,60,45,12,9,6,4,-30
8.87,-8,-45,57,-1,-3,-11,-14,-6
8.875,-7,6,-99,-12,4,-9,-5,26
8.88,-46,-65,-57,-11,-3,3,2,-53
8.885,4,23,8,-5,-8,-1,8,61
8.89,1,21,-21,0,-8,3,-2,-52
8.895,-8,5,-16,-2,-14,4,27,51
8.9,-62,-7,62,1,0,-1,-10,-31
8.905,24,4,23,6,8,3,-13,51
8.91,4,-101,-49,-8,3,-5,20,36
8.915,35,27,60,5,3,0,-10,13
8.92,-20,69,60,10,3,-10,-1,-12
8.925,-39,-47,-15,5,10,20,0,-67
8.93,-54,-17,4,-19,-10,-11,-11,-17
8.935,40,18,64,20,1,1,-3,-5
8.94,3,44,-28,9,0,9,14,14
8.945,-52,13,23,2,-2,-7,0,11
8.95,9,-27,-9,-5,1,-4,-14,-13
8.955,-17,5,-56,-8,2,2,3,-42
8.96,-20,-31,3,-3,-1,-1,-5,8
8.965,46,33,-20,-3,-2,-7,3,25
8.97,-16,-5,16,-3,-1,1,-5,-17
8.975,33,-4,41,5,-4,-1,-5,14
8.98,-18,-67,-81,-17,-4,-8,14,18
8.985,-45,-2,15,1,-1,2,-6,4
8.99,64,10,-13,0,-4,2,9,-19
8.995,2,10,-5,2,2,-4,-18,13
9,23,-16,52,4,-1,5,12,5
9.005,-13,-27,-70,-5,5,-3,10,-10
9.01,-46,21,10,3,1,-1,-24,-12
9.015,-3,-22,41,-8,-7,-4,8,-34
9.02,-17,21,-2,3,2,1,-23,-49
9.025,10,-10,-21,-12,-7,-10,4,77
9.03,0,26,68,8,-1,7,17,-3
9.035,70,26,-33,0,1,8,63,25
9.04,-32,-21,-30,-10,2,-28,-64,-59
9.045,13,-26,21,5,-5,23,90,20
9.05,-25,46,4,-9,-10,-2,-9,2
9.055,-29,22,0,8,1,-7,-26,-21
9.06,13,-21,-39,-20,-8,-8,17,50
9.065,-30,-31,-12,-6,-8,-18,-97,-68
9.07,-32,-7,11,-3,-3,7,50,-5
9.075,18,-25,17,-3,-3,10,11,17
9.08,20,65,43,11,7,1,0,6
9.085,-61,-52,-22,-6,5,-9,-23,-35
9.09,40,62,31,13,11,6,-8,-57
9.095,-12,19,-33,-6,-8,-13,-30,-8
9.1,-10,23,-15,1,-3,4,5,23
9.105,47,10,26,3,-8,4,9,-51
9.11,-27,13,0,-2,-2,-3,13,23
9.115,-12,-28,-3,-4,3,-9,-27,-16
9.12,1,8,12,3,3,14,44,33
9.125,-5,-25,24,0,6,-6,-21,-32
9.13,26,-37,-59,-7,2,-9,-7,7
9.135,69,45,42,12,10,3,-2,24
9.14,-15,-2,13,10,4,7,7,26
9.145,-10,7,-3,-3,-9,-12,-17,-36
9.15,20,19,1,0,-5,-3,16,35
9.155,-36,-34,-10,-1,-3,5,1,0
9.16,34,-5,12,6,1,7,-8,-33
9.165,40,23,5,-2,-1,-7,17,38
9.17,-48,-7,1,3,5,-6,-45,8
9.175,-41,-28,8,-7,-5,-9,-3,-77
9.18,44,-50,-73,-8,-1,-7,0,30
9.185,-10,17,0,3,4,6,15,3
9.19,16,-41,-2,1,3,-1,-7,17
9.195,-56,-15,-49,-13,-9,-7,-7,9
9.2,-46,47,21,13,2,6,-1,-35
9.205,32,7,5,-2,0,2,-9,-20
9.21,-33,0,-37,1,0,-3,-15,-57
9.215,-6,-27,-4,-1,-4,-1,-18,15
9.22,44,41,-2,-2,-7,8,22,43
9.225,-15,17,-20,0,-15,8,14,-3
9.23,11,2,-8,-10,5,9,76,1
9.235,-2,1,11,2,17,3,-15,9
9.24,4,-27,38,13,6,-13,-15,61
9.245,-13,7,30,6,7,-5,-13,-61
9.25,36,0,-14,4,-10,-9,-37,39
9.255,28,9,-27,-18,-3,6,41,53
9.26,27,-6,-74,-37,-3,4,11,5
9.265,-48,11,78,67,-2,-8,-12,23
9.27,-24,-4,-19,-9,-7,-3,-12,-8
9.275,19,2,-3,4,-3,7,11,3
9.28,1,-31,-26,-16,-5,-3,-21,-14
9.285,29,27,-35,-26,-3,5,25,75
9.29,-12,18,12,10,4,-5,-21,-4
9.295,10,19,67,10,1,5,24,-15
9.3,21,-12,6,-7,-9,-10,-13,-3
9.305,-2,30,0,-13,-4,-2,-6,-61
9.31,-40,-4,-33,-5,-6,-9,-8,-4
9.315,13,37,22,-3,-4,-9,-8,-41
9.32,-31,-8,-47,10,4,10,-3,-8
9.325,-50,-55,-41,-4,-1,-1,-10,16
9.33,23,39,16,5,0,1,20,-7
9.335,21,-20,10,-2,-3,2,1,13
9.34,-29,18,3,-4,-1,-7,-27,-38
9.345,1,-3,-42,-1,5,1,12,20
9.35,-7,10,16,-2,-3,2,0,30
9.355,21,-9,16,8,5,0,0,-31
9.36,-27,-42,-12,-6,0,-6,-17,13
9.365,-11,64,8,-4,-4,3,2,-4
9.37,34,56,-4,-1,0,2,36,24
9.375,1,38,-18,-8,0,-1,0,6
9.38,15,-43,5,3,-5,2,-8,-27
9.385,-42,31,-41,-8,-2,-7,-3,1
9.39,0,-59,25,4,-6,2,9,1
9.395,59,102,34,4,-2,4,-1,-17
9.4,-34,16,-60,1,2,1,0,32
9.405,16,45,6,4,6,4,9,-16
9.41,-62,-21,-10,7,4,1,6,35
9.415,49,-20,-23,-3,-3,-5,-4,-12
9.42,29,21,25,3,1,2,3,28
9.425,21,7,14,0,0,-3,-9,0
9.43,11,6,-15,-1,0,2,1,-2
9.435,-15,21,-21,4,-7,-2,-3,-11
9.44,-7,-16,31,-3,-5,-4,-8,-14
9.445,-5,-23,-2,-9,-1,-5,-3,11
9.45,32,95,13,6,0,3,2,-9
9.455,-7,-94,-8,5,-1,-1,1,5
9.46,18,-47,-82,-17,-5,-5,-5,-16
9.465,26,-11,3,5,-1,12,17,48
9.47,-28,-27,-44,-7,-5,-9,-6,31
9.475,-6,-14,-52,-12,-2,2,0,-30
9.48,-18,4,25,9,4,1,-1,-34
9.485,42,20,-19,5,-4,10,20,94
9.49,59,-11,-2,-4,-3,-17,-26,-114
9.495,-92,-58,17,-1,3,5,-10,-33
9.5,55,7,16,33,0,11,21,78
9.505,-36,-13,-6,-12,-6,-18,-23,-96
9.51,-13,-30,16,-40,10,2,-5,-63
9.515,1,17,20,4,6,1,-4,-9
9.52,42,58,-15,-1,-6,3,12,55
9.525,-24,-10,-7,-1,-2,5,-6,-27
9.53,25,11,1,-1,0,-1,-11,3
9.535,-15,-32,-8,-5,0,-5,-6,-8
9.54,-23,-4,8,-8,5,-2,-33,-22
9.545,2,-4,-8,-15,-2,5,46,3
9.55,-24,11,-6,-24,-1,-2,-20,8
9.555,41,11,-8,19,-5,1,36,-3
9.56,38,1,-3,16,-1,-3,-2,34
9.565,-10,-6,0,8,3,-6,-32,-20
9.57,-29,-3,-9,-3,-4,4,12,-16
9.575,33,-3,-4,-7,-4,-8,3,17
9.58,-8,10,7,-4,5,5,-5,-40
9.585,23,-5,2,1,3,-4,-9,25
9.59,31,2,2,0,1,-10,8,-19
9.595,27,-1,-1,-2,-3,6,33,-1
9.6,81,2,-8,-4,-2,-1,-17,-2
9.605,21,7,-3,1,-5,-15,-56,-2
9.61,-46,-5,-4,-5,-3,19,103,4
9.615,10,3,5,-1,0,-1,-14,-6
9.62,-31,-11,-2,-1,-2,-5,-24,-6
9.625,31,5,-2,0,-3,9,17,-5
9.63,13,-6,-3,-5,-3,-7,-13,20
9.635,-17,0,2,3,4,-1,2,-6
9.64,-43,-10,-2,-1,1,-3,-2,10
9.645,25,18,4,0,-1,2,25,-8
9.65,-36,-5,-3,0,6,1,2,25
9.655,-47,-15,3,5,-2,5,20,4
9.66,3,0,4,0,0,-8,-40,-6
9.665,-68,1,-12,-2,3,3,16,-5
9.67,33,-7,-1,-3,-7,-5,-22,-12
9.675,-11,1,3,1,-1,4,0,5
9.68,-84,3,-4,-3,-5,17,83,-27
9.685,18,3,-2,-2,-2,-10,-42,-4
9.69,10,11,-4,3,0,-1,9,6
9.695,1,-3,11,-3,0,2,25,6
9.7,0,6,13,-1,-1,-14,-28,-3
9.705,15,-19,2,0,2,0,8,1
9.71,-10,2,1,0,1,2,3,-5
9.715,-8,-2,-8,-5,-7,-8,-22,-5
9.72,8,4,3,-2,1,3,-7,15
9.725,-9,-11,10,0,15,1,-3,-8
9.73,-4,-15,-7,-5,0,3,6,17
9.735,-8,9,0,-1,-3,-5,-14,-7
9.74,5,-3,-7,-1,-12,-4,-2,10
9.745,-11,-6,-7,-5,-3,1,-8,-6
9.75,38,1,-1,-1,-1,-2,12,3
9.755,-33,1,-3,-5,0,0,16,-15
9.76,-11,-5,-10,-4,-2,3,12,-8
9.765,49,0,-5,-2,-8,0,-16,4
9.77,15,-1,4,-2,-2,-5,-13,4
9.775,-1,4,-1,5,5,1,-5,1
9.78,-1,-25,-14,-7,1,2,7,22
9.785,-24,-4,-4,-12,-8,-4,1,-6
9.79,12,0,1,-1,-2,3,10,6
9.795,-10,0,-1,2,1,-3,0,-3
9.8,9,15,-4,0,6,-4,-8,0
9.805,12,4,3,3,-4,2,9,8
9.81,-9,2,-7,-2,-3,0,-3,-1
9.815,1,-9,-1,-2,1,0,-5,1
9.82,-5,-3,1,2,7,-1,7,0
9.825,-20,-5,-1,0,-2,-5,-6,5
9.83,17,1,5,4,3,3,17,-1
9.835,33,5,-3,0,1,-4,-13,5
9.84,-33,-9,0,-3,-3,2,-16,-6
9.845,-13,-8,-8,-2,-3,-1,16,2
9.85,-3,-8,-2,-3,-1,-4,-8,16
9.855,4,0,2,0,3,-1,-3,3
9.86,6,-11,-3,0,-2,-2,4,-6
9.865,7,2,-3,-2,-2,-7,-5,-7
9.87,-14,9,1,2,-2,-1,-8,-5
9.875,-6,3,-6,-7,-7,0,8,-1
9.88,4,2,-1,0,-1,-3,-9,-4
9.885,-20,-1,5,3,2,4,7,4
9.89,4,-5,-2,-1,2,2,4,0
9.895,-13,1,2,0,-5,-2,-1,-3
9.9,10,-4,-11,-9,-14,-6,-7,4
9.905,5,8,5,1,8,4,3,-3
9.91,-12,-15,1,0,13,2,-11,-8
9.915,-6,-2,5,4,-1,-7,-4,0
9.92,2,-4,-8,-1,-2,2,8,2
9.925,5,2,-11,-10,-26,-6,3,-2
9.93,-6,9,-4,-1,6,0,-5,4
9.935,-8,6,-2,4,-9,5,4,1
9.94,7,2,0,1,3,0,4,6
9.945,3,6,-4,-5,-4,2,3,8
9.95,-8,-3,2,-5,-11,-3,1,-4
9.955,-1,-5,-7,-15,-13,-3,-1,2
9.96,1,0,3,-8,-7,3,-2,1
9.965,2,-1,1,12,29,0,-2,3
9.97,-4,0,3,10,-8,-1,-6,-1
9.975,-4,4,-3,-9,-7,1,-2,-7
9.98,6,-1,-1,3,-1,-4,-1,11
9.985,0,-4,-1,-20,-7,-2,0,6
9.99,-4,-18,6,-4,8,-11,-9,-18
9.995,-4,-13,11,12,12,-10,-8,-11
10,-4,-18,8,3,11,-5,-12,-24
10.005,5,-5,3,11,19,-2,-5,12
10.01,2,0,-4,-2,4,0,-3,-19
10.015,-11,-13,-8,3,1,-2,0,-11
10.02,0,9,6,8,-5,-4,-2,-3
10.025,2,1,-1,-2,-13,-7,-3,-7
10.03,-4,8,-8,-1,-15,1,7,-1
10.035,3,8,-12,-14,-32,2,8,6
10.04,3,14,-12,15,21,-3,7,10
10.045,1,18,-6,-18,-43,1,6,3
10.05,3,15,-5,15,-11,16,11,19
10.055,0,6,-6,-1,50,25,13,14
10.06,2,-2,-1,-25,-36,-3,2,12
10.065,-2,-1,2,8,6,4,-4,4
10.07,-4,-3,9,-12,-14,-10,-11,8
10.075,-3,-6,-7,-17,-13,-19,-19,5
10.08,-2,-5,3,-14,-21,-6,-11,1
10.085,-1,-10,6,12,24,-5,-9,-10
10.09,1,-8,3,26,32,16,-4,3
10.095,-4,-5,13,-35,16,11,-1,-6
10.1,1,-10,4,81,44,-5,-5,-7
10.105,-4,-16,-3,-6,-20,-7,-4,-12
10.11,-3,-1,-6,-21,-19,-12,2,-6
10.115,-1,6,-6,40,-23,-12,5,-2
10.12,-1,8,-8,-43,7,-2,12,0
10.125,1,3,1,19,3,23,10,0
10.13,-3,-12,3,-7,8,-12,0,-5
10.135,1,-10,0,34,38,0,-7,-6
10.14,-2,-10,-10,-31,-39,-13,-13,-9
10.145,-5,-4,21,3,32,-9,-11,-11
10.15,-2,-6,-39,-23,8,8,-1,-2
10.155,-2,1,-31,-30,9,1,-4,-8
10.16,-4,-1,30,37,9,11,1,-7
10.165,-2,-5,-15,-28,-8,-11,-4,-5
10.17,0,4,9,-5,-21,-6,-4,-5
10.175,-3,2,-3,-51,-29,-9,0,-2
10.18,0,-3,-15,33,13,6,1,-4
10.185,-2,-1,4,-39,10,3,-1,-1
10.19,1,2,-11,65,14,-3,0,0
10.195,1,-1,5,-13,-8,2,0,-2
10.2,0,4,4,4,8,3,0,0
10.205,1,1,5,8,1,3,3,0
10.21,-3,-3,-9,23,-21,-7,-1,-4
10.215,-2,-4,3,-6,9,-2,-1,-2
10.22,-2,2,2,-40,-24,-7,-2,0
10.225,1,2,-6,-2,-11,4,2,0
10.23,1,0,8,-2,21,7,2,0
10.235,1,-2,6,19,-14,-5,-3,-1
10.24,-3,-2,4,-9,-3,-3,-3,-1
10.245,-4,-3,-7,14,1,-4,-5,0
10.25,-2,-2,8,-22,-7,-4,-1,2
10.255,-1,-1,6,15,-4,4,-2,0
10.26,0,-1,-6,-19,20,1,0,-3
10.265,-2,-2,-6,-19,-34,-25,-7,-5
10.27,-1,3,0,24,42,24,2,0
10.275,0,0,5,-5,6,-3,0,1
10.28,-2,-2,-3,-7,-6,0,-2,-2
10.285,-1,-3,-2,-13,-13,2,2,0
10.29,0,-1,2,-52,-4,-9,-3,-1
10.295,-3,2,-1,-31,-18,-6,-4,-3
10.3,-1,-6,-4,81,48,14,3,0
10.305,1,-1,0,-14,-25,-15,-6,0
10.31,-3,2,2,-38,-45,-11,-4,-2
10.315,1,3,9,78,59,22,8,5
10.32,-4,0,-10,-104,-2,-8,-4,0
10.325,-3,-3,7,74,-33,-1,1,0
10.33,-4,-109,-23,-80,-29,-11,-5,-1
10.335,0,-122,10,89,82,12,2,-2
10.34,-7,-1,-4,31,-34,-9,-10,-11
10.345,3,92,3,38,10,2,2,-3
10.35,-15,127,-55,-62,-49,-13,-7,-4
10.355,-4,127,-4,-48,-45,-23,-4,1
10.36,3,81,-36,19,54,20,11,8
10.365,6,48,24,-5,9,7,3,3
10.37,7,28,48,-56,-48,-8,4,5
10.375,-13,-107,-56,-10,39,10,1,1
10.38,-2,-75,38,-62,0,-6,-8,-3
10.385,-12,-128,-91,-40,-15,-9,-13,-9
10.39,-5,-74,50,60,5,-9,-9,-7
10.395,5,-12,40,8,-25,-2,-3,-2
10.4,8,15,-31,-52,-34,-5,-2,0
10.405,10,22,37,16,14,7,3,3
10.41,6,9,29,25,44,10,3,3
10.415,2,41,6,-22,-47,-15,-7,-5
10.42,0,-19,16,16,-11,1,4,6
10.425,2,-6,35,1,17,3,1,-1
10.43,0,-17,-83,60,14,0,2,0
10.435,0,22,0,-25,-11,-1,-2,-2
10.44,9,20,108,47,-3,5,3,2
10.445,-7,-26,-90,-41,13,1,-1,0
10.45,-4,2,59,30,13,0,0,-2
10.455,2,-4,6,0,-21,2,0,-1
10.46,-9,-26,31,-5,-2,-5,-3,2
10.465,-8,-29,-57,-20,-4,-4,-1,-5
10.47,24,30,80,20,11,3,0,3
10.475,-21,-15,-96,-44,-16,-9,-10,-9
10.48,16,36,115,92,-3,1,4,-7
10.485,-9,-22,17,-52,8,6,4,2
10.49,19,23,96,37,1,-14,-22,-3
10.495,-39,-14,-45,29,0,4,14,-3
10.5,10,-4,-27,-89,-13,-4,1,24
10.505,-28,39,115,98,9,-4,-5,-25
10.51,7,4,-40,-17,13,7,10,11
10.515,30,-38,-24,-24,-11,-9,-13,5
10.52,-33,4,-48,48,-4,-3,3,-6
10.525,-9,-7,-19,-36,-5,-2,-4,-7
10.53,42,-6,28,12,7,10,10,8
10.535,-41,26,-15,10,-2,4,5,-7
10.54,8,-23,-31,-27,-7,-9,-10,7
10.545,9,7,11,29,4,2,-4,-6
10.55,-34,16,-32,-11,-2,-5,-7,-6
10.555,60,5,46,-11,-5,2,6,11
10.56,-27,-19,-54,-23,-4,-1,-4,-24
10.565,-21,9,30,13,3,-1,-3,13
10.57,3,-22,-41,-1,0,-1,-1,-4
10.575,5,5,28,-4,0,0,1,2
10.58,-2,-5,2,18,1,-1,-5,-5
10.585,15,-13,-18,-3,-2,-2,0,-1
10.59,-20,-19,-31,-14,1,3,4,-6
10.595,-1,-12,18,10,0,-1,-7,-1
10.6,12,-22,-14,0,0,0,0,-1
10.605,9,-28,11,-7,3,-1,4,6
10.61,-14,-16,0,11,5,-2,-4,-10
10.615,-45,-29,-3,-8,0,-1,0,-3
10.62,2,-6,3,2,0,-1,-4,1
10.625,1,-9,-4,-5,-3,-2,-3,0
10.63,0,-4,-8,-2,1,-2,2,-1
10.635,9,-6,13,2,-1,0,-2,-1
10.64,-2,-12,21,3,2,1,-2,-1
10.645,2,9,-40,-8,0,1,0,-7
10.65,5,4,-71,-12,-3,-5,-2,5
10.655,11,3,19,5,1,0,2,4
10.66,-4,-9,-5,0,-1,-3,-7,-5
10.665,-14,-12,1,0,-2,-3,-9,-7
10.67,7,-16,8,6,-1,1,0,-3
10.675,-5,-12,6,0,-1,-2,-2,-2
10.68,-4,1,-4,-2,-1,-1,-3,-3
10.685,-3,-4,8,0,-1,0,2,-3
10.69,-9,0,-7,-1,0,0,-2,7
10.695,45,-4,20,-4,-2,-1,1,0
10.7,-55,4,2,-2,0,-2,0,-5
10.705,0,-3,-9,1,-2,-1,0,-5
10.71,-20,-3,1,0,-2,-2,-1,0
10.715,28,2,1,1,-2,0,1,3
10.72,9,-1,7,1,0,0,0,1
10.725,-8,-2,10,1,1,0,0,-5
10.73,7,10,-1,0,-1,-1,-3,-2
10.735,8,5,4,-1,-1,-2,4,0
10.74,8,-3,26,-3,1,-1,-2,-1
10.745,-1,-11,-19,-1,0,1,2,1
10.75,-8,8,25,1,-5,-3,-4,-5
10.755,-21,-7,-6,-1,0,-1,0,-1
10.76,9,-1,4,-1,-2,-2,-1,-1
10.765,7,0,-10,-2,-1,-2,-2,3
10.77,-10,1,-2,1,-1,-2,-2,0
10.775,-10,-4,0,0,-2,-2,-1,-1
10.78,8,1,1,-2,0,-1,0,-2
10.785,-7,-3,-4,0,0,-1,-1,-2
10.79,3,-4,0,-2,-2,1,0,-1
10.795,-5,-3,1,0,-1,-2,-1,-4
10.8,2,-3,-4,1,-3,-1,-1,-4
10.805,-1,-3,2,0,-1,-1,-1,0
10.81,3,-3,-2,0,0,0,2,1
10.815,1,-13,-21,-5,-2,-2,-1,-4
10.82,-2,1,3,-1,1,0,2,1
10.825,5,-3,-1,-1,-1,0,-1,-1
10.83,-1,-8,-2,1,-2,-2,1,-2
10.835,-2,3,5,-1,0,-4,-3,-4
10.84,2,0,-4,-1,-1,0,0,-1
10.845,0,-2,0,-2,-2,-2,-3,-3
10.85,-4,-3,-5,-3,-3,-1,-2,1
10.855,-1,-2,1,1,-2,-1,-1,1
10.86,-5,-4,0,0,0,1,-1,0
10.865,0,1,-2,0,0,0,0,-2
10.87,-1,-2,-2,-1,-4,-2,-2,-2
10.875,1,-5,5,-1,-1,-3,-2,-1
10.88,-3,-1,-4,-1,-2,-3,-3,-4
10.885,0,5,4,-1,0,-3,0,-2
10.89,6,-3,-6,-2,1,0,0,0
10.895,0,-1,1,0,0,-2,1,-1
10.9,-3,0,-4,-3,-3,-3,-1,1
10.905,-1,0,0,0,-3,0,1,0
10.91,-1,0,-1,1,-1,-1,1,-4
10.915,-1,1,-2,-1,1,-2,-1,-3
10.92,-1,-6,1,-2,0,-3,-2,1
10.925,0,-6,-1,-1,0,-1,-1,-1
10.93,-4,-3,-2,-2,-1,-1,0,-3
10.935,-1,-1,0,-3,0,0,0,1
10.94,1,1,-1,-2,0,-1,0,-2
10.945,0,0,0,-2,0,0,-1,-1
10.95,0,-1,0,1,-2,-3,0,0
10.955,-1,-1,-1,-1,0,0,-1,-3
10.96,-1,-2,-2,0,-1,1,1,0
10.965,-3,-2,1,-2,-1,-1,-1,-1
10.97,-2,-2,-1,1,-3,-2,-1,-2
10.975,-1,-2,-1,0,-1,1,0,-2
10.98,-1,2,-2,-2,1,-1,0,-1
10.985,0,-2,-1,-1,-3,-2,-1,-3
10.99,-2,-3,2,0,0,-2,-2,-2
10.995,0,0,-2,-3,0,-1,-1,1
11,-1,-3,0,-2,1,0,-1,-1
11.005,0,0,-1,-1,-1,0,-2,0
11.01,0,2,-2,-3,-2,0,0,0
11.015,-2,-2,2,2,1,-1,0,2
11.02,0,-1,0,-2,1,0,0,-2
11.025,-1,-1,-3,-3,-1,-1,-3,-2
11.03,0,0,-2,-1,0,-1,-1,-1
11.035,0,1,0,0,0,-3,-2,-1
11.04,-2,0,0,-2,1,1,-2,0
11.045,-2,2,5,-5,1,2,2,3
11.05,0,3,-33,-4,-5,-6,-4,-1
11.055,-6,-5,-3,-3,-3,-3,-3,-3
11.06,2,12,15,1,5,3,-1,0
11.065,-6,-7,-59,5,5,2,-4,-6
11.07,4,31,37,-3,6,10,11,3
11.075,-3,-6,-30,15,-4,-14,-25,-5
11.08,0,-94,-3,0,8,16,29,14
11.085,-15,-9,77,2,-5,-13,-13,-6
11.09,4,12,-5,7,2,1,-3,-1
11.095,-3,-18,-4,3,-2,-1,-3,-4
11.1,2,-5,7,1,-1,-2,-2,-2
11.105,2,-24,61,11,2,6,3,4
11.11,-7,-10,-34,-9,-1,-3,-1,-2
11.115,1,9,23,9,-2,3,2,0
11.12,-6,-16,-60,-11,0,-3,-5,-2
11.125,5,6,0,-3,-2,-2,1,1
11.13,0,3,26,1,-2,-3,-2,-2
11.135,0,5,-13,-1,0,1,1,1
11.14,-2,9,-17,-2,-3,-2,-7,-3
11.145,-5,-11,-22,-2,2,0,3,-2
11.15,4,21,83,7,-2,0,0,0
11.155,-4,-15,-79,-12,-4,-2,-1,-3
11.16,2,2,38,3,-1,-1,0,-2
11.165,1,4,-4,0,-2,-1,0,1
11.17,0,-2,-18,-2,0,2,3,-1
11.175,-1,-4,7,2,-1,0,1,0
11.18,0,3,-3,-1,-4,0,0,-1
11.185,-3,-9,-19,-2,1,-1,-1,2
11.19,-1,3,-3,3,-2,-1,-1,1
11.195,0,5,1,-3,-2,-2,-3,-2
11.2,-2,-4,-3,1,2,0,1,-3
11.205,-1,0,-4,-2,-3,0,-2,0
11.21,0,-5,-7,0,-1,1,1,2
11.215,-1,0,0,-1,-1,-2,-2,-2
11.22,-3,-1,0,-1,0,0,-2,-2
11.225,-1,-6,-1,0,0,-1,1,-1
11.23,-2,-3,-2,0,1,0,-1,-2
11.235,-2,-1,-5,0,-2,-1,3,2
11.24,0,-2,-1,-1,1,-1,3,1
11.245,-1,-2,1,-1,0,0,-1,1
11.25,-1,-1,-3,-1,-2,-3,-4,0
11.255,-1,-1,1,0,-2,1,3,-1
11.26,-4,-3,-1,1,-2,-2,-1,-1
11.265,-3,0,-4,-1,-1,-3,0,-1
11.27,0,1,-2,-2,-3,-1,-1,-3
11.275,-2,-2,1,-2,-2,-1,-1,0
11.28,-2,-3,-1,-2,1,0,1,-2
11.285,-1,-3,-1,0,1,0,-2,-1
11.29,-1,-1,-2,0,-3,-1,0,0
11.295,-1,0,0,-1,-1,-1,0,-1
11.3,-2,0,0,-2,-1,-1,-1,0
11.305,0,-1,-2,0,0,-2,-1,-3
11.31,-2,-2,-1,0,-1,0,0,-2
11.315,-1,-3,0,-2,-1,-4,-2,-3
11.32,-1,-2,-2,0,0,-1,-1,-1
11.325,-2,-2,-1,0,-2,0,0,0
11.33,0,-3,-2,-3,-1,0,0,-1
11.335,-2,0,0,1,-1,-1,-1,-1
11.34,0,0,0,-2,-2,0,-1,-2
11.345,-1,0,-1,-1,-1,-1,-1,-2
11.35,0,-2,-1,0,-2,0,-2,-1
11.355,0,-1,-1,-2,-1,-2,0,0
11.36,-1,-1,0,0,0,1,-1,-2
11.365,-1,-2,0,-1,-2,-1,0,-3
11.37,-1,-2,-3,0,-2,-3,1,0
11.375,0,-1,-3,-2,1,-1,-1,-1
11.38,-2,0,-1,0,-1,1,-3,-1
11.385,-1,-1,-1,-1,1,0,-2,-2
11.39,0,-2,0,-2,0,1,-2,-1
11.395,-1,-1,1,-1,-2,2,-2,-3
11.4,-1,0,-1,0,0,-1,0,-3
11.405,-1,-2,-1,-2,1,-2,0,-2
11.41,-1,-2,0,-2,0,-2,0,-1
11.415,-2,-1,-2,-1,-2,0,0,-1
11.42,-1,0,1,0,0,0,-1,-1
11.425,-1,-2,-2,0,-2,-2,0,1
11.43,0,-1,0,0,-1,-1,-1,0
11.435,-1,-1,-1,-2,-1,-1,-1,2
11.44,-2,-1,-1,-1,-1,-1,-2,1
11.445,-2,-2,0,-1,0,0,-2,0
11.45,-2,1,-1,-1,0,-1,0,-3
11.455,0,-2,-2,0,-2,-1,-1,-2
11.46,-3,0,0,0,-3,1,-3,-1
11.465,-2,0,-1,1,-1,-3,-2,0
11.47,-1,-1,-2,-2,0,-1,-1,-2
11.475,-3,1,0,-2,0,-1,0,-1
11.48,0,-2,-1,0,-1,-2,0,-2
11.485,-2,-1,0,1,1,0,0,-1
11.49,-1,0,-1,0,-2,-1,-2,-2
11.495,0,-3,-1,0,-1,-1,0,-1
11.5,1,-2,-1,-2,-1,0,0,1
11.505,1,0,-1,0,-1,-1,0,-2
11.51,-2,-2,-1,-1,-2,-2,-1,0
11.515,0,0,0,-1,-2,-1,-1,-3
11.52,-2,-1,-2,1,0,-2,-1,0
11.525,-1,0,-1,-3,-1,-1,0,-2
11.53,-1,-1,-2,-1,-3,-2,-1,0
11.535,-2,-1,-2,0,-3,0,-1,2
11.54,-1,-2,0,-1,0,-1,-2,0
11.545,-1,-3,-1,-1,-1,1,-1,1
11.55,-1,-1,0,-2,-1,0,-1,0
11.555,-1,0,-1,0,-1,-2,0,-1
11.56,-1,-2,0,-1,-1,-1,-1,-2
11.565,1,0,-2,-1,-1,-2,-1,2
11.57,0,-2,-3,0,-2,0,-1,-1
11.575,0,-2,-2,-1,1,0,-1,-1
11.58,-1,0,-2,-2,-2,-1,2,-3
11.585,-1,-3,0,0,-2,-1,-2,-1
11.59,-1,-2,0,-1,-1,-2,-3,1
11.595,-3,1,0,0,-1,0,-1,-1
11.6,-2,-3,1,-1,-1,-3,-3,-2
11.605,-2,-1,-1,-1,0,-2,-2,-2
11.61,-1,0,-2,-1,-2,-1,1,-1
11.615,-1,0,-2,1,-2,-2,0,1
11.62,-1,-1,-2,-3,-2,-1,-1,0
11.625,0,-1,-2,-1,0,-2,0,-2
11.63,1,0,0,-2,0,-2,-2,-1
11.635,-2,-3,0,-2,1,-1,-3,-1
11.64,-1,-2,-3,-1,0,-1,-1,0
11.645,0,-2,1,-1,-2,-1,0,-2
11.65,-1,-1,-2,-1,-1,-1,-1,-2
11.655,0,-2,0,-1,0,0,-2,-2
11.66,1,-1,1,-2,0,0,-2,1
11.665,0,-1,-1,-3,0,-1,0,-2
11.67,-2,-1,0,0,-1,0,0,-1
11.675,-1,1,-1,1,-2,-1,-1,0
11.68,-2,-4,0,-1,0,-3,-1,-2
11.685,-2,-1,-2,0,-1,-2,2,0
11.69,0,-2,0,-1,-1,-1,0,-1
11.695,-1,-2,0,0,0,1,-3,-1
11.7,-1,-1,-1,-1,-1,-1,-2,-1
11.705,-2,-2,-4,-1,0,-2,-1,0
11.71,-1,-2,-1,0,0,-1,-1,-1
11.715,1,-2,-1,-1,-2,-2,0,-1
11.72,1,-3,-2,-2,-2,0,0,-1
11.725,-1,0,0,-1,-3,0,-2,-1
11.73,-2,-1,-2,0,0,0,-1,0
11.735,-1,-2,0,-1,1,-2,-1,-2
11.74,0,-1,0,-1,1,-2,-2,-2
11.745,-2,-1,0,0,0,1,-1,-1
11.75,0,-2,-1,-1,-1,-2,1,-1
11.755,0,-2,0,-1,-2,0,-1,-1
11.76,-1,-1,0,-2,-2,0,-3,-1
11.765,-1,-1,-1,-1,-2,0,-1,-2
11.77,-2,-1,-2,-2,0,-1,-2,-3
11.775,-2,-3,-2,-2,-1,-2,-1,-1
11.78,-1,-1,-1,-1,-3,-2,-2,-1
11.785,-1,-2,0,-1,-2,1,0,-2
11.79,-2,-2,-2,-1,-1,-3,0,0
11.795,-2,-2,-3,-2,-3,-2,0,-1
11.8,-2,-1,-2,0,-2,0,1,-1
11.805,-1,-1,-1,-1,1,-1,-2,1
11.81,1,0,-1,0,-2,-1,-2,-1
11.815,0,-2,-2,-2,0,-2,-1,0
11.82,-2,-1,-1,-1,0,-1,-1,-1
11.825,-1,0,-2,0,0,-1,0,1
11.83,-1,-1,-1,0,-2,-1,0,-1
11.835,-1,-1,-2,-1,-4,-2,1,-1
11.84,-1,-5,-1,-2,0,-2,1,1
11.845,-1,-2,0,-1,-1,-1,-1,-3
11.85,-2,0,0,0,-2,-2,-2,-1
11.855,-1,-2,-2,-2,0,0,-1,-1
11.86,-3,1,-1,-1,-2,-1,-1,-2
11.865,-1,-1,-1,-3,-1,-4,-1,-3
11.87,-1,-2,1,-2,-1,-3,0,-1
11.875,-3,0,1,-2,0,0,-1,-1
11.88,-1,-1,-2,-2,-1,-1,-2,0
11.885,-1,-1,-2,-1,-2,1,-1,0
11.89,0,-2,-4,-2,2,-1,-2,0
11.895,-2,-1,-1,-2,-1,0,-2,-1
11.9,-1,-2,-1,-1,-1,-1,1,-1
11.905,0,-1,-2,-2,-1,1,-2,-1
11.91,-1,-4,-2,-1,0,1,0,1
11.915,-1,-2,-1,-1,-1,0,-1,-2
11.92,0,1,0,0,-1,0,-2,0
11.925,-3,-1,1,-2,-1,-2,0,-3
11.93,-1,1,0,-3,-2,-1,0,-2
11.935,0,0,-2,-2,-1,-2,-2,-2
11.94,0,1,-2,1,0,0,-2,-2
11.945,-2,-1,-3,-1,1,-2,-1,1
11.95,0,-1,-1,-1,0,0,-1,-2
11.955,-1,-2,1,0,0,-2,0,-1
11.96,-1,-2,-1,-2,-1,0,1,-2
11.965,0,-2,-2,-2,-2,-2,-2,-1
11.97,-2,0,0,-1,-2,-1,0,-1
11.975,0,0,-1,0,-1,-1,-2,-1
11.98,-3,-1,-2,0,-1,-1,-1,1
11.985,1,-1,0,-1,0,-1,-2,-1
11.99,-1,-2,-1,-1,-2,-1,-2,-2
11.995,0,-1,-2,0,-2,-1,-1,0
12,-2,-2,1,0,1,0,-1,-1
12.005,-2,-3,-2,-1,-1,-1,-2,-3
12.01,-1,-1,-1,-1,-1,-1,-2,-2
12.015,-1,-1,1,-1,1,-1,-1,-2
12.02,-1,-2,-3,-1,-1,-2,-1,-1
12.025,-1,-2,-1,1,-2,0,0,0
12.03,-3,0,-2,1,0,-1,-1,-2
12.035,0,-1,-3,-3,-1,-1,1,0
12.04,-2,-2,1,-4,-2,0,-2,-1
12.045,-2,0,-1,0,-1,-2,-1,-1
12.05,-2,-2,1,-1,-2,-2,-1,-1
12.055,-2,-1,0,0,1,0,-2,0
12.06,-1,-1,2,-1,2,-1,-1,-1
12.065,0,-2,-3,-2,1,-3,-1,-2
12.07,0,0,-1,-1,-1,-1,-2,-1
12.075,0,-1,1,-1,-2,-1,0,-3
12.08,-2,1,-1,-1,-1,-2,-2,0
12.085,0,-2,0,-2,0,0,-1,1
12.09,0,-2,-1,-2,0,-2,-2,-1
12.095,-1,-2,-1,-1,-1,-1,0,-2
12.1,0,-2,0,0,-3,-1,-1,-1
12.105,-1,-3,-1,-2,-1,0,-1,-1
12.11,-1,-1,-3,-3,0,-2,0,-1
12.115,-2,-1,-1,-1,-2,0,0,0
12.12,-2,-1,-3,-1,0,-1,0,-2
12.125,-3,-1,-1,1,-2,-2,-1,-1
12.13,0,-2,-1,-1,0,-2,-2,-2
12.135,-1,-1,-2,1,-1,-4,-1,-2
12.14,0,-2,1,1,-1,-2,-2,-2
12.145,-1,-2,0,-1,-2,0,0,-2
12.15,-3,-3,-1,-1,-1,-1,-1,-1
12.155,0,-1,0,-4,0,-1,-2,0
12.16,-1,0,-3,-1,-1,-1,-2,-1
12.165,-1,1,0,-1,-3,-1,-1,0
12.17,0,-1,-1,-2,0,-2,1,-1
12.175,-2,-1,0,-1,-1,-1,0,-1
12.18,-1,-1,-4,-1,-1,-1,-2,-1
12.185,-1,-2,-5,-3,-1,-1,-3,-1
12.19,-1,-1,0,3,-2,-2,-2,-2
12.195,-2,-2,-2,-2,0,-1,-2,0
12.2,0,-3,0,-1,-2,-1,0,-1
12.205,-3,-3,0,-2,-1,-1,0,-2
12.21,-1,-1,-1,0,0,1,-1,-1
12.215,0,-1,-1,0,-1,0,-3,-1
12.22,-1,-1,-4,-1,-2,-2,-1,-1
12.225,1,0,-3,-1,0,-1,-1,-2
12.23,-1,-1,-1,-1,-1,-1,-2,-1
12.235,-1,-1,-1,-2,-3,-1,0,-1
12.24,0,-1,0,-2,-2,0,-1,-1
12.245,-1,-3,-1,0,-1,-1,-1,-1
12.25,0,-4,1,-1,-1,-1,-2,0
12.255,-2,-4,-3,-1,0,-2,-1,-2
12.26,-1,-2,0,-1,0,-1,0,-1
12.265,-2,-1,-2,1,1,0,0,1
12.27,-1,-1,-1,-2,0,1,1,-1
12.275,-1,0,-1,-1,0,-3,-2,0
12.28,0,-2,-1,0,-2,-1,-2,-1
12.285,-2,1,-1,-1,-1,0,-3,-2
12.29,0,-4,2,-1,-1,-2,-1,-2
12.295,0,-2,-3,0,-1,-2,-2,0
12.3,-3,-1,-1,-1,1,-2,-3,0
12.305,1,-2,-1,2,-3,-2,0,0
12.31,-2,1,-2,-1,-2,-1,-1,0
12.315,-1,-1,0,-1,0,0,-1,-1
12.32,-2,-2,1,0,0,1,2,-1
12.325,1,-1,-1,-3,-2,0,-1,1
12.33,-1,-1,-3,0,-2,-2,0,-1
12.335,-2,-2,-2,-1,-3,-2,1,-4
12.34,0,-1,-2,-1,-1,-2,1,-2
12.345,-2,-3,2,-2,1,-1,1,-1
12.35,0,-2,-3,0,-2,-3,-2,-1
12.355,-1,-2,-2,0,0,-1,-1,0
12.36,-1,-1,-1,-1,0,-1,-2,0
12.365,0,-1,-2,-2,-1,-2,-2,0
12.37,0,-1,-2,0,0,0,-1,1
12.375,-1,-1,0,-1,-2,0,1,-2
12.38,-1,0,-3,-2,-1,-1,-1,-1
12.385,-1,0,0,-1,-1,-3,-2,-3
12.39,-1,-3,-2,-1,0,-2,1,-2
12.395,-1,-2,0,-2,-2,1,-1,0
12.4,0,-1,-2,-1,-3,-2,-1,-1
12.405,-2,-1,0,0,0,0,-2,-2
12.41,-2,-2,1,-3,0,-1,0,-1
12.415,-3,0,-1,0,2,-3,1,0
12.42,-1,-4,-1,-1,-1,-3,-2,0
12.425,-1,2,-2,-1,-1,0,-2,-1
12.43,-2,0,-2,-3,-1,0,-1,-2
12.435,-1,-2,0,-1,-1,-1,-1,-1
12.44,-1,0,-1,1,0,-1,-2,-1
12.445,-1,-2,-2,-1,0,-1,-2,-1
12.45,-1,1,0,-1,-3,0,-2,-1
12.455,0,-2,-1,-1,-1,-2,-1,0
12.46,0,-2,-2,-2,-2,-1,-1,-3
12.465,0,-2,0,0,-3,-1,-1,-1
12.47,-2,0,-1,-2,-2,-1,-1,-1
12.475,0,1,1,-1,0,0,-1,-1
12.48,-2,0,-2,-2,0,1,-1,-2
12.485,0,-2,-1,-2,0,-2,1,0
12.49,-2,-1,-1,-1,-2,0,-1,-2
12.495,1,-2,0,1,-1,0,-2,-2
12.5,-2,-1,-1,-1,-3,-2,2,-2
12.505,-2,-1,-1,-2,-2,0,-1,-2
12.51,0,-2,-1,-1,-2,-2,-3,-1
12.515,0,-1,0,-1,-3,-2,0,1
12.52,0,-2,-1,-2,0,-1,0,1
12.525,-3,-2,-2,-1,-2,-2,-1,-1
12.53,0,-2,-2,-1,1,-2,-2,-1
12.535,-1,-1,-2,0,-1,-1,-2,-2
12.54,0,-1,1,-3,0,-2,-1,-1
12.545,0,-1,0,-1,-2,-1,1,-3
12.55,1,-1,-1,-1,-1,0,0,0
12.555,-2,-3,-2,0,0,0,-1,-2
12.56,0,0,-1,-1,-1,-1,-2,-1
12.565,-2,-2,0,-2,-1,-1,0,0
12.57,-1,-2,-1,-1,-2,-1,-2,-3
12.575,-1,0,-4,-1,0,-1,-1,0
12.58,0,-1,-1,1,-2,-1,-1,0
12.585,0,-1,-1,-1,0,-1,-1,0
12.59,-1,0,-3,-2,-1,-3,1,0
12.595,-2,-3,-1,-5,-4,-2,-2,-1
12.6,-1,0,-1,-2,0,0,-1,-4
12.605,0,-2,-2,-1,0,0,-1,-1
12.61,-2,-1,-2,-1,-1,-1,-1,0
12.615,-3,-2,-1,0,-2,-1,0,-1
12.62,-1,0,0,-1,0,-1,-2,0
12.625,-1,-2,0,-1,0,-2,-2,-3
12.63,0,-1,-1,-1,-2,-1,1,-2
12.635,0,-1,-2,0,-3,1,-1,-1
12.64,-1,-2,0,-2,-1,-2,1,-2
12.645,0,-2,0,-1,0,-1,-2,-1
12.65,-2,1,1,-1,0,-1,0,-2
12.655,1,-1,-1,-1,2,-1,0,-2
12.66,-1,-3,0,-1,-1,-1,0,-2
12.665,0,0,-3,0,-1,-1,-2,-1
12.67,-1,-3,-1,-2,0,-1,0,-1
12.675,-2,0,0,-2,0,-1,-2,-1
12.68,-1,-1,-2,-2,-1,-1,-3,0
12.685,0,0,0,-3,-1,-1,-1,-1
12.69,-3,-1,1,-1,-1,1,-1,1
12.695,-1,-2,-1,1,0,0,-1,-1
12.7,-2,0,-1,1,0,-1,-3,-2
12.705,-2,0,-1,-1,-2,-3,-3,-1
12.71,-1,-2,-1,0,0,-2,-1,-1
12.715,-1,-1,0,-1,0,-1,-2,0
12.72,-1,-3,0,-1,-1,1,0,-1
12.725,0,0,-1,-1,-2,-1,-1,1
12.73,0,-2,-2,-2,-2,-1,-2,-2
12.735,-1,0,-2,-2,-1,-1,-2,0
12.74,-1,0,-1,-1,-1,0,-2,-2
12.745,-3,-1,0,-1,1,0,-1,0
12.75,-1,-1,-2,-3,-1,2,-1,-2
12.755,0,0,-2,-2,-3,-3,-1,0
12.76,-1,-2,-2,-3,-1,-2,-1,1
12.765,-1,-2,-1,-1,0,0,-1,0
12.77,-3,-1,0,1,-1,-2,-2,0
12.775,-1,-1,1,-1,-1,-1,-1,-1
12.78,0,-4,0,-2,-1,-2,0,0
12.785,-1,-1,-2,-2,-3,-1,0,-2
12.79,0,-2,-1,-1,0,-1,-1,-2
12.795,-2,-1,-1,-3,1,-1,-1,-1
12.8,-1,-3,-2,-2,-2,-2,-3,-1
12.805,-1,-1,-1,-1,-1,0,-1,0
12.81,1,-4,-1,1,1,-1,-3,-1
12.815,0,0,1,-2,0,-1,-1,-1
12.82,-1,-1,0,-2,0,-1,1,1
12.825,0,-2,-2,3,1,0,-1,-1
12.83,-2,-1,0,-1,-1,0,-1,-1
12.835,-1,-1,-3,-1,0,-3,0,-2
12.84,-1,-1,0,-1,-1,-1,-2,-2
12.845,-1,-1,-1,-3,-1,-2,0,-2
12.85,-1,-1,0,-1,-3,-3,-2,-1
12.855,-1,-2,-1,0,-1,-1,1,-1
12.86,-1,-1,-1,-2,0,0,-2,-2
12.865,0,-1,-1,-2,-2,-4,-2,-2
12.87,-2,1,0,-2,-1,0,-2,-1
12.875,1,-3,-2,-1,-3,-2,-3,-1
12.88,-1,-1,0,-1,0,-1,-4,-1
12.885,-2,-2,-1,-1,-1,-1,0,-2
12.89,0,0,-1,0,0,-1,-2,-1
12.895,-3,-2,1,1,1,0,-2,-2
12.9,-2,0,-2,0,-1,-2,-2,-1
12.905,-1,0,-2,0,-2,-1,-2,0
12.91,0,-1,-2,-2,-3,-1,-2,-1
12.915,-1,0,-3,-1,0,1,0,-1
12.92,-2,-2,-1,-2,-2,-1,-3,0
12.925,-1,-1,-1,-2,-1,0,-2,-2
12.93,-1,-1,-1,-2,-3,-2,0,-1
12.935,0,-3,-1,-2,-1,-1,-3,0
12.94,-2,-2,-2,-2,1,-2,0,-1
12.945,0,0,-1,-1,-2,-1,1,2
12.95,-2,-1,-1,-1,1,-2,-1,-2
12.955,-1,-2,0,-2,-1,-2,-2,-1
12.96,1,0,0,0,-2,-2,0,-3
12.965,-3,1,-2,-1,-2,-2,-2,-4
12.97,-1,-1,-4,0,-3,-1,-1,-2
12.975,-2,0,0,-2,0,-1,0,0
12.98,-1,1,0,-2,-2,0,-1,-1
12.985,0,-2,-2,-1,-3,-2,-1,0
12.99,-2,0,0,-1,-3,-1,-1,-1
12.995,-1,-1,-2,-1,-3,1,-3,-2
13,0,0,-2,-1,-1,0,0,0
13.005,-1,-2,-1,-2,1,1,0,-1
13.01,-1,0,1,-1,0,0,-2,-1
13.015,0,0,-1,0,-1,-1,-1,0
13.02,-1,-2,-1,-2,-1,-1,0,-2
13.025,-1,-1,-2,-2,-1,-2,-3,0
13.03,0,-1,-2,-1,0,0,0,1
13.035,-2,-2,0,-2,-1,-1,-1,0
13.04,1,0,-3,-2,0,-1,-2,-1
13.045,-2,1,-3,-2,-2,-1,-2,-2
13.05,-1,-2,-1,-1,-2,-1,0,-1
13.055,-1,1,-3,-1,0,-2,-1,-1
13.06,-1,-2,-1,-1,-1,-1,1,0
13.065,-1,-1,1,-1,0,-1,0,-3
13.07,-1,-2,-2,-2,0,-2,-2,0
13.075,-2,-1,-1,1,-1,-1,0,-2
13.08,-1,-1,-1,0,-2,0,0,0
13.085,-2,-3,-1,-2,0,0,0,-2
13.09,-1,-2,0,0,-3,-2,-2,0
13.095,0,-3,0,-1,1,-2,0,-1
13.1,-1,0,-1,-2,0,-1,-3,-3
13.105,-1,-1,-1,-1,-2,0,0,-1
13.11,-1,-2,-1,-2,0,-1,-2,-2
13.115,0,0,0,-1,-2,-1,-1,1
13.12,-1,0,-1,1,-2,0,-1,-1
13.125,0,-2,-2,-1,0,-1,-3,1
13.13,-1,-1,-2,-2,2,-1,0,-3
13.135,-2,0,0,-2,-1,0,-1,0
13.14,-2,-3,0,-1,-2,-4,0,-1
13.145,-1,-1,0,-2,0,-1,-2,-1
13.15,-2,0,-1,-1,-1,1,-1,0
13.155,-1,-1,-3,0,-1,-2,-1,-2
13.16,-2,-2,-1,-2,0,-1,1,0
13.165,0,-1,-3,-1,-1,0,2,-1
13.17,-1,-2,-1,-1,-1,-1,0,-2
13.175,0,-2,-1,-1,-2,-1,-3,-3
13.18,-1,-1,-2,-2,-1,-1,-2,-2
13.185,-1,-2,0,-3,-1,-2,-2,0
13.19,-1,-4,0,0,0,-3,-1,-1
13.195,-2,0,0,-3,0,-1,-1,0
13.2,0,1,-1,0,0,-3,-1,-2
13.205,-1,-1,0,0,0,-1,-2,0
13.21,0,0,0,-1,-3,-2,-2,-1
13.215,-2,-1,-1,-1,-1,1,-2,-3
13.22,-4,-2,-1,-2,-2,0,-2,-2
13.225,-1,-2,-1,-1,-2,-3,-1,-1
13.23,-1,1,-1,0,-1,-2,-1,-1
13.235,0,-1,-2,0,0,-2,1,-2
13.24,-1,-2,0,-3,-1,-1,-2,0
13.245,-1,-2,0,0,-3,-1,0,0
13.25,-1,-3,0,-1,-2,-2,0,0
13.255,-1,-4,0,-1,-3,-2,-2,-1
13.26,-1,0,0,-2,-1,-1,-2,-3
13.265,-2,-2,-1,-1,0,-1,-2,0
13.27,0,1,-1,-2,-1,0,0,-1
13.275,-1,-1,-1,-1,-1,-2,-1,-1
13.28,-2,-2,0,0,-3,-1,0,0
13.285,-3,-1,0,-1,-1,-2,-2,-3
13.29,-2,-1,-1,-1,-2,-1,-1,-1
13.295,0,-2,-2,0,0,-1,-2,-1
13.3,0,-1,-1,-1,-2,0,0,-1
13.305,1,-1,-1,-1,-2,-1,-2,0
13.31,-2,-1,-1,-1,0,0,-1,-1
13.315,0,-2,1,-1,-2,-1,-1,-1
13.32,-2,-1,-4,-1,-1,0,-2,-4
13.325,1,-1,1,0,-1,-1,0,-3
13.33,-1,-2,-2,1,-1,-1,-3,-2
13.335,0,-2,-1,-2,-3,-3,0,0
13.34,0,-1,-1,-3,-1,-1,-1,1
13.345,0,-1,-2,-2,-1,-1,-2,0
13.35,-1,-1,0,-1,-1,0,-1,-1
13.355,-1,0,-1,-1,1,-2,1,0
13.36,-1,-4,-1,0,-2,-2,-2,0
13.365,-2,1,-4,0,0,-4,-2,-2
13.37,0,-1,0,-2,-1,-2,-2,-2
13.375,-2,2,-1,-1,-4,0,1,-2
13.38,-1,0,0,-3,-1,0,0,-2
13.385,-1,-1,-1,1,-1,-1,-1,-2
13.39,-1,-2,-4,-1,0,-2,0,-1
13.395,-1,-1,-1,-1,0,-2,0,-1
13.4,-2,-1,-2,-1,-2,0,0,-2
13.405,-2,-2,-1,-2,0,0,0,-1
13.41,-1,0,1,-1,-2,-1,-2,0
13.415,1,-1,0,-4,1,-1,-2,-1
13.42,0,0,-1,2,-1,-2,-2,1
13.425,0,-1,0,0,-1,0,-2,1
13.43,-1,-1,-2,-2,-1,0,-1,-3
13.435,-3,-2,-2,-1,-4,0,-1,-2
13.44,-2,0,0,0,1,-3,0,-3
13.445,-1,-1,0,-1,-2,-2,-2,-3
13.45,1,-3,-1,-3,-1,-1,-1,-1
13.455,0,0,-3,1,-2,0,-2,-1
13.46,-1,-2,0,0,1,-1,-1,-2
13.465,-2,-2,-2,0,-3,-1,-1,0
13.47,-2,-2,0,-1,-1,-1,0,0
13.475,-1,-1,-1,-2,-1,-2,-2,0
13.48,0,0,-2,0,-3,0,-2,0
13.485,-2,0,-2,-2,-2,0,1,-1
13.49,-1,0,0,-2,-1,-3,1,-2
13.495,-2,-1,-2,-2,-1,0,0,0
13.5,-1,-1,-1,-2,1,0,-1,0
13.505,0,-2,1,-1,0,-2,-1,-2
13.51,-1,1,-3,-2,-1,-1,-2,-1
13.515,-2,-4,1,-1,0,0,-1,-2
13.52,0,-2,-1,-1,-2,-2,-1,-2
13.525,1,0,-2,-3,-1,-2,-2,-2
13.53,-1,-3,-2,-2,-2,0,-1,-1
13.535,-1,1,-1,-1,-1,-1,-1,-1
13.54,-1,-1,-3,-1,0,-1,0,0
13.545,-2,-2,0,1,0,0,0,-1
13.55,0,1,-2,1,-1,-1,-1,-3
13.555,0,-2,0,-1,-2,-2,-1,-2
13.56,-1,-3,-1,-3,-4,-2,-2,-2
13.565,-1,-2,-3,-2,-2,-1,-1,-1
13.57,-1,-1,0,0,-1,0,-1,-1
13.575,-1,0,-1,-2,1,1,-1,-1
13.58,-2,-1,-3,-1,0,-2,-1,0
13.585,-1,-2,0,-1,-1,-1,0,-1
13.59,-2,0,-2,0,-2,-1,0,0
13.595,-1,-3,-2,-3,-1,-2,-2,-2
13.6,-2,1,0,1,1,0,0,0
13.605,-1,-2,-1,-4,-2,0,0,0
13.61,-1,-3,-1,0,-2,-2,0,-1
13.615,-2,-2,0,-1,0,-3,-2,-1
13.62,0,-2,-2,-2,-2,-1,-2,-3
13.625,-1,-1,1,-2,0,-1,-2,0
13.63,-1,-1,-1,-1,0,-1,-1,-1
13.635,0,-1,-1,0,0,0,-2,-1
13.64,0,-2,1,0,-2,-3,-3,-2
13.645,0,-1,0,1,-2,-3,0,0
13.65,-1,-3,-1,-1,-1,-1,-3,-1
13.655,-1,-2,-1,-1,0,-1,0,1
13.66,-2,-1,-1,-1,-1,1,-1,0
13.665,0,-2,-2,-1,-1,-2,-2,-2
13.67,-1,-2,-1,-2,-3,-1,-1,0
13.675,-1,1,-1,-2,-1,-2,-1,0
13.68,0,0,-2,-2,0,1,1,-1
13.685,-2,1,-1,-1,-1,0,-2,-1
13.69,0,0,-1,-1,1,-1,-1,-1
13.695,-1,1,-1,0,-3,-3,-1,-1
13.7,0,-3,0,-1,0,-2,-1,1
13.705,-1,-1,-3,-2,-1,0,1,-1
13.71,-2,-1,-1,-1,-3,-3,-1,0
13.715,0,-3,-3,-3,-2,0,-2,-2
13.72,-2,0,0,0,-4,-3,1,-4
13.725,-2,0,-2,-1,0,0,-1,-3
13.73,-2,-1,2,-1,-1,0,-1,-2
13.735,0,1,-1,0,1,-3,0,0
13.74,-1,-2,0,1,-2,0,-1,0
13.745,0,-2,1,-1,-1,-2,-3,-1
13.75,-1,-1,0,0,0,-2,-1,0
13.755,-2,0,-3,0,-1,-1,-1,1
13.76,-1,0,1,-2,-1,-4,-3,-3
13.765,-2,1,-2,0,-3,1,-1,0
13.77,0,-2,0,-1,1,-1,-1,-2
13.775,-1,-2,0,-2,0,-2,-1,0
13.78,0,-2,-4,-1,0,-1,1,1
13.785,-1,-2,-1,-2,0,-2,-1,-2
13.79,-3,-1,-1,-2,-3,-2,-3,-1
13.795,-1,-1,-3,-1,0,0,2,-2
13.8,-1,-2,-1,-1,-1,-1,-1,-1
13.805,-2,0,0,-4,-1,-2,0,-1
13.81,0,-1,-2,1,-1,0,0,-2
13.815,-2,-1,1,0,-2,-1,-3,-1
13.82,-1,-3,-1,-4,0,0,-2,-2
13.825,-1,-2,-2,0,-1,-3,0,-2
13.83,-1,0,-3,-3,-2,-2,-1,-2
13.835,-1,-2,-3,-3,-2,-2,-1,-1
13.84,0,0,0,-4,0,-1,0,2
13.845,-1,-2,-1,-1,0,-2,-1,0
13.85,0,-1,0,-3,0,-2,-1,-2
13.855,-1,-3,0,2,-1,-2,-2,-1
13.86,1,0,-1,-3,-3,-3,-2,-2
13.865,0,-2,-1,-1,-1,0,0,0
13.87,-2,-1,-2,-1,-1,0,1,1
13.875,-1,-1,-1,0,0,0,0,-1
13.88,-2,-2,0,0,-1,-2,0,-2
13.885,1,-3,-2,0,-1,-1,-3,-2
13.89,-2,-1,-2,1,-1,0,-2,-1
13.895,-2,-1,0,-1,-1,-1,1,-2
13.9,-2,-2,-2,2,0,1,1,-1
13.905,-1,-1,-1,0,0,0,0,-3
13.91,-1,-3,2,-1,-1,-1,-1,-1
13.915,-1,-2,0,-2,-4,-2,-1,-3
13.92,0,-3,-2,-1,0,-2,-3,0
13.925,0,0,0,-1,-2,-1,-1,-1
13.93,-1,-3,0,0,-1,0,-2,-1
13.935,0,-4,0,-1,-1,0,-1,-1
13.94,-1,-3,-1,-1,-1,-2,0,0
13.945,-1,0,-2,-1,0,0,0,1
13.95,-1,0,-2,-3,-1,-2,-2,0
13.955,-1,1,-1,-1,1,0,-3,0
13.96,0,0,0,-1,-3,-1,-1,-1
13.965,-1,-2,-1,-1,-1,0,0,-2
13.97,0,0,-1,-1,-3,0,-1,-2
13.975,0,-1,-3,-1,-1,-1,-1,-2
13.98,-1,-1,-2,-1,1,0,-1,1
13.985,-2,-1,-1,-1,-1,-2,-3,1
13.99,-1,-3,-1,0,0,-2,-1,0
13.995,-1,-2,-1,-1,-2,0,0,-1
14,-2,-2,0,-1,-1,0,-3,-1
14.005,-2,0,-1,-1,0,-1,0,-2
14.01,0,-2,-2,-1,-2,0,-1,-2
14.015,0,1,-1,-1,0,-2,-2,-2
14.02,-2,-2,0,-1,-2,-2,-2,-2
14.025,-2,-2,-1,2,-2,0,-2,0
14.03,-1,0,-2,-1,1,-1,0,0
14.035,0,-2,0,-1,1,-2,-1,0
14.04,-1,-1,-1,-1,-3,0,-1,-1
14.045,-1,-1,-1,-1,-2,0,-2,-2
14.05,-2,-1,-1,-1,-1,-2,-1,-1
14.055,0,-2,-2,-1,-4,-1,0,-1
14.06,0,0,-2,0,-1,-2,0,-1
14.065,-1,-1,-1,-2,-1,0,-1,-2
14.07,-1,0,0,-1,-1,-1,-2,-1
14.075,-1,-1,-2,-1,-4,-1,-1,-1
14.08,-2,1,-1,-1,-3,-2,0,0
14.085,0,-1,-2,-1,1,-2,-1,-2
14.09,-1,0,0,-1,0,-1,1,-1
14.095,-2,-2,0,-2,1,-1,-1,0
14.1,-2,-2,-2,-1,1,0,-2,-2
14.105,-1,-1,0,-2,-2,-2,-4,-2
14.11,-1,-2,-1,-1,-2,1,5,0
14.115,0,0,-1,0,-1,-2,-1,2
14.12,0,-2,-1,-2,-1,-1,2,-2
14.125,-1,0,-2,-2,-2,-3,-4,-2
14.13,-2,-2,-1,1,0,-2,-3,-2
14.135,-2,-2,-2,0,0,0,-2,-2
14.14,-1,1,-1,-1,0,0,0,2
14.145,-1,-2,1,-2,-2,-3,0,-3
14.15,0,-1,-1,-2,0,-1,-2,0
14.155,-1,-1,0,-2,0,-3,0,-1
14.16,-1,-1,-1,-3,-1,0,-3,-2
14.165,-1,0,0,-1,0,0,1,0
14.17,-2,-1,-1,-2,0,0,-1,1
14.175,0,-1,-1,-3,0,-1,-1,-2
14.18,0,1,-3,0,-1,-3,0,-1
14.185,0,-3,-3,-1,-2,0,2,1
14.19,-2,-4,0,-1,-1,0,-2,-3
14.195,-3,-1,-2,-2,-1,-1,-1,-1
14.2,0,0,2,-2,-1,-1,-2,-1
14.205,0,-7,5,0,2,-1,-2,1
14.21,-1,2,-3,-2,-2,-2,0,0
14.215,-2,-2,-2,-1,-3,0,-2,-1
14.22,-2,-1,-2,1,-2,-1,-2,-4
14.225,-2,-1,0,-1,0,-2,0,-1
14.23,-1,-2,-2,2,0,-3,-3,0
14.235,0,-3,-2,-1,0,-1,0,-2
14.24,-2,-2,-1,-3,0,-1,-1,1
14.245,0,0,-3,-1,0,-1,-2,-1
14.25,1,-2,0,0,-1,-2,-4,-3
14.255,-2,-1,0,-2,-2,0,6,1
14.26,-3,-1,-2,0,0,-2,-3,-3
14.265,-1,-1,-2,-3,-1,0,-1,0
14.27,0,-2,-2,-1,-1,-2,0,1
14.275,0,0,1,0,-1,-2,-4,-3
14.28,0,-2,1,-1,-2,-1,0,-1
14.285,0,-1,-2,-1,-4,-1,0,1
14.29,-3,0,-2,-3,-1,-3,-3,-4
14.295,-1,-1,-2,0,-1,-1,-1,-4
14.3,1,-2,-3,0,1,-2,0,0
14.305,0,0,-3,-2,-2,-2,-3,-2
14.31,0,-1,0,-1,-1,0,0,0
14.315,-1,1,-1,-1,-2,0,-2,0
14.32,1,0,-2,0,-3,-1,-2,-3
14.325,0,0,-1,-2,0,0,0,-1
14.33,1,-2,1,-1,0,-1,-3,-2
14.335,-2,-3,2,-1,-2,-2,-4,-1
14.34,-1,-1,-1,-2,-2,-1,0,1
14.345,0,0,-2,-3,-2,-2,-1,-4
14.35,1,-3,0,0,-2,0,0,2
14.355,1,-1,-2,-1,0,-2,-2,0
14.36,-1,-1,-1,-1,0,0,0,-3
14.365,-2,0,-1,0,0,0,-1,-1
14.37,-2,1,0,-3,0,-2,0,-1
14.375,-2,-2,1,1,-1,-3,0,-1
14.38,-1,-1,-2,-1,-1,-2,-2,0
14.385,-4,-3,-1,0,-1,-2,-4,-3
14.39,2,-1,-1,-1,-2,0,3,3
14.395,-1,-2,-2,-2,-1,0,-3,-1
14.4,-1,-3,1,-3,-1,-1,-2,-2
14.405,0,-1,0,0,1,-2,0,-1
14.41,-4,-1,-2,1,-2,-2,-5,-4
14.415,-2,-1,-4,-1,0,-1,0,-1
14.42,-1,0,-1,-2,-1,-1,1,1
14.425,0,-1,-2,-3,-2,-2,-1,0
14.43,0,-1,-1,-2,-2,-1,-5,0
14.435,-1,-2,0,1,-3,-1,7,3
14.44,-1,-3,0,3,-2,-1,-2,-2
14.445,-2,0,-3,0,0,-1,2,1
14.45,-1,-2,-1,-2,-1,-1,0,-2
14.455,-2,-2,-2,-1,-2,-1,-3,-2
14.46,-2,-3,0,0,-1,-2,-3,0
14.465,-1,-2,-1,-3,-1,1,-1,1
14.47,0,-1,-1,-2,1,2,-1,-2
14.475,0,0,-3,-2,1,-1,-3,0
14.48,0,0,-2,-2,2,-1,-1,-2
14.485,-2,-3,-1,-3,-1,-3,-1,-1
14.49,-2,0,-1,-1,-3,-2,0,-3
14.495,-2,-3,-1,0,-2,-1,-1,-2
14.5,1,-1,0,-2,1,0,-1,-1
14.505,-1,-1,0,-2,-2,-1,0,0
14.51,0,-1,-1,-2,-2,-1,0,-1
14.515,0,-1,-1,-2,-1,-2,-1,-2
14.52,-2,1,-1,-1,-1,-1,-1,-1
14.525,-2,0,-1,-1,-1,-1,-2,-2
14.53,-2,-2,-1,-1,-2,-1,-1,-3
14.535,-2,1,-1,-2,0,-2,-4,-3
14.54,0,-2,-2,-2,-2,1,-1,1
14.545,0,-1,-2,0,-1,-1,-1,-1
14.55,-1,1,0,0,-2,-1,0,1
14.555,-1,-3,-1,-2,-1,-1,-1,-3
14.56,-2,-2,0,0,-2,-2,0,-2
14.565,-1,-3,-1,-1,-1,-1,0,-1
14.57,-2,-4,0,-2,0,0,0,1
14.575,1,0,-2,-1,-2,-2,0,-1
14.58,0,-4,0,1,-1,0,0,0
14.585,0,-1,0,0,1,-1,-2,-3
14.59,-3,0,-3,-2,-1,-1,-1,0
14.595,-1,-2,1,-2,-2,-1,-2,0
14.6,0,-2,-1,-2,-1,-3,-1,1
14.605,0,-1,-2,0,1,-1,1,-2
14.61,0,-2,0,1,-1,-2,-2,-4
14.615,-2,0,-2,-2,0,-1,-1,-1
14.62,0,0,-3,-2,-1,-2,-2,-3
14.625,-2,-1,0,-2,-1,0,-1,-2
14.63,-1,0,1,-2,0,-1,-1,-1
14.635,-2,0,-2,1,-1,-1,0,-1
14.64,0,-1,-2,-1,0,-2,-3,-1
14.645,0,-2,-2,0,-1,-1,-1,1
14.65,-2,-2,-1,-1,-1,-1,-2,-1
14.655,-1,-1,0,0,1,-1,-1,-2
14.66,-3,0,-1,-1,0,-3,0,-1
14.665,-1,2,-1,-1,-2,-2,-1,1
14.67,-2,-1,-2,-1,-2,1,-2,-1
14.675,-2,-2,-2,-3,-2,1,-2,-1
14.68,0,-1,-1,-1,-2,-1,-1,-1
14.685,0,-3,0,-1,-2,-1,-4,-1
14.69,-1,-1,-3,-2,1,-3,-2,0
14.695,-1,-1,-1,0,-2,-3,-2,0
14.7,-2,-1,-2,-2,-1,-1,-1,-1
14.705,0,-1,1,0,-2,-1,-1,-3
14.71,-3,-3,-2,-3,0,-1,1,0
14.715,0,-1,-3,-2,0,-1,-1,0
14.72,-2,-2,0,0,-1,-1,-1,-1
14.725,-2,-1,-1,-1,-1,1,-2,-2
14.73,0,-1,-1,-1,-3,-3,-1,-2
14.735,-1,-1,0,-1,-1,-2,0,0
14.74,-3,-1,-3,-2,-1,-3,2,-1
14.745,0,-1,-1,-1,-1,-2,0,-1
14.75,1,-1,-1,-1,1,-2,-1,-2
14.755,0,1,0,-1,-1,0,-3,-3
14.76,-1,-3,1,-1,-2,0,-2,-1
14.765,-1,-1,0,-2,-2,-1,0,0
14.77,-2,0,-3,-5,-1,-3,-2,0
14.775,0,-5,-3,-1,-1,-1,0,-1
14.78,-1,-1,-2,-1,0,-2,0,-2
14.785,-1,-2,-1,0,-1,-3,-1,-2
14.79,-1,0,1,2,-2,-1,-1,-1
14.795,-1,-2,0,-3,-2,0,-1,-2
14.8,-1,-2,-1,0,-2,0,-2,0
14.805,-2,-1,-1,-2,-3,-1,-1,-1
14.81,-1,-1,-1,-1,-1,-1,-2,-3
14.815,-1,-2,0,2,0,1,-1,-1
14.82,0,-2,-1,-3,0,-2,-1,-1
14.825,-2,-1,-2,-1,0,-2,-1,0
14.83,0,0,-1,-2,-1,-1,-2,-2
14.835,-1,-1,0,0,-2,-1,-1,0
14.84,-1,0,-2,0,-2,-3,-1,-2
14.845,-2,-1,1,-1,-3,-1,-3,-1
14.85,0,0,-1,-1,1,-1,0,0
14.855,-2,-1,-2,-2,-1,-2,-1,-1
14.86,-1,-3,-1,0,0,-1,-2,-2
14.865,-2,-3,-1,-1,1,0,-1,0
14.87,0,1,-3,-1,-2,-1,1,-1
14.875,0,1,0,0,-3,-1,-2,0
14.88,-1,-2,-1,0,-1,0,-2,-2
14.885,-2,0,-1,-4,0,-1,-1,-1
14.89,0,-3,0,-2,-1,1,-2,-2
14.895,-3,-1,-2,-1,0,-1,-1,0
14.9,-2,-1,0,1,-3,-1,0,-1
14.905,0,-1,-1,-1,-1,-1,-1,0
14.91,-1,0,1,0,0,-1,-1,-1
14.915,0,-1,-1,-1,-1,-1,-1,-2
14.92,-1,1,0,-3,0,-1,-3,-1
14.925,-1,-1,-1,-2,0,-1,1,-3
14.93,-2,-1,-1,0,0,-1,-2,-1
14.935,-2,-1,0,-1,0,-1,-1,-2
14.94,-1,-1,-2,0,-3,0,-1,1
14.945,-2,-2,-1,0,-1,0,-1,0
14.95,-2,-2,-2,-2,-2,0,-1,0
14.955,-1,-2,0,-1,-2,-3,-1,0
14.96,-1,-2,-2,-1,0,-2,-3,-1
14.965,-1,-2,-2,-1,0,-2,-1,-1
14.97,-2,-3,-1,1,0,-2,0,-2
14.975,-1,-1,-1,-1,0,-1,-1,-3
14.98,-1,0,-1,-2,-1,-3,0,0
14.985,0,-2,-2,-1,0,-2,-4,0
14.99,-1,-3,-2,0,-2,-1,-1,-1
14.995,-2,-2,-2,-1,0,-2,-2,-1
15,-1,0,0,0,0,-1,-3,1
15.005,0,-1,-2,0,-3,1,2,-2
15.01,0,-1,-1,-2,-1,0,0,0
15.015,-1,-1,-2,-1,0,-1,-1,-3
15.02,-1,0,0,-2,0,-2,0,-1
15.025,-1,-2,0,-2,0,-2,0,-2
15.03,0,-3,-1,0,2,-1,0,0
15.035,-1,1,-1,-1,-1,1,0,-1
15.04,-1,-1,-2,-1,-2,-1,-1,-3
15.045,-1,-2,0,-2,1,-2,-2,-1
15.05,-1,-1,2,-2,-2,-1,-3,-2
15.055,0,-1,0,-2,-1,-1,-1,0
15.06,-2,-1,-1,-1,-1,-2,1,0
15.065,-3,0,-1,-1,-1,-1,-1,0
15.07,-2,-2,-2,-2,-1,-2,0,-1
15.075,-1,0,-1,0,1,-2,0,-1
15.08,-1,-4,-3,0,-1,1,-2,0
15.085,-1,-2,0,0,-2,0,-1,-2
15.09,-2,0,-1,0,-2,-2,-3,-3
15.095,-2,-2,-1,-3,-2,-2,0,-1
15.1,0,-2,-2,-2,-1,-1,-1,0
15.105,-1,-1,0,1,0,0,-1,-2
15.11,-1,-1,0,-1,-1,1,-1,-1
15.115,-2,-3,-2,-1,0,-1,0,0
15.12,0,0,0,-1,-1,-1,-2,-3
15.125,0,0,-1,-1,-2,-2,-1,0
15.13,-1,0,1,-1,-1,-3,0,0
15.135,0,-1,-2,0,0,-1,-1,-3
15.14,-2,0,-1,-1,-1,0,0,-2
15.145,-1,0,-4,-1,-1,-3,-1,-2
15.15,-1,-2,-3,-1,0,0,-2,-2
15.155,0,0,0,-2,-3,-1,-2,-1
15.16,-2,-1,-2,-2,-1,-2,-1,-1
15.165,-1,-1,1,0,-3,0,-2,-3
15.17,-1,0,-2,-2,-1,-1,-2,-2
15.175,0,-1,0,-1,-1,-3,-3,-1
15.18,-1,0,-1,-2,2,-1,-1,-2
15.185,-2,-2,-1,-1,0,-1,0,-1
15.19,-2,-4,1,0,-2,-1,-1,-1
15.195,-1,-2,-1,-1,-1,-1,-2,-1
15.2,-1,0,-1,-2,0,-2,2,-2
15.205,-1,-1,-1,0,-1,0,-2,-3
15.21,0,-2,-1,-1,-1,0,-1,1
15.215,-1,-1,0,0,-2,-1,-1,-1
15.22,-1,-3,-3,1,-3,-1,-2,-1
15.225,-1,1,-1,0,1,-3,-2,1
15.23,-1,-2,1,-1,-1,0,0,-2
15.235,0,-1,0,1,0,-2,-1,-2
15.24,-1,-2,-1,-1,-2,-1,-1,-1
15.245,0,-1,-1,-2,-2,-1,0,-2
15.25,-1,1,-1,-2,-2,-2,-1,1
15.255,-2,-1,-2,-1,-2,-2,-1,0
15.26,0,-1,-1,1,0,0,-2,-3
15.265,-1,0,-1,-1,-2,-2,-3,0
15.27,-2,-1,0,0,0,-2,1,-1
15.275,-2,-2,-2,-1,0,2,-2,-1
15.28,-2,0,-2,-3,-2,-1,-2,-1
15.285,-1,-3,-1,-1,-1,-2,-2,-1
15.29,-1,0,-2,0,-1,-1,-1,-1
15.295,-1,0,-3,-2,-3,-2,-2,-1
15.3,-1,-2,1,0,0,0,0,-1
15.305,-1,-4,-2,-1,-1,0,0,0
15.31,-1,-1,-2,0,0,-3,0,0
15.315,-1,-3,0,0,-1,-1,0,-3
15.32,-1,0,-1,-2,-1,-1,-1,0
15.325,-1,-1,-1,-1,-1,-1,-1,-1
15.33,0,0,-1,-2,0,-1,-2,-2
15.335,-1,0,-2,-2,0,-1,-1,-1
15.34,-1,0,0,-1,-3,-2,-2,0
15.345,-2,-1,-1,0,-1,0,-3,0
15.35,0,-2,-3,-3,0,-1,-3,-1
15.355,-2,-3,-1,0,-1,-3,-2,1
15.36,-1,-1,1,0,-1,-2,0,-1
15.365,-1,-2,-1,-2,0,-1,0,1
15.37,0,-2,-1,-2,-2,1,-1,-1
15.375,-2,1,-2,-1,0,0,0,-1
15.38,-1,-1,3,-1,1,1,-2,-1
15.385,-3,-2,-2,-2,-3,-2,-1,-1
15.39,-1,-3,-2,-1,-1,0,-2,-1
15.395,-1,-1,0,-1,-2,-1,0,-2
15.4,-3,-1,-3,-2,0,-2,-1,-3
15.405,-1,0,0,-1,1,-1,0,-1
15.41,0,1,-2,-1,0,0,-1,-1
15.415,-2,1,-2,0,-1,-1,-1,-2
15.42,0,-3,-1,0,-2,-3,-1,0
15.425,-2,0,-1,-4,0,-1,-1,-1
15.43,-3,-1,-1,1,1,-2,-1,-2
15.435,-1,-3,-1,0,2,-1,-1,-2
15.44,-2,0,-1,-1,0,1,-2,0
15.445,-1,0,-3,1,-3,-1,-2,-1
15.45,0,0,2,0,-2,-1,0,-2
15.455,0,0,1,-1,-3,-1,2,0
15.46,0,-1,-1,-1,-3,-2,-1,-1
15.465,1,0,0,-1,2,0,0,-1
15.47,-1,-1,-1,-2,-2,0,0,-1
15.475,0,-2,0,-1,-1,-1,-1,1
15.48,-3,-1,-1,-1,-1,-2,1,-1
15.485,0,0,-1,0,-1,-2,-2,-1
15.49,-3,-1,-2,-1,1,-1,-1,-3
15.495,-1,-1,0,-3,-3,1,-2,0
15.5,-1,-1,-2,-1,-1,0,-1,0
15.505,-1,-2,-1,-1,-1,-4,-1,-1
15.51,-3,-1,-2,-1,-1,-2,-1,0
15.515,-1,1,-2,1,0,-2,0,-1
15.52,-1,-2,-1,-1,1,-1,0,-1
15.525,-2,-2,-3,-2,0,0,-1,0
15.53,0,-2,0,0,-2,-1,-1,0
15.535,-1,-2,-2,-1,-4,-2,-1,-2
15.54,0,-1,-1,-2,-3,-1,-1,-3
15.545,0,0,0,-1,0,0,-1,-3
15.55,-2,0,-1,-2,-3,-3,-2,-1
15.555,-2,-2,-1,-1,-1,1,0,-1
15.56,0,-1,1,-1,-1,-1,-2,0
15.565,-2,-2,-1,-1,-2,-1,0,-1
15.57,0,0,-2,-1,-1,-2,0,0
15.575,-2,-3,-1,-2,1,-1,-2,0
15.58,-2,0,-3,1,-2,-1,0,-1
15.585,-1,-1,-2,-1,-1,-1,-1,-3
15.59,-1,-1,0,-1,-2,-1,-3,-2
15.595,0,2,-1,-2,0,-2,-1,0
15.6,-1,-3,0,-1,2,-1,-1,1
15.605,-2,0,0,-3,-2,-2,-2,0
15.61,0,-2,0,-2,-2,-1,1,0
15.615,-1,-1,-1,1,0,-2,-1,-2
15.62,-2,-1,-2,0,-3,-2,-2,-3
15.625,-1,0,-1,-1,-1,-1,0,-2
15.63,-2,-3,-1,0,-2,-3,-2,-2
15.635,-1,-3,-2,-1,-1,-2,0,-1
15.64,1,1,-1,-1,-1,-1,0,-1
15.645,1,-2,1,1,-1,-1,-1,-1
15.65,-1,0,0,0,-1,0,0,-2
15.655,-1,0,-1,-1,-1,-1,-3,0
15.66,-2,-1,-1,-1,-1,-2,-2,-2
15.665,-1,-1,-2,-1,-2,-3,-1,0
15.67,-1,-3,-1,-1,1,0,0,-1
15.675,0,-2,-1,0,-1,-1,-3,0
15.68,0,-3,0,-3,-3,-1,-1,0
15.685,-1,-1,-2,-1,-1,0,-1,2
15.69,0,0,-3,-1,0,0,-1,0
15.695,-1,-2,1,-1,1,-1,-1,-1
15.7,0,-2,-1,-1,0,-2,-1,-1
15.705,0,0,-2,0,-2,-1,-1,0
15.71,-3,-2,1,-1,0,1,-2,0
15.715,-1,0,0,-3,-1,-1,-1,-1
15.72,-1,-2,-2,-1,0,1,-1,0
15.725,0,0,-1,-1,0,-2,0,-1
15.73,-2,-2,-1,-1,-1,-2,-2,-1
15.735,-1,-1,-1,0,-1,-1,0,1
15.74,-1,-1,0,0,0,0,-1,-1
15.745,0,-1,-1,1,-2,-1,-1,-1
15.75,-1,1,-1,-1,-1,-1,0,0
15.755,-1,-1,-3,-2,-1,-1,-3,-1
15.76,-1,-2,-1,-2,-1,-1,1,-1
15.765,0,-3,-2,-2,-1,-1,-3,-1
15.77,0,-1,-2,0,-1,-2,1,0
15.775,-1,-4,0,-1,-1,-1,1,-3
15.78,-2,-1,0,1,0,0,-2,0
15.785,-1,-1,-2,-2,-1,-1,-2,-1
15.79,-2,-1,-1,-1,-3,-1,-3,-2
15.795,-1,-3,-1,-2,-1,-2,-1,-1
15.8,-1,-1,-2,-2,-2,0,1,-4
15.805,-1,-6,2,2,-1,-3,-1,-2
15.81,-2,-1,-1,0,0,-2,-3,0
15.815,-1,1,-2,-2,1,1,-1,0
15.82,-1,1,-2,-3,-1,-2,-2,-1
15.825,-2,-2,1,-3,-2,1,0,-1
15.83,0,-1,-3,0,-1,2,-1,0
15.835,0,-1,0,-1,-1,-1,-1,-2
15.84,1,1,1,0,-1,-2,-2,0
15.845,-1,0,-1,-1,-2,-1,-1,-2
15.85,-1,-1,0,-1,-1,-1,0,0
15.855,0,0,-1,1,-3,0,0,-1
15.86,-2,-3,-1,0,0,-1,-1,-1
15.865,-2,1,-1,-1,-1,-1,0,0
15.87,-3,-3,1,-1,0,-1,0,-3
15.875,-2,0,-2,-1,-1,0,0,0
15.88,0,0,-1,-2,-1,-2,-2,0
15.885,0,-2,-3,0,-1,0,-2,0
15.89,0,-3,-1,-1,1,-2,-1,-1
15.895,-2,-2,0,-1,-2,-2,-2,-1
15.9,-2,-1,-1,-1,-3,0,-2,-1
15.905,-2,1,1,-2,-1,-1,-1,-2
15.91,-2,-2,-2,-2,-2,-1,-1,0
15.915,-2,-5,1,0,-1,-1,0,-1
15.92,-3,-3,0,-1,-3,0,-2,0
15.925,-2,-1,-3,-1,0,-1,0,0
15.93,0,1,-1,-1,-1,-1,-1,-2
15.935,-1,-2,0,-1,-1,0,-1,-2
15.94,-1,-1,-1,-2,-1,-1,0,-1
15.945,0,-2,-4,-1,0,-1,-2,0
15.95,0,-2,-3,-1,0,-2,-1,-1
15.955,-2,2,-2,-1,0,0,-1,-2
15.96,-1,0,-2,0,0,0,1,-2
15.965,-3,0,1,0,-1,-2,-3,-4
15.97,0,-3,0,-1,-1,0,0,-1
15.975,-1,-1,-1,1,0,-3,-3,0
15.98,0,-1,-1,0,-1,-1,0,0
15.985,-1,0,-1,-2,-2,-2,-1,1
15.99,-3,-2,-1,-2,-1,-2,-1,-2
15.995,-1,1,0,-1,-1,-1,0,-1
16,-2,-1,-2,-1,-1,-1,-2,0
16.005,0,-2,0,0,-2,-1,1,0
16.01,-2,-1,-1,-1,-3,0,-1,1
16.015,-1,-2,-2,0,1,-3,-1,-2
16.02,-2,-2,-2,-1,1,0,-1,-2
16.025,-1,-2,-1,0,-1,1,-1,-1
16.03,-1,0,1,1,0,-2,-1,-1
16.035,0,-2,1,-2,-3,-3,0,0
16.04,-1,-1,0,1,-1,-3,-2,-4
16.045,-1,-1,0,0,0,-2,-1,-1
16.05,-2,0,-2,-1,-1,0,-1,0
16.055,0,-3,-3,-2,0,0,0,-2
16.06,-2,-1,0,-2,-2,-2,-2,-1
16.065,-1,-1,0,-2,2,-1,0,-1
16.07,-1,0,-1,0,0,-1,-3,-2
16.075,0,0,-2,-3,-1,-1,-2,-1
16.08,-2,-2,0,-1,-2,0,0,-2
16.085,-1,-2,-1,-1,-3,-2,-2,-1
16.09,0,-2,0,0,0,0,0,-2
16.095,-2,-2,0,1,0,0,-1,-1
16.1,1,-2,-4,-1,1,0,0,-1
16.105,-2,-1,0,-1,0,0,0,-3
16.11,-2,-1,-1,-2,-1,-3,0,0
16.115,0,0,-1,0,-1,-2,0,-2
16.12,-1,-2,-2,0,2,-1,-2,-2
16.125,-1,0,-3,-2,0,0,-2,-1
16.13,0,-3,-1,-2,0,-1,0,-3
16.135,-1,-1,0,-2,-1,1,-2,-1
16.14,-1,0,-2,-1,-2,-2,-1,-1
16.145,-1,1,-1,-1,-1,-1,-2,-1
16.15,-2,-2,-1,-3,-1,-2,-1,-2
16.155,-2,-3,-2,0,0,-1,-1,-1
16.16,1,0,0,0,0,-1,-2,0
16.165,-2,-2,1,-2,0,-1,-1,-3
16.17,1,0,-2,2,-1,0,-1,-3
16.175,0,-1,-1,-2,0,0,-1,-2
16.18,-2,-2,-3,-3,-2,-1,-2,0
16.185,-1,-3,-1,-3,-3,-1,-1,1
16.19,-1,-1,-1,0,-2,0,-1,-2
16.195,-1,0,-2,0,-1,-1,1,-1
16.2,-1,-1,0,-3,-1,1,0,-1
16.205,0,-3,-1,-2,2,-3,-1,-1
16.21,-1,-2,0,-2,-1,0,-3,-1
16.215,-2,-1,-2,0,-2,-2,-1,0
16.22,-1,0,1,-1,-2,0,-1,-1
16.225,-1,-3,-2,0,-1,-1,0,-2
16.23,-1,-3,-2,-1,-1,-1,0,1
16.235,0,-1,-1,0,0,-1,-2,-1
16.24,-1,-2,-1,0,-2,0,-1,-2
16.245,-1,0,-2,1,-1,-1,-2,0
16.25,2,-1,-2,-2,0,-1,-1,-2
16.255,0,-2,-1,-2,-1,-1,-2,-2
16.26,-2,0,-1,0,-2,0,-1,-1
16.265,0,0,0,1,-1,-2,0,-2
16.27,-2,-3,-1,-1,-1,-1,-2,0
16.275,-1,-2,-1,0,1,-2,0,-1
16.28,0,-2,-1,-1,0,-1,-1,-1
16.285,-1,-3,-3,-3,-1,-1,0,-2
16.29,-3,-1,-2,0,-4,-2,-1,-1
16.295,0,-1,0,-1,-3,-1,0,1
16.3,-2,0,0,1,-2,-2,-1,-1
16.305,0,-1,1,-2,-1,-1,-1,-2
16.31,-1,0,1,-1,0,-1,0,-3
16.315,-2,-1,0,-3,0,-1,-1,0
16.32,-1,-1,-1,-2,-1,-2,0,0
16.325,-2,-1,-1,0,-2,0,-1,1
16.33,-1,-2,-2,1,0,0,0,1
16.335,0,-2,-1,0,-1,-1,-1,-1
16.34,-1,-1,0,-1,-1,-2,-1,-3
16.345,-1,-2,-3,0,1,0,1,-1
16.35,-1,1,-1,-2,-1,-1,-1,-3
16.355,-3,0,-1,1,-2,0,-2,0
16.36,-1,-2,-2,-3,-3,-1,-2,0
16.365,-1,-1,0,-2,-3,0,-3,2
16.37,-1,-1,-2,0,1,0,0,-2
16.375,-1,0,-2,-2,-1,1,-1,-2
16.38,0,-4,-2,-2,1,-1,-1,-1
16.385,-1,-2,0,1,1,-2,0,-2
16.39,0,-1,0,-2,0,0,-1,1
16.395,-1,-3,-1,0,-1,-1,0,-1
16.4,-2,-2,-3,0,-1,-2,-2,0
16.405,-1,-1,-3,0,0,0,-1,-2
16.41,-3,-1,1,-3,-3,-2,0,-2
16.415,1,-1,-2,-2,-1,-1,-2,-2
16.42,-1,-1,-1,0,-1,-1,-2,1
16.425,1,0,-1,-1,-2,-1,0,-2
16.43,-1,-1,-4,-2,-2,-1,-2,0
16.435,-1,0,-2,0,-2,-2,-1,-3
16.44,-1,-1,1,0,-1,-3,-2,-3
16.445,-2,0,-1,-3,0,-1,-2,0
16.45,1,-1,0,1,-1,-1,-2,0
16.455,0,-2,-1,-2,1,-1,-1,1
16.46,0,0,-1,-2,0,-1,-2,0
16.465,-2,-3,-3,-1,-2,0,1,-1
16.47,-1,1,-1,0,-2,-2,-3,-1
16.475,0,-4,-3,0,1,-1,0,-1
16.48,-1,1,0,0,-1,0,0,-1
16.485,-2,-1,0,-3,-1,-1,-3,-2
16.49,1,-2,0,-2,0,-1,-2,0
16.495,0,-3,2,0,-3,-1,1,0
16.5,-2,-2,-2,-2,0,1,-1,-1
