0.01,3,2,3,1,1,2,1,3
0.015,1,8,8,1,3,1,0,1
0.02,0,4,25,4,2,0,0,0
0.025,1,5,24,1,1,2,0,0
0.03,2,3,10,6,3,0,2,2
0.035,1,1,3,2,4,1,2,1
0.04,3,3,6,0,1,0,1,0
0.045,1,1,10,4,0,0,1,1
0.05,0,5,3,1,1,3,2,2
0.055,0,7,21,2,1,0,0,1
0.06,2,12,71,14,6,3,1,2
0.065,0,6,1,0,0,2,1,3
0.07,5,18,3,0,1,1,2,2
0.075,1,3,13,1,2,1,1,1
0.08,3,7,15,4,0,2,1,1
0.085,0,0,10,1,0,0,2,1
0.09,2,3,28,5,4,1,2,0
0.095,0,1,2,0,2,1,0,1
0.1,2,3,15,0,1,0,0,1
0.105,2,1,11,2,3,2,0,0
0.11,0,1,16,3,4,0,0,1
0.115,4,4,9,5,3,2,1,2
0.12,1,0,7,2,0,0,0,4
0.125,0,2,3,2,0,1,1,0
0.13,1,1,3,5,4,3,2,1
0.135,2,0,1,4,4,1,1,1
0.14,2,1,4,1,0,1,0,1
0.145,1,0,3,1,1,0,1,1
0.15,2,3,7,3,2,1,2,2
0.155,0,3,15,3,2,0,1,2
0.16,1,1,5,0,1,2,0,1
0.165,1,0,3,0,0,1,1,1
0.17,2,1,12,1,1,1,1,1
0.175,3,0,0,2,3,3,1,0
0.18,1,1,4,1,2,1,2,1
0.185,1,3,2,1,0,2,1,1
0.19,1,3,2,1,1,0,0,0
0.195,1,3,4,3,2,1,0,2
0.2,3,4,7,4,1,0,2,1
0.205,1,0,2,1,1,1,2,1
0.21,1,8,21,2,2,1,2,0
0.215,2,8,9,0,0,0,1,1
0.22,2,1,16,4,3,2,2,0
0.225,1,4,3,1,0,3,4,2
0.23,1,4,15,1,1,1,1,1
0.235,2,12,17,0,2,1,1,1
0.24,1,3,9,3,2,2,2,1
0.245,2,3,2,1,1,1,1,0
0.25,2,0,17,2,1,0,1,3
0.255,0,3,8,1,0,2,0,1
0.26,0,1,8,1,2,1,1,2
0.265,4,7,6,8,1,3,2,2
0.27,2,4,10,1,1,1,2,1
0.275,0,1,11,4,1,0,0,1
0.28,1,1,9,3,1,0,0,0
0.285,0,0,9,2,3,2,2,1
0.29,5,11,1,0,0,1,0,1
0.295,2,5,12,1,2,1,2,1
0.3,1,1,8,1,1,2,2,1
0.305,1,3,7,1,1,3,1,0
0.31,1,0,9,3,3,0,2,1
0.315,2,4,20,4,3,1,1,0
0.32,2,7,4,3,1,3,1,1
0.325,0,5,16,0,1,1,1,2
0.33,1,0,8,2,1,3,2,1
0.335,0,1,11,0,2,0,1,0
0.34,0,0,5,2,0,0,1,2
0.345,1,2,9,0,1,0,2,0
0.35,0,4,8,2,1,4,2,2
0.355,2,1,2,0,0,3,4,4
0.36,3,7,18,6,3,2,2,2
0.365,1,1,4,2,1,2,2,1
0.37,2,7,16,5,0,1,0,1
0.375,2,7,7,7,3,1,0,0
0.38,1,1,0,1,3,2,2,1
0.385,1,11,27,4,1,2,0,1
0.39,3,14,26,6,4,1,2,3
0.395,1,4,8,2,1,1,1,2
0.4,0,3,7,1,1,1,1,1
0.405,2,2,2,3,1,2,2,1
0.41,1,2,25,3,2,0,1,0
0.415,2,2,9,1,0,0,1,1
0.42,1,4,5,3,2,0,2,2
0.425,2,1,2,1,2,1,0,3
0.43,1,4,4,5,2,2,3,0
0.435,1,6,1,1,2,1,1,1
0.44,1,2,2,1,0,0,0,1
0.445,3,5,1,4,1,2,2,3
0.45,0,4,11,2,6,3,4,3
0.455,2,5,14,1,0,1,0,0
0.46,1,5,20,0,2,2,1,0
0.465,1,0,0,4,1,0,1,1
0.47,4,2,10,1,2,0,1,0
0.475,1,5,17,7,1,0,0,2
0.48,0,7,8,0,1,0,1,0
0.485,3,13,16,5,7,3,2,2
0.49,1,0,15,2,1,2,2,1
0.495,0,4,23,6,3,1,1,2
0.5,2,4,6,0,1,3,2,2
0.505,2,4,2,0,1,0,2,2
0.51,1,3,5,0,3,1,0,1
0.515,2,4,3,4,3,3,2,0
0.52,4,5,0,2,0,2,2,2
0.525,1,1,4,0,1,0,0,1
0.53,0,13,18,2,3,2,1,1
0.535,3,23,10,5,0,3,3,2
0.54,0,12,0,2,2,3,2,1
0.545,6,9,39,12,5,5,4,4
0.55,1,5,11,1,1,0,0,1
0.555,2,3,5,2,3,0,1,1
0.56,2,13,6,1,0,0,0,1
0.565,2,2,5,3,2,0,2,2
0.57,1,1,11,4,2,1,1,1
0.575,0,8,9,2,4,3,1,1
0.58,2,16,7,3,3,1,3,0
0.585,0,9,1,1,3,1,0,0
0.59,1,2,2,4,3,0,2,0
0.595,3,8,4,4,1,1,2,2
0.6,1,12,6,2,2,2,2,2
0.605,1,1,9,5,5,3,1,2
0.61,0,3,12,3,1,0,1,0
0.615,3,18,12,5,3,0,1,0
0.62,1,2,27,9,4,3,0,0
0.625,1,15,16,3,2,1,1,2
0.63,1,13,10,1,0,1,0,0
0.635,2,10,21,2,2,2,0,2
0.64,2,1,20,0,2,2,3,3
0.645,1,18,2,1,0,2,0,1
0.65,1,6,5,2,3,2,2,3
0.655,0,6,5,1,1,1,2,0
0.66,1,3,10,1,1,1,0,2
0.665,2,3,2,0,1,1,0,0
0.67,1,1,9,2,0,1,1,2
0.675,3,11,10,1,1,0,1,2
0.68,10,20,66,18,6,7,5,6
0.685,2,11,20,1,1,1,0,2
0.69,2,3,11,2,1,1,2,2
0.695,3,9,10,5,2,2,2,1
0.7,3,3,14,3,1,1,2,1
0.705,5,15,9,3,3,4,5,3
0.71,0,2,15,1,4,2,1,1
0.715,3,7,49,8,2,3,1,1
0.72,0,1,14,4,3,0,1,2
0.725,1,12,0,3,1,0,3,0
0.73,0,17,26,3,4,4,1,2
0.735,1,3,15,1,3,1,1,0
0.74,4,20,15,4,0,1,0,3
0.745,2,4,29,4,1,3,2,0
0.75,1,15,19,5,4,2,0,1
0.755,1,3,14,1,2,2,1,2
0.76,4,8,25,8,0,1,0,1
0.765,1,2,24,2,1,1,1,1
0.77,2,13,30,4,0,1,2,0
0.775,4,6,21,8,4,3,3,4
0.78,0,9,33,5,0,0,3,0
0.785,2,4,4,0,1,2,2,2
0.79,2,13,15,5,0,1,2,0
0.795,4,32,31,4,0,1,1,2
0.8,2,4,3,0,1,0,1,1
0.805,2,8,12,6,1,0,0,1
0.81,7,14,55,14,5,4,4,4
0.815,3,6,9,0,3,3,3,1
0.82,2,4,22,0,3,4,1,0
0.825,3,10,34,5,0,2,0,1
0.83,2,20,22,9,5,1,2,5
0.835,3,1,7,5,3,4,2,1
0.84,3,4,2,2,4,1,2,2
0.845,4,10,5,2,2,2,1,0
0.85,0,1,0,4,1,2,1,3
0.855,0,1,10,2,2,1,2,1
0.86,1,3,12,1,1,1,0,1
0.865,0,8,9,1,0,2,1,0
0.87,2,8,48,10,2,2,1,1
0.875,2,5,15,0,1,3,3,3
0.88,2,3,26,8,1,1,0,2
0.885,6,13,77,22,4,1,3,3
0.89,1,7,36,3,2,2,0,0
0.895,2,3,3,1,3,3,2,1
0.9,1,7,3,1,0,2,1,1
0.905,2,7,9,4,3,0,2,2
0.91,0,2,26,7,2,2,1,0
0.915,1,1,18,7,3,3,4,2
0.92,5,7,56,12,3,3,3,2
0.925,1,7,8,0,2,0,2,3
0.93,2,9,13,6,1,0,2,2
0.935,1,1,33,9,0,1,1,1
0.94,2,4,1,2,4,0,1,1
0.945,1,5,14,3,3,2,0,1
0.95,11,7,9,9,6,5,6,4
0.955,1,4,7,3,1,2,1,0
0.96,1,1,4,15,29,10,3,1
0.965,1,5,36,14,4,4,4,3
0.97,3,3,42,11,0,0,0,1
0.975,1,2,9,5,8,5,2,3
0.98,1,6,0,3,8,3,0,1
0.985,2,8,19,7,3,2,0,1
0.99,4,14,4,4,1,1,1,0
0.995,2,2,4,3,1,1,2,4
1,3,1,19,1,5,3,1,3
1.005,5,3,29,5,0,0,1,2
1.01,1,8,17,2,4,3,4,2
1.015,1,5,9,1,2,3,1,4
1.02,0,0,9,5,6,2,4,1
1.025,3,2,15,2,3,0,5,6
1.03,2,5,3,7,4,0,0,5
1.035,4,5,12,6,1,1,1,1
1.04,14,3,5,5,7,3,5,1
1.045,4,3,9,4,1,4,2,5
1.05,1,4,8,2,3,2,1,1
1.055,0,3,9,3,0,0,1,3
1.06,1,10,39,11,8,4,4,1
1.065,2,1,13,1,2,3,11,1
1.07,2,5,10,1,1,1,5,1
1.075,10,30,9,3,2,1,5,2
1.08,2,5,1,2,0,3,0,5
1.085,0,6,7,2,2,1,2,3
1.09,3,4,3,1,0,1,2,3
1.095,2,5,4,1,2,2,1,6
1.1,1,4,5,0,2,2,1,5
1.105,0,1,2,2,4,1,0,1
1.11,2,2,1,5,2,2,3,2
1.115,5,21,0,0,0,1,3,1
1.12,1,3,2,3,3,2,3,6
1.125,4,1,1,1,3,3,5,14
1.13,1,7,0,0,1,1,1,0
1.135,3,20,16,8,6,1,1,1
1.14,4,29,47,16,4,3,4,9
1.145,3,7,14,4,3,2,2,5
1.15,0,0,7,1,3,1,0,1
1.155,3,3,13,0,3,4,3,3
1.16,2,5,21,0,1,1,1,3
1.165,1,7,8,0,1,1,1,0
1.17,4,3,4,1,4,3,5,3
1.175,0,1,4,3,2,1,0,2
1.18,2,3,6,1,1,1,3,4
1.185,0,0,14,6,1,2,0,1
1.19,2,2,4,7,2,1,1,0
1.195,3,7,1,10,2,0,1,1
1.2,4,20,4,4,2,0,0,4
1.205,2,6,13,5,0,1,1,0
1.21,0,0,29,9,7,5,2,2
1.215,4,4,17,10,7,4,4,3
1.22,2,10,14,12,16,6,2,1
1.225,1,3,11,6,5,3,2,1
1.23,1,3,1,9,2,2,0,2
1.235,5,10,21,13,3,2,1,1
1.24,4,11,5,7,1,2,0,1
1.245,4,5,5,10,1,1,1,0
1.25,3,4,11,19,5,3,2,3
1.255,1,2,7,1,9,5,1,3
1.26,1,5,10,4,3,4,3,1
1.265,1,3,12,4,2,3,1,1
1.27,1,9,28,1,1,2,2,1
1.275,2,3,7,5,3,1,1,2
1.28,2,1,6,6,4,2,2,3
1.285,1,1,6,3,8,2,1,0
1.29,1,2,11,8,4,1,2,0
1.295,3,10,2,9,1,0,3,1
1.3,0,4,9,26,16,2,2,1
1.305,0,1,15,5,4,3,0,1
1.31,4,6,6,2,1,1,2,2
1.315,0,1,14,1,0,1,0,1
1.32,0,2,10,8,16,4,2,1
1.325,1,1,1,1,0,3,1,1
1.33,3,1,1,7,2,1,1,2
1.335,2,7,4,5,11,1,2,2
1.34,0,0,14,4,5,1,0,2
1.345,4,10,24,7,3,3,2,2
1.35,1,2,16,1,4,2,1,1
1.355,4,16,5,2,6,4,1,1
1.36,3,1,12,3,2,1,3,2
1.365,1,2,7,1,3,2,2,1
1.37,1,3,15,3,2,1,1,1
1.375,1,0,18,2,1,2,1,0
1.38,2,0,2,3,0,1,1,1
1.385,1,3,2,4,2,2,1,0
1.39,1,3,10,3,4,0,0,3
1.395,1,2,11,1,1,0,1,1
1.4,2,35,7,6,5,3,2,2
1.405,0,10,12,5,0,1,0,3
1.41,1,6,13,1,1,1,1,1
1.415,1,6,10,0,1,0,1,1
1.42,1,9,18,4,3,1,3,3
1.425,1,5,5,0,1,1,0,1
1.43,2,1,8,3,4,0,0,1
1.435,1,1,4,2,0,1,1,1
1.44,2,3,9,1,5,2,1,4
1.445,5,5,16,2,2,4,4,1
1.45,4,4,40,8,5,3,3,2
1.455,2,6,6,2,3,2,2,1
1.46,1,4,14,8,4,2,2,1
1.465,3,10,13,2,2,1,0,1
1.47,1,1,20,10,4,2,0,0
1.475,3,5,6,3,1,2,2,4
1.48,0,2,10,9,4,3,1,1
1.485,6,2,10,3,7,5,2,1
1.49,1,0,9,15,18,8,2,0
1.495,1,24,27,11,2,2,3,1
1.5,1,26,11,1,2,0,1,1
1.505,2,6,18,1,3,3,0,1
1.51,5,20,21,4,9,4,2,4
1.515,1,6,23,2,1,1,1,0
1.52,4,14,4,2,1,0,2,1
1.525,1,18,2,0,4,1,0,1
1.53,1,6,2,0,2,0,0,0
1.535,2,8,7,2,1,3,1,2
1.54,2,8,13,5,2,1,0,2
1.545,1,0,9,2,0,2,1,0
1.55,1,4,12,0,1,0,1,1
1.555,3,2,13,1,2,2,0,1
1.56,3,1,17,4,2,3,1,1
1.565,2,8,7,4,1,2,1,1
1.57,1,4,6,0,0,1,0,1
1.575,1,7,5,2,1,0,1,1
1.58,4,2,6,1,2,2,0,1
1.585,0,4,11,1,1,1,0,0
1.59,1,2,4,1,3,2,1,2
1.595,0,7,25,2,1,0,0,2
1.6,0,17,2,12,2,1,0,3
1.605,3,24,6,1,0,0,0,2
1.61,3,29,11,3,5,2,1,2
1.615,2,4,10,3,3,2,1,1
1.62,3,4,1,10,7,2,2,4
1.625,0,8,9,0,1,1,2,1
1.63,1,10,4,0,4,2,1,2
1.635,1,4,9,5,2,2,2,1
1.64,1,9,6,3,4,1,0,0
1.645,1,1,3,0,2,1,1,1
1.65,5,19,12,1,0,3,2,2
1.655,3,8,5,0,1,2,2,1
1.66,2,4,3,1,3,1,1,0
1.665,2,12,5,2,1,2,1,3
1.67,1,7,0,1,1,0,0,1
1.675,5,10,12,4,2,1,2,1
1.68,0,1,8,2,4,2,0,1
1.685,1,2,2,1,3,2,2,1
1.69,1,3,16,2,1,1,0,2
1.695,1,1,1,3,0,1,1,2
1.7,2,4,5,4,3,2,0,0
1.705,3,17,12,2,0,2,0,0
1.71,0,11,14,7,3,2,2,2
1.715,2,3,18,4,1,1,1,2
1.72,0,3,3,4,1,2,2,1
1.725,2,1,10,2,0,1,0,1
1.73,3,1,21,4,0,0,2,1
1.735,2,5,8,6,4,1,2,2
1.74,2,10,29,10,1,0,1,1
1.745,2,1,1,5,1,1,1,2
1.75,1,4,22,7,7,1,2,0
1.755,3,8,49,9,4,2,0,3
1.76,0,10,7,5,4,3,3,3
1.765,1,24,5,7,4,1,1,1
1.77,9,33,26,9,5,2,1,3
1.775,1,17,16,0,1,1,0,2
1.78,1,3,18,3,3,2,0,3
1.785,4,55,20,5,4,2,3,3
1.79,3,30,25,5,1,3,0,1
1.795,0,4,17,9,3,5,2,1
1.8,7,6,11,3,3,1,2,3
1.805,1,10,22,1,2,2,2,2
1.81,8,14,9,1,1,1,3,3
1.815,1,11,6,0,2,2,2,3
1.82,3,8,5,0,2,1,1,0
1.825,1,11,8,2,1,1,1,1
1.83,1,3,11,6,4,4,2,1
1.835,0,14,9,4,0,1,0,0
1.84,1,16,22,1,1,3,0,0
1.845,4,12,1,1,1,0,2,2
1.85,1,5,4,1,5,5,3,4
1.855,1,8,3,1,4,3,2,3
1.86,2,35,5,7,4,3,1,1
1.865,7,71,4,4,2,1,0,2
1.87,5,44,29,9,4,3,1,3
1.875,4,30,6,0,1,1,1,2
1.88,8,25,19,10,8,6,6,5
1.885,2,10,3,1,0,1,2,3
1.89,4,19,13,6,3,1,0,0
1.895,5,12,27,12,1,2,1,2
1.9,3,7,34,16,4,2,1,1
1.905,1,3,5,0,2,2,1,2
1.91,2,3,22,11,1,2,1,1
1.915,5,8,63,28,9,3,3,4
1.92,2,4,4,1,3,1,1,0
1.925,14,22,26,4,3,5,5,5
1.93,2,12,15,7,1,1,0,1
1.935,10,39,30,14,6,5,4,4
1.94,16,88,8,4,3,4,3,4
1.945,3,26,9,8,5,1,3,1
1.95,2,14,8,3,1,2,0,1
1.955,0,10,5,4,2,1,1,0
1.96,0,4,11,1,4,3,1,0
1.965,5,18,29,4,0,1,1,1
1.97,6,22,6,2,3,2,2,1
1.975,3,0,6,7,1,0,2,1
1.98,0,19,9,7,1,0,0,0
1.985,1,11,9,8,8,3,2,1
1.99,1,17,8,4,5,3,3,1
1.995,5,17,10,10,8,1,0,1
2,2,7,19,1,3,2,0,1
2.005,0,1,32,7,6,4,2,1
2.01,1,8,6,11,2,3,0,2
2.015,6,22,4,0,2,1,2,3
2.02,0,15,28,14,3,0,1,0
2.025,1,1,25,12,4,4,1,1
2.03,3,3,8,3,3,2,2,4
2.035,3,11,8,0,1,1,2,1
2.04,1,8,12,6,1,2,1,2
2.045,4,6,16,2,6,1,3,2
2.05,1,9,3,1,2,0,1,1
2.055,1,3,7,3,2,2,1,1
2.06,0,2,0,6,4,2,1,1
2.065,2,17,8,0,1,0,1,0
2.07,3,13,4,2,2,1,1,2
2.075,1,16,1,6,5,3,4,3
2.08,4,10,12,1,3,2,3,2
2.085,2,12,4,1,0,1,1,1
2.09,0,3,11,1,1,1,2,0
2.095,1,0,1,0,3,2,0,0
2.1,1,9,3,1,0,1,1,1
2.105,3,20,16,2,4,1,1,1
2.11,3,18,19,3,1,1,3,3
2.115,5,1,60,10,4,2,2,2
2.12,1,11,17,5,1,1,3,3
2.125,4,13,44,5,4,5,4,1
2.13,0,12,25,2,1,1,0,1
2.135,2,8,24,6,3,1,1,3
2.14,7,1,77,22,6,6,4,7
2.145,1,11,18,3,0,1,2,2
2.15,0,18,8,0,1,0,0,1
2.155,5,15,7,4,1,0,1,2
2.16,7,40,7,4,3,2,3,5
2.165,2,12,9,4,1,1,2,0
2.17,1,3,43,7,1,3,3,1
2.175,1,3,32,7,2,2,0,0
2.18,8,22,21,6,1,3,4,7
2.185,11,25,42,21,9,6,7,9
2.19,3,2,44,13,1,0,0,2
2.195,0,22,24,9,1,3,2,1
2.2,1,12,32,8,1,1,2,1
2.205,3,7,11,12,2,1,1,1
2.21,0,4,23,11,4,2,0,1
2.215,2,12,11,2,1,2,0,2
2.22,1,7,6,2,2,3,3,2
2.225,1,6,7,3,2,1,1,0
2.23,1,1,2,2,1,1,1,1
2.235,1,2,3,0,0,2,0,3
2.24,3,1,4,6,5,4,1,2
2.245,3,1,3,1,1,2,1,1
2.25,3,12,1,3,1,1,0,0
2.255,5,36,16,7,4,3,0,2
2.26,4,14,6,2,1,2,1,2
2.265,1,7,18,5,1,1,1,1
2.27,3,0,15,5,0,3,2,5
2.275,1,9,0,1,0,2,2,2
2.28,1,7,15,5,5,4,2,2
2.285,0,0,1,1,3,1,0,2
2.29,1,4,1,2,4,2,0,0
2.295,3,8,1,2,7,3,3,2
2.3,3,3,0,3,8,1,2,1
2.305,1,5,9,3,1,0,0,1
2.31,0,9,5,1,1,1,2,2
2.315,4,7,3,3,4,4,1,1
2.32,1,2,2,1,3,3,3,4
2.325,5,12,8,3,2,0,2,4
2.33,2,9,2,2,1,0,1,0
2.335,1,4,6,3,2,2,1,0
2.34,1,4,3,4,3,1,1,1
2.345,2,4,9,3,1,0,0,0
2.35,2,1,5,1,2,2,2,1
2.355,5,8,2,1,1,0,3,9
2.36,5,11,6,4,1,2,0,13
2.365,3,7,11,0,1,1,4,20
2.37,4,13,9,2,1,2,1,3
2.375,6,22,1,1,1,2,3,3
2.38,5,27,6,1,2,0,1,5
2.385,3,9,11,6,5,5,4,2
2.39,3,6,8,3,1,4,1,2
2.395,1,4,0,2,1,1,1,0
2.4,1,15,12,1,3,3,3,3
2.405,1,2,5,1,1,2,2,4
2.41,2,2,0,1,1,1,1,4
2.415,1,3,3,2,0,0,2,3
2.42,1,1,3,2,1,1,2,2
2.425,1,0,7,1,0,2,1,2
2.43,2,8,8,1,1,0,3,2
2.435,2,12,8,0,1,0,0,1
2.44,3,3,22,2,2,0,1,2
2.445,3,10,10,3,2,2,0,1
2.45,2,10,67,13,1,1,1,1
2.455,8,24,18,8,3,5,4,4
2.46,8,36,12,4,1,1,1,2
2.465,0,10,11,3,2,2,1,1
2.47,1,12,18,2,1,0,1,1
2.475,0,8,4,1,1,0,0,1
2.48,0,16,20,2,2,1,1,2
2.485,0,3,17,0,3,3,1,2
2.49,3,1,18,3,5,4,2,0
2.495,6,16,51,27,14,6,4,5
2.5,1,21,31,11,17,10,5,1
2.505,2,19,8,1,6,1,0,1
2.51,6,27,27,3,10,8,4,5
2.515,4,7,36,10,20,7,1,0
2.52,1,27,28,2,13,6,2,1
2.525,1,1,6,0,1,2,1,1
2.53,1,9,0,1,2,1,1,0
2.535,0,11,16,4,2,0,1,1
2.54,1,3,28,4,3,3,3,1
2.545,3,4,4,4,2,1,2,1
2.55,7,16,9,7,5,4,1,4
2.555,1,2,14,2,1,3,2,1
2.56,3,9,1,1,1,0,3,2
2.565,3,11,18,13,12,4,3,1
2.57,3,6,6,0,3,1,1,2
2.575,2,3,10,3,1,0,1,1
2.58,0,4,3,2,3,3,2,1
2.585,5,4,18,7,4,1,2,3
2.59,1,5,6,3,5,3,2,0
2.595,4,4,27,8,2,1,1,1
2.6,1,26,19,5,7,3,2,0
2.605,2,10,3,7,3,2,3,2
2.61,6,3,9,2,3,1,2,2
2.615,0,2,3,2,4,2,1,1
2.62,3,6,10,4,3,4,2,3
2.625,1,4,11,5,2,2,2,6
2.63,1,5,0,1,0,0,2,12
2.635,4,20,38,7,1,1,0,0
2.64,2,15,3,7,3,1,0,4
2.645,2,5,25,14,1,2,1,2
2.65,2,6,3,2,1,0,1,3
2.655,2,1,14,3,2,3,1,1
2.66,3,6,28,6,1,1,1,0
2.665,4,17,21,6,3,4,0,1
2.67,0,0,8,5,2,1,1,0
2.675,1,1,3,0,2,1,0,1
2.68,1,2,9,3,2,2,3,1
2.685,3,8,20,10,3,0,0,1
2.69,0,5,8,1,0,2,1,1
2.695,2,4,7,3,1,2,1,1
2.7,2,8,16,7,4,3,1,2
2.705,1,1,6,4,0,2,1,0
2.71,1,1,6,0,2,2,1,2
2.715,1,4,0,2,3,1,2,2
2.72,5,3,24,9,4,5,4,2
2.725,1,3,12,0,1,0,0,2
2.73,1,0,17,2,0,1,1,3
2.735,3,4,6,1,2,1,1,1
2.74,5,23,18,6,1,3,3,9
2.745,1,12,12,3,1,3,1,5
2.75,3,6,9,4,4,5,3,3
2.755,2,4,7,1,2,3,2,4
2.76,1,2,6,4,1,3,1,1
2.765,1,4,5,1,1,2,2,0
2.77,1,1,5,2,0,0,0,1
2.775,1,3,18,3,2,0,0,1
2.78,7,18,1,2,1,2,2,3
2.785,0,2,9,4,3,0,0,1
2.79,2,10,1,4,2,3,2,0
2.795,4,15,9,12,6,4,3,1
2.8,1,16,2,8,6,3,0,0
2.805,2,8,14,1,2,3,3,2
2.81,4,1,34,15,6,4,4,5
2.815,2,0,15,4,5,4,2,1
2.82,4,5,8,1,0,1,1,1
2.825,2,10,15,8,2,1,4,1
2.83,6,10,4,2,1,1,2,2
2.835,0,6,14,2,2,1,0,2
2.84,0,2,10,9,5,3,2,0
2.845,2,4,2,5,1,1,0,2
2.85,3,4,3,1,3,0,0,3
2.855,1,7,2,1,1,1,0,1
2.86,2,2,34,11,5,3,1,2
2.865,6,2,21,5,6,5,4,5
2.87,1,4,4,6,5,3,1,0
2.875,2,2,32,16,3,1,3,2
2.88,2,2,8,0,3,1,1,1
2.885,2,5,8,4,5,4,2,2
2.89,2,1,7,5,3,3,1,1
2.895,4,3,3,2,3,0,3,0
2.9,6,3,0,2,3,2,2,3
2.905,0,14,27,5,3,3,1,3
2.91,1,5,3,5,4,1,0,2
2.915,1,8,4,2,2,0,3,0
2.92,3,0,1,3,0,3,2,3
2.925,0,18,11,2,0,0,1,1
2.93,2,3,11,6,3,5,1,1
2.935,1,7,6,6,2,0,1,1
2.94,2,19,24,9,2,0,0,1
2.945,6,17,69,19,7,5,3,3
2.95,2,12,32,10,7,1,0,1
2.955,7,45,42,12,4,3,4,4
2.96,1,7,15,2,1,3,2,0
2.965,3,14,11,2,2,1,1,1
2.97,3,10,9,3,5,0,1,1
2.975,0,11,1,2,5,0,2,1
2.98,0,12,3,1,1,0,1,0
2.985,1,0,8,1,1,3,1,2
2.99,0,2,11,4,3,4,2,2
2.995,1,2,11,5,1,1,1,1
3,2,1,12,4,2,1,2,1
3.005,1,6,5,2,2,0,1,0
3.01,0,3,12,5,2,0,1,1
3.015,3,9,32,8,1,4,1,1
3.02,2,3,6,4,3,1,0,0
3.025,2,10,6,2,0,1,2,0
3.03,4,6,1,1,0,1,0,4
3.035,2,2,7,1,0,3,1,11
3.04,2,4,6,3,0,0,4,14
3.045,0,1,13,2,0,0,1,7
3.05,2,7,9,5,3,4,1,6
3.055,1,2,3,0,3,2,0,2
3.06,1,4,6,2,0,2,0,2
3.065,5,9,4,3,2,2,4,3
3.07,4,7,9,5,5,2,2,1
3.075,4,1,11,1,1,1,0,8
3.08,3,8,7,2,1,1,0,2
3.085,1,1,2,2,1,1,2,0
3.09,3,0,4,3,4,5,3,0
3.095,0,1,12,0,1,2,1,2
3.1,1,7,10,2,0,1,1,1
3.105,1,10,9,0,0,1,0,3
3.11,4,13,2,2,0,2,0,2
3.115,3,11,7,4,1,2,1,1
3.12,4,5,2,2,3,1,3,2
3.125,0,6,6,3,1,0,2,0
3.13,3,21,10,7,6,2,2,0
3.135,2,7,21,4,2,3,2,2
3.14,1,6,2,8,7,2,2,1
3.145,1,8,36,0,4,3,2,1
3.15,9,49,70,5,1,1,3,4
3.155,3,19,0,16,7,3,2,2
3.16,4,4,3,1,2,0,1,1
3.165,3,20,24,3,9,0,0,3
3.17,4,32,12,6,0,1,2,3
3.175,3,15,57,7,6,5,2,4
3.18,1,3,9,4,3,4,4,2
3.185,2,6,13,2,2,1,0,1
3.19,2,4,14,1,1,3,2,2
3.195,2,6,12,1,4,1,0,1
3.2,1,3,1,3,6,3,3,2
3.205,4,7,20,1,1,3,1,1
3.21,2,9,7,1,3,1,1,1
3.215,2,6,16,3,2,0,2,0
3.22,2,12,13,6,1,1,3,2
3.225,2,2,3,1,3,0,0,4
3.23,0,4,8,2,2,1,1,0
3.235,3,5,10,0,0,1,2,1
3.24,1,2,3,3,0,2,0,0
3.245,1,2,14,1,2,1,1,1
3.25,3,2,7,4,5,4,1,4
3.255,2,5,2,1,0,2,2,3
3.26,1,5,2,4,9,7,4,2
3.265,0,5,2,0,7,2,0,0
3.27,1,2,0,4,1,0,4,3
3.275,11,22,2,3,2,5,11,25
3.28,6,5,5,1,5,6,6,2
3.285,1,6,2,1,0,1,3,3
3.29,7,7,1,1,2,1,1,11
3.295,0,1,2,1,1,5,8,36
3.3,2,4,2,1,1,2,0,10
3.305,3,16,8,1,4,2,3,3
3.31,0,4,3,2,1,1,2,2
3.315,0,1,13,4,0,1,4,11
3.32,5,2,7,3,2,2,1,9
3.325,1,1,2,7,2,4,0,3
3.33,2,3,8,1,1,2,2,2
3.335,1,8,36,0,4,3,2,1
3.34,9,49,70,5,1,1,3,4
3.345,3,19,0,16,7,3,2,2
3.35,4,4,3,1,2,0,1,1
3.355,3,20,24,3,9,0,0,3
3.36,4,32,12,6,0,1,2,3
3.365,3,15,57,7,6,5,2,4
3.37,1,3,9,4,3,4,4,2
3.375,6,22,23,6,10,6,0,6
3.38,3,10,9,4,1,4,0,1
3.385,1,8,29,3,1,2,2,4
3.39,5,18,18,0,7,4,1,3
3.395,5,5,2,7,5,1,5,15
3.4,9,6,54,2,4,0,2,5
3.405,8,5,56,14,1,4,5,10
3.41,4,29,5,1,1,1,2,3
3.415,2,18,17,1,3,3,0,5
3.42,4,15,3,1,2,1,3,1
3.425,0,9,18,5,1,0,1,3
3.43,1,4,13,6,0,2,0,1
3.435,1,4,7,4,2,1,2,1
3.44,0,2,9,0,4,4,3,2
3.445,1,12,10,2,0,0,1,1
3.45,1,15,12,1,5,1,1,1
3.455,2,10,1,4,2,2,1,0
3.46,2,7,21,5,5,3,1,3
3.465,0,3,11,4,1,1,2,2
3.47,0,3,8,2,5,1,1,4
3.475,4,8,14,6,2,2,2,1
3.48,1,2,11,5,6,4,2,0
3.485,1,1,18,2,0,0,0,0
3.49,3,7,9,1,2,2,3,2
3.495,2,7,8,8,3,4,3,1
3.5,6,8,9,2,1,0,0,1
3.505,1,12,10,0,0,0,1,0
3.51,1,5,8,7,5,1,1,4
3.515,2,6,3,5,1,0,3,0
3.52,1,3,1,2,2,1,0,2
3.525,0,11,0,1,1,0,2,3
3.53,2,10,1,4,1,3,1,1
3.535,3,16,4,6,4,3,2,1
3.54,1,6,22,5,2,2,0,0
3.545,2,2,25,3,0,3,1,1
3.55,2,5,30,8,5,3,3,1
3.555,1,3,6,0,1,1,0,1
3.56,0,1,3,0,3,1,2,2
3.565,1,1,19,1,3,0,1,1
3.57,1,3,12,2,1,2,1,0
3.575,0,3,4,1,1,2,1,1
3.58,1,5,2,3,0,0,1,1
3.585,1,10,7,0,6,1,1,1
3.59,9,26,5,4,1,4,3,2
3.595,0,8,3,1,0,3,2,0
3.6,2,14,4,0,4,4,0,0
3.605,1,0,11,4,1,1,1,0
3.61,2,4,9,4,4,4,1,3
3.615,2,2,0,2,0,1,1,0
3.62,2,2,2,3,3,3,1,3
3.625,1,12,2,5,0,1,0,2
3.63,0,0,15,2,1,2,1,1
3.635,1,7,7,1,0,1,2,1
3.64,1,9,9,2,5,3,1,0
3.645,1,13,7,0,2,1,2,1
3.65,3,59,18,4,1,0,1,2
3.655,1,3,7,1,2,0,1,1
3.66,3,4,1,1,2,1,3,2
3.665,1,7,6,2,2,2,2,0
3.67,2,26,18,3,1,0,2,0
3.675,1,16,21,4,0,2,1,1
3.68,2,12,14,5,3,3,1,1
3.685,1,2,8,2,2,1,1,2
3.69,1,11,7,3,1,4,3,2
3.695,0,0,14,2,1,3,0,1
3.7,3,10,9,2,9,4,0,0
3.705,3,3,4,3,5,2,1,3
3.71,1,7,3,5,2,5,2,2
3.715,0,5,4,5,0,1,1,0
3.72,4,4,31,5,5,3,4,2
3.725,4,10,5,6,0,2,2,0
3.73,1,3,3,1,1,1,1,2
3.735,1,11,3,2,3,1,1,2
3.74,2,1,15,5,1,1,0,0
3.745,0,17,7,6,3,5,3,4
3.75,3,11,19,3,2,1,0,2
3.755,3,0,1,1,1,2,2,1
3.76,0,5,3,2,4,1,1,1
3.765,1,1,16,1,1,3,0,0
3.77,1,4,10,3,2,4,0,1
3.775,3,14,8,3,1,1,3,2
3.78,1,11,0,4,5,2,2,0
3.785,2,6,27,5,1,0,2,2
3.79,0,4,17,3,1,1,0,1
3.795,1,4,5,0,0,1,1,0
3.8,1,0,4,2,3,5,3,2
3.805,0,0,0,2,0,1,2,1
3.81,0,4,9,3,2,2,1,1
3.815,2,6,2,3,5,2,1,2
3.82,1,2,3,3,2,2,1,1
3.825,2,6,2,5,8,3,1,1
3.83,3,9,7,6,4,2,4,4
3.835,3,2,20,7,5,3,2,2
3.84,1,0,0,5,5,1,0,3
3.845,1,0,0,1,3,1,0,0
3.85,0,2,10,3,0,0,1,0
3.855,2,1,5,0,1,1,1,2
3.86,1,5,9,0,2,1,1,3
3.865,0,3,1,1,2,0,0,0
3.87,1,1,3,3,2,2,3,1
3.875,2,1,5,0,2,2,1,1
3.88,1,6,8,3,1,1,1,2
3.885,0,3,9,1,4,2,2,1
3.89,2,8,9,7,2,2,1,1
3.895,0,1,6,4,4,2,2,2
3.9,0,1,1,3,1,1,0,0
3.905,0,4,4,2,2,1,0,2
3.91,2,3,1,3,3,2,3,0
3.915,1,0,0,1,0,1,1,1
3.92,4,5,15,7,5,1,0,1
3.925,0,6,7,2,1,1,1,0
3.93,1,0,8,7,2,2,0,0
3.935,1,7,40,5,2,2,2,4
3.94,3,3,14,4,2,3,3,1
3.945,3,2,14,5,5,3,1,3
3.95,0,4,4,1,3,2,2,2
3.955,3,3,37,6,2,1,0,0
3.96,1,3,30,5,0,2,2,2
3.965,4,25,9,1,2,1,3,3
3.97,3,4,5,1,1,1,3,0
3.975,0,3,2,2,1,1,0,1
3.98,3,8,29,6,2,1,2,1
3.985,0,11,5,1,1,0,1,2
3.99,3,5,1,6,2,1,2,1
3.995,0,3,12,1,2,4,2,1
4,2,1,8,4,1,0,2,0
4.005,0,1,25,6,2,0,1,1
4.01,2,5,10,4,3,3,0,2
4.015,1,2,26,3,2,1,2,0
4.02,1,1,14,1,2,1,0,1
4.025,1,2,5,0,0,2,1,1
4.03,2,3,4,3,1,2,3,1
4.035,0,3,9,0,0,0,2,1
4.04,0,2,11,3,1,2,0,0
4.045,2,4,24,4,1,1,0,1
4.05,9,24,57,22,4,3,3,5
4.055,6,1,1,7,5,3,3,5
4.06,7,16,71,13,3,3,2,3
4.065,6,21,93,15,4,4,2,4
4.07,2,13,59,14,2,1,1,2
4.075,0,5,5,1,2,0,1,4
4.08,1,2,9,4,3,2,3,3
4.085,6,14,37,10,2,3,2,3
4.09,0,9,31,4,3,1,1,0
4.095,7,4,12,4,3,3,4,5
4.1,1,3,6,3,1,0,2,2
4.105,2,2,4,1,1,3,3,1
4.11,3,1,4,3,1,1,0,1
4.115,1,5,23,4,1,0,1,1
4.12,5,9,28,8,1,1,2,2
4.125,1,5,14,1,1,2,1,3
4.13,1,3,6,1,2,2,2,1
4.135,0,8,20,0,0,3,0,2
4.14,5,9,12,7,4,1,1,3
4.145,2,1,4,4,1,0,0,2
4.15,0,5,22,4,1,1,0,0
4.155,1,2,2,3,4,1,1,2
4.16,2,3,9,1,3,3,2,1
4.165,4,9,19,2,2,3,2,1
4.17,1,3,15,1,1,2,1,0
4.175,1,3,17,2,1,1,2,2
4.18,1,0,4,1,2,1,2,1
4.185,1,2,0,1,2,0,1,0
4.19,1,0,2,2,4,4,1,1
4.195,0,1,13,7,5,2,1,1
4.2,2,9,13,1,0,3,2,2
4.205,0,1,12,2,0,3,3,1
4.21,1,1,4,1,2,0,0,2
4.215,1,14,1,1,3,3,2,1
4.22,2,7,2,2,1,1,0,2
4.225,0,1,3,2,4,3,2,2
4.23,0,8,13,1,1,2,1,1
4.235,0,7,9,0,2,0,0,1
4.24,3,3,0,1,2,3,0,2
4.245,1,9,9,6,3,3,0,1
4.25,0,8,26,3,6,2,3,0
4.255,5,12,9,9,5,3,4,3
4.26,3,4,3,2,3,2,1,2
4.265,0,2,0,1,1,1,1,1
4.27,1,8,19,4,4,0,2,2
4.275,0,7,7,1,6,3,2,0
4.28,1,1,13,6,1,2,2,0
4.285,2,2,5,1,4,2,1,0
4.29,1,2,0,2,3,1,0,1
4.295,2,8,10,3,1,1,1,1
4.3,1,0,28,4,1,1,2,0
4.305,1,1,6,0,3,2,2,1
4.31,2,2,1,4,3,2,3,0
4.315,0,6,12,1,0,1,1,0
4.32,0,1,11,2,1,0,1,1
4.325,3,5,3,7,10,7,3,2
4.33,0,12,7,4,5,2,1,1
4.335,4,17,63,2,23,12,4,0
4.34,1,0,7,3,5,2,1,1
4.345,2,6,11,3,3,1,2,2
4.35,0,3,24,0,6,5,1,1
4.355,2,6,8,1,8,5,2,1
4.36,1,4,7,3,2,2,0,0
4.365,1,1,7,2,1,2,1,0
4.37,1,3,3,4,0,2,2,2
4.375,2,8,10,1,3,1,1,2
4.38,0,8,5,1,5,3,0,1
4.385,4,0,11,5,3,4,3,1
4.39,0,8,19,1,4,2,2,2
4.395,3,13,14,3,2,1,3,2
4.4,2,6,6,3,1,2,1,0
4.405,1,2,23,1,4,4,2,3
4.41,1,0,2,3,0,1,1,2
4.415,0,1,10,0,0,2,0,1
4.42,2,8,0,2,2,1,2,2
4.425,0,6,4,6,6,0,1,0
4.43,4,6,6,2,1,1,3,3
4.435,1,3,11,6,6,2,0,0
4.44,2,2,8,2,3,1,1,1
4.445,3,2,5,3,1,2,2,1
4.45,0,5,10,4,0,2,1,1
4.455,1,3,11,3,2,1,2,0
4.46,1,5,22,4,4,1,1,1
4.465,2,2,8,3,3,3,1,0
4.47,1,3,3,3,2,0,1,1
4.475,1,4,20,3,4,1,2,1
4.48,1,3,8,0,3,3,1,1
4.485,4,4,0,3,3,2,1,3
4.49,1,8,2,1,1,2,1,0
4.495,1,4,6,0,1,0,1,0
4.5,3,2,33,3,1,2,1,0
4.505,1,7,15,4,3,0,1,0
4.51,2,3,3,4,1,3,2,2
4.515,1,5,11,0,1,2,2,2
4.52,1,6,12,0,1,0,0,1
4.525,0,3,1,4,2,0,1,0
4.53,2,6,4,1,2,2,1,0
4.535,2,4,5,0,1,1,1,1
4.54,1,1,15,1,0,1,1,2
4.545,1,0,17,6,2,0,1,1
4.55,2,6,0,5,3,1,3,3
4.555,3,6,8,3,1,1,1,1
4.56,1,2,10,7,3,1,0,0
4.565,1,1,10,4,2,0,0,1
4.57,2,1,7,1,3,3,1,0
4.575,1,2,13,3,2,3,3,2
4.58,1,0,7,0,2,2,1,0
4.585,1,2,0,1,1,0,0,2
4.59,0,0,4,0,1,2,1,4
4.595,0,5,2,0,1,4,1,3
4.6,1,0,4,3,3,2,2,2
4.605,2,1,5,2,2,2,4,2
4.61,0,1,2,1,2,2,1,0
4.615,2,3,5,2,4,2,1,3
4.62,1,2,3,1,3,2,0,3
4.625,2,1,15,1,4,4,3,1
4.63,1,2,6,4,5,3,2,1
4.635,3,3,10,11,2,3,1,3
4.64,1,4,2,5,5,4,2,2
4.645,0,0,6,1,6,3,2,1
4.65,1,1,5,4,4,2,3,1
4.655,1,3,14,4,2,3,0,1
4.66,0,2,0,2,7,3,2,1
4.665,1,3,36,7,5,1,1,1
4.67,4,8,4,6,9,4,1,1
4.675,3,3,2,1,5,1,2,1
4.68,2,1,7,4,1,2,4,2
4.685,1,1,2,3,3,0,2,0
4.69,0,2,4,0,8,7,3,1
4.695,0,3,4,0,1,2,1,3
4.7,1,1,16,4,3,1,0,1
4.705,2,1,0,1,3,0,1,0
4.71,2,0,9,3,3,0,2,0
4.715,1,2,15,1,3,1,2,1
4.72,1,3,4,6,4,5,1,1
4.725,3,11,7,7,8,2,2,1
4.73,2,6,2,6,3,4,0,4
4.735,3,4,3,8,0,1,1,0
4.74,3,3,2,3,5,2,1,1
4.745,1,2,6,4,1,1,3,2
4.75,1,2,0,1,2,2,2,1
4.755,1,5,2,1,0,1,2,3
4.76,0,7,17,0,2,2,1,1
4.765,0,1,5,3,3,2,2,2
4.77,1,2,4,2,5,2,2,1
4.775,1,7,17,9,2,1,2,0
4.78,1,3,27,6,0,1,1,1
4.785,5,8,19,10,5,4,3,3
4.79,0,7,11,2,4,3,1,2
4.795,2,7,11,6,2,2,3,1
4.8,0,0,5,1,1,0,2,1
4.805,1,3,3,1,1,1,1,0
4.81,1,10,15,7,2,0,0,2
4.815,3,10,53,12,2,1,2,0
4.82,1,7,13,1,3,3,1,2
4.825,0,1,12,3,0,1,0,2
4.83,0,13,14,6,1,2,1,0
4.835,0,10,28,4,0,0,0,1
4.84,3,9,39,4,4,1,0,1
4.845,1,3,4,2,1,2,1,2
4.85,1,6,10,1,1,4,1,2
4.855,4,1,10,1,1,3,2,3
4.86,1,4,17,2,1,3,1,1
4.865,1,12,16,3,0,3,1,1
4.87,2,2,27,4,1,2,0,1
4.875,3,6,7,0,0,0,1,1
4.88,2,7,46,9,2,3,2,0
4.885,2,23,10,4,6,1,3,1
4.89,2,13,11,7,6,5,3,2
4.895,8,11,50,13,5,5,5,5
4.9,6,8,35,6,4,3,4,7
4.905,1,10,18,7,2,1,1,1
4.91,1,3,12,13,8,3,0,1
4.915,1,4,7,0,0,2,1,0
4.92,1,6,6,0,0,1,1,3
4.925,0,3,0,1,2,3,1,2
4.93,2,8,3,3,1,1,1,1
4.935,1,5,5,1,1,1,0,1
4.94,3,7,16,4,3,4,2,1
4.945,2,0,13,5,5,3,0,1
4.95,1,10,13,2,2,2,0,3
4.955,2,0,3,4,3,2,3,3
4.96,3,5,7,3,0,4,3,0
4.965,2,3,3,4,0,2,1,2
4.97,5,15,28,15,6,5,4,3
4.975,1,4,18,2,3,4,3,3
4.98,1,2,3,5,3,1,2,0
4.985,1,5,2,1,3,2,0,2
4.99,1,8,10,0,2,4,3,3
4.995,1,3,24,6,2,1,0,1
5,0,5,8,4,0,0,1,0
5.005,4,1,6,7,1,0,1,0
5.01,0,6,12,4,2,2,2,1
5.015,1,2,22,5,2,1,2,1
5.02,0,1,10,4,3,0,1,2
5.025,2,7,8,7,1,3,2,3
5.03,2,3,4,0,0,1,1,1
5.035,3,12,6,9,3,2,1,1
5.04,2,4,9,4,4,2,1,2
5.045,0,8,18,3,5,4,2,1
5.05,1,1,6,8,6,3,2,2
5.055,1,1,15,4,4,2,2,0
5.06,1,0,15,4,5,3,1,0
5.065,3,9,19,4,3,2,3,1
5.07,1,4,17,3,2,1,1,1
5.075,2,0,7,4,5,5,1,0
5.08,0,3,11,0,3,1,1,1
5.085,0,3,5,0,2,0,2,1
5.09,0,1,3,1,0,1,3,2
5.095,0,9,4,1,1,2,1,0
5.1,3,2,6,5,0,0,0,1
5.105,2,3,6,1,2,2,2,2
5.11,0,10,3,0,2,3,1,2
5.115,7,25,4,5,5,4,4,4
5.12,2,6,12,3,1,0,1,1
5.125,0,7,4,2,2,0,1,0
5.13,1,9,1,2,2,1,1,1
5.135,0,5,32,5,3,1,3,1
5.14,2,12,8,6,1,0,1,1
5.145,3,2,21,1,3,0,1,3
5.15,2,1,18,9,3,0,1,0
5.155,1,4,38,15,6,3,0,0
5.16,2,1,19,2,3,3,3,2
5.165,0,1,10,2,2,2,1,0
5.17,2,11,4,1,1,1,1,2
5.175,1,3,9,4,1,0,1,3
5.18,1,3,1,0,1,1,0,3
5.185,2,1,5,1,0,2,0,4
5.19,3,7,7,2,1,1,3,3
5.195,1,4,12,3,3,3,0,1
5.2,3,3,11,2,5,3,1,2
5.205,0,1,8,1,1,1,2,2
5.21,2,4,7,4,4,3,1,1
5.215,2,5,2,4,1,2,1,1
5.22,2,1,1,2,1,1,0,1
5.225,1,9,2,4,1,0,2,0
5.23,3,3,16,8,3,2,1,2
5.235,1,0,14,3,2,2,2,1
5.24,1,2,5,3,1,0,1,1
5.245,3,6,18,2,2,0,0,2
5.25,0,0,3,2,1,1,1,6
5.255,3,7,2,0,0,1,1,6
5.26,4,5,2,0,2,2,2,1
5.265,2,3,11,2,1,2,8,3
5.27,0,7,8,2,0,1,0,4
5.275,2,7,1,2,2,2,1,11
5.28,3,13,8,1,2,1,3,1
5.285,0,0,1,2,2,3,0,4
5.29,2,7,4,0,0,1,2,8
5.295,4,7,2,3,0,1,2,1
5.3,2,0,0,2,1,3,3,3
5.305,2,2,8,1,2,2,3,2
5.31,1,3,3,0,1,3,1,1
5.315,0,1,1,3,4,4,1,0
5.32,1,2,6,4,4,3,0,4
5.325,4,1,13,3,2,1,1,0
5.33,3,10,57,8,1,2,2,0
5.335,2,1,15,5,13,4,1,1
5.34,4,8,18,9,7,4,3,4
5.345,7,41,8,0,1,3,2,3
5.35,2,13,25,3,5,1,1,2
5.355,2,1,3,4,2,0,2,2
5.36,1,12,10,9,0,0,2,0
5.365,1,17,31,20,7,3,1,2
5.37,3,3,3,1,2,0,1,2
5.375,3,30,7,2,1,1,1,1
5.38,0,4,11,1,0,1,1,5
5.385,3,23,18,3,0,0,0,0
5.39,5,14,8,2,4,4,1,2
5.395,0,5,3,4,5,4,1,1
5.4,3,10,0,4,3,3,1,1
5.405,1,16,12,12,5,3,2,3
5.41,2,24,2,4,0,0,3,1
5.415,1,12,11,0,1,2,1,1
5.42,2,2,6,4,1,0,1,2
5.425,1,2,6,3,1,0,0,0
5.43,2,6,12,5,2,1,1,2
5.435,2,6,10,5,4,4,1,2
5.44,0,2,10,3,0,1,0,0
5.445,2,2,2,1,1,0,1,2
5.45,2,1,1,1,3,3,1,1
5.455,3,7,5,3,2,1,2,2
5.46,0,15,9,5,0,0,0,0
5.465,0,4,16,4,1,0,1,0
5.47,2,2,27,5,0,2,3,0
5.475,2,20,8,2,4,2,1,1
5.48,3,14,2,4,0,1,0,2
5.485,9,21,27,8,3,5,1,4
5.49,2,1,8,2,1,0,1,1
5.495,1,5,1,4,3,1,1,0
5.5,0,5,2,4,2,1,1,0
5.505,2,3,8,5,0,1,0,1
5.51,0,2,12,1,1,3,2,2
5.515,1,8,4,6,0,4,2,1
5.52,1,10,2,0,0,3,2,0
5.525,1,0,5,3,2,0,2,0
5.53,1,4,9,3,3,3,0,2
5.535,0,4,1,3,4,3,2,2
5.54,1,6,0,4,2,2,1,1
5.545,0,2,6,4,1,0,0,0
5.55,1,1,8,2,3,2,1,1
5.555,2,7,0,2,2,1,1,2
5.56,1,0,17,0,0,2,3,2
5.565,3,2,10,3,1,1,1,0
5.57,3,6,30,6,1,0,1,1
5.575,1,2,2,1,0,0,0,0
5.58,2,11,11,7,3,3,2,2
5.585,3,6,13,5,2,0,0,1
5.59,2,14,12,2,2,1,0,0
5.595,2,12,10,3,1,0,1,1
5.6,2,11,0,1,2,2,4,1
5.605,3,5,7,1,2,3,3,2
5.61,3,9,8,2,1,0,4,2
5.615,0,4,2,1,0,2,1,1
5.62,1,1,20,10,2,1,0,1
5.625,2,3,45,16,1,1,0,1
5.63,1,16,14,2,1,1,1,1
5.635,2,10,3,5,1,0,1,1
5.64,1,11,3,1,4,4,2,1
5.645,6,3,7,1,1,1,0,1
5.65,0,12,1,1,2,1,0,0
5.655,1,10,1,8,2,3,1,2
5.66,2,1,7,5,1,2,1,1
5.665,0,6,0,3,2,1,0,0
5.67,2,8,3,0,5,1,4,4
5.675,2,10,3,0,4,0,1,2
5.68,2,4,21,11,1,0,1,3
5.685,0,3,1,2,3,1,1,0
5.69,2,8,4,0,1,2,2,1
5.695,1,5,8,1,1,1,1,1
5.7,1,1,1,2,3,3,0,0
5.705,0,2,9,0,0,0,1,0
5.71,1,1,5,1,0,1,1,1
5.715,1,4,10,3,1,1,0,0
5.72,3,7,2,5,0,1,1,1
5.725,0,3,5,0,1,3,2,1
5.73,1,5,2,2,2,1,3,1
5.735,2,2,6,3,7,4,0,2
5.74,2,24,0,2,2,3,0,2
5.745,0,2,2,1,2,1,1,1
5.75,3,14,3,8,3,2,1,0
5.755,1,3,3,1,3,4,2,0
5.76,1,6,3,6,3,0,1,2
5.765,1,4,4,5,4,3,3,1
5.77,1,11,11,6,3,2,0,1
5.775,1,4,0,3,0,3,1,1
5.78,1,1,11,2,1,1,0,0
5.785,2,3,6,0,4,2,2,2
5.79,3,6,3,1,2,3,0,3
5.795,2,2,8,1,3,3,1,2
5.8,0,1,2,6,2,1,1,2
5.805,0,2,3,1,0,0,0,2
5.81,2,0,1,3,5,1,0,0
5.815,3,7,10,2,5,2,2,2
5.82,2,2,2,0,0,0,0,0
5.825,0,5,2,1,2,0,2,1
5.83,2,2,3,3,3,2,1,1
5.835,0,2,9,1,2,1,2,0
5.84,4,9,21,14,10,3,4,2
5.845,2,0,4,1,2,1,0,0
5.85,1,2,16,6,5,1,0,1
5.855,3,6,9,0,1,1,1,1
5.86,1,6,11,1,2,3,1,2
5.865,0,2,8,5,4,0,1,1
5.87,1,1,3,1,0,0,1,0
5.875,1,0,8,5,4,2,2,2
5.88,2,0,3,2,1,1,2,3
5.885,2,1,14,6,2,0,2,0
5.89,1,1,3,1,0,1,1,1
5.895,1,0,8,4,1,1,1,3
5.9,1,5,13,2,0,3,0,1
5.905,2,1,13,4,3,4,4,1
5.91,1,2,3,1,1,1,1,2
5.915,4,4,1,0,0,1,2,1
5.92,0,4,7,3,0,3,2,1
5.925,1,1,11,1,3,0,1,1
5.93,1,4,3,1,0,2,0,1
5.935,1,2,7,1,2,4,3,3
5.94,1,1,19,3,1,2,1,3
5.945,1,1,11,0,1,1,1,0
5.95,3,5,11,2,2,0,3,2
5.955,1,2,6,0,2,3,1,0
5.96,2,2,2,2,1,2,1,1
5.965,0,6,1,4,0,2,1,0
5.97,1,12,9,1,1,1,1,2
5.975,1,7,9,1,1,2,2,1
5.98,3,8,8,3,2,2,1,1
5.985,0,4,3,7,2,3,2,3
5.99,3,3,8,7,5,4,2,2
5.995,2,3,10,9,5,4,3,3
6,4,8,0,3,3,2,2,3
6.005,4,31,11,4,1,2,1,0
6.01,6,61,18,2,2,0,1,0
6.015,6,16,24,11,0,3,4,3
6.02,3,7,9,1,1,3,3,2
6.025,3,3,2,2,2,1,2,1
6.03,2,1,12,3,4,3,4,3
6.035,1,2,16,2,1,1,1,3
6.04,1,10,11,5,2,1,0,2
6.045,1,7,2,2,0,0,4,2
6.05,1,2,2,3,1,0,0,1
6.055,3,1,10,5,2,3,3,2
6.06,2,11,2,2,0,1,0,2
6.065,3,5,11,5,3,5,3,0
6.07,5,9,20,1,6,5,3,3
6.075,1,1,3,10,2,2,0,1
6.08,10,28,9,11,9,7,5,5
6.085,9,40,2,4,4,5,6,5
6.09,6,13,27,11,2,3,2,3
6.095,3,1,15,3,5,5,3,3
6.1,1,7,1,5,4,3,2,1
6.105,4,4,6,2,3,1,2,3
6.11,0,4,7,2,1,1,2,1
6.115,3,6,1,2,0,0,1,1
6.12,2,1,10,4,3,1,1,3
6.125,1,9,8,5,0,0,0,0
6.13,4,5,1,8,5,5,3,2
6.135,1,2,3,3,2,2,2,3
6.14,4,2,2,3,1,2,2,2
6.145,2,0,15,4,4,5,1,5
6.15,3,5,20,6,3,0,1,3
6.155,0,9,32,2,6,1,1,1
6.16,3,5,2,3,1,2,2,4
6.165,2,0,5,2,0,1,4,1
6.17,1,0,6,1,1,0,1,1
6.175,0,0,8,0,1,1,1,0
6.18,3,3,2,1,1,1,3,2
6.185,1,3,8,3,2,1,0,1
6.19,1,3,12,4,0,2,0,1
6.195,0,1,20,0,2,3,1,1
6.2,1,0,4,2,2,1,2,0
6.205,1,1,0,3,1,1,1,0
6.21,1,3,7,5,1,1,2,1
6.215,1,5,13,6,2,1,1,1
6.22,3,13,35,10,2,2,3,2
6.225,2,5,9,5,4,1,2,1
6.23,1,4,11,1,2,0,3,2
6.235,2,8,6,10,4,4,0,1
6.24,0,3,12,3,1,1,2,2
6.245,1,3,17,5,2,2,2,1
6.25,0,2,4,1,1,1,1,2
6.255,1,3,11,5,1,2,2,1
6.26,0,3,3,1,1,1,0,2
6.265,1,0,1,2,1,1,1,3
6.27,2,3,1,4,2,1,1,13
6.275,1,6,3,2,0,2,5,16
6.28,2,3,5,1,4,1,2,3
6.285,5,6,2,0,1,7,12,34
6.29,14,26,0,1,1,9,14,51
6.295,1,4,4,1,2,3,6,8
6.3,6,4,1,1,4,2,2,14
6.305,4,6,0,2,3,1,0,2
6.31,1,0,12,5,2,2,1,1
6.315,1,3,7,2,3,0,2,1
6.32,3,5,15,0,1,1,4,8
6.325,2,10,17,4,6,5,5,8
6.33,1,4,5,5,11,0,2,1
6.335,6,7,5,13,7,5,4,1
6.34,1,2,15,2,5,2,1,1
6.345,3,6,18,5,2,1,1,5
6.35,1,3,33,12,3,4,1,5
6.355,1,5,9,4,4,2,0,0
6.36,1,2,10,1,1,2,2,1
6.365,0,6,5,1,6,3,2,4
6.37,1,3,16,11,2,1,2,2
6.375,0,3,1,2,7,1,1,2
6.38,1,4,2,1,1,3,2,2
6.385,2,3,7,8,4,2,1,2
6.39,3,6,12,2,3,1,0,3
6.395,0,5,6,3,2,0,0,2
6.4,2,1,15,3,2,2,1,1
6.405,1,0,2,1,3,2,3,2
6.41,2,2,6,3,3,2,4,0
6.415,0,2,6,4,3,3,1,0
6.42,3,4,6,0,2,1,0,2
6.425,3,2,13,3,0,1,1,1
6.43,4,3,0,11,9,5,2,3
6.435,3,6,1,4,0,3,2,4
6.44,0,3,2,6,2,1,0,0
6.445,3,4,14,5,6,3,3,2
6.45,2,1,6,5,3,2,2,1
6.455,2,0,4,2,2,1,0,1
6.46,1,4,14,0,0,1,2,3
6.465,1,1,13,5,2,1,1,1
6.47,0,1,0,1,0,0,0,1
6.475,3,10,9,3,1,2,2,1
6.48,1,3,0,1,0,0,0,1
6.485,5,6,5,1,1,2,1,5
6.49,4,3,4,7,3,3,2,2
6.495,1,2,0,2,3,2,2,2
6.5,1,1,9,1,1,1,3,1
6.505,1,1,3,0,2,0,2,1
6.51,1,1,4,3,1,0,0,0
6.515,3,2,2,4,0,2,1,2
6.52,2,2,3,1,0,0,2,4
6.525,4,1,0,1,0,0,4,14
6.53,1,14,8,2,1,2,1,1
6.535,1,8,1,6,2,0,0,1
6.54,5,6,7,6,2,3,2,1
6.545,9,19,27,11,6,6,3,3
6.55,3,5,17,3,4,2,3,2
6.555,1,9,5,2,1,1,0,1
6.56,4,11,20,9,2,2,2,2
6.565,3,3,5,1,6,3,1,3
6.57,2,9,16,3,3,0,3,2
6.575,2,3,2,3,4,1,3,1
6.58,1,5,17,1,3,2,1,2
6.585,1,2,4,3,4,3,6,2
6.59,1,4,7,3,1,4,4,1
6.595,2,9,9,5,3,1,4,2
6.6,1,2,8,1,2,1,1,2
6.605,2,0,9,3,0,1,3,3
6.61,0,7,1,2,1,0,3,1
6.615,1,5,9,7,2,2,3,1
6.62,3,18,5,3,0,2,2,2
6.625,2,0,11,5,3,0,1,3
6.63,0,11,0,0,3,0,1,1
6.635,2,6,20,1,3,1,0,3
6.64,0,8,13,3,1,2,2,1
6.645,1,6,4,10,6,3,3,3
6.65,3,5,1,4,4,5,3,3
6.655,1,3,17,4,4,0,1,1
6.66,0,3,6,2,3,1,1,2
6.665,0,0,2,7,5,0,1,0
6.67,0,7,16,3,3,1,2,0
6.675,1,0,5,2,0,1,1,1
6.68,1,1,4,3,1,1,1,1
6.685,3,8,5,14,4,3,3,3
6.69,5,9,4,2,1,2,4,4
6.695,1,6,31,2,1,0,8,2
6.7,5,1,7,3,2,3,17,9
6.705,2,5,1,5,1,2,6,2
6.71,1,1,8,5,1,2,0,1
6.715,1,4,2,4,1,1,1,1
6.72,0,0,10,1,1,2,2,2
6.725,1,1,7,2,1,2,2,0
6.73,4,20,18,7,1,0,1,1
6.735,0,5,4,0,2,2,4,1
6.74,1,1,11,3,1,1,2,0
6.745,0,1,20,1,1,0,3,2
6.75,3,2,11,3,1,2,1,0
6.755,3,4,6,5,1,2,4,3
6.76,1,2,13,4,0,0,0,0
6.765,5,21,27,8,0,1,2,1
6.77,4,6,4,0,5,4,2,4
6.775,6,12,60,11,4,4,4,2
6.78,6,8,10,0,3,3,1,2
6.785,13,1,1,3,4,2,3,14
6.79,1,10,2,4,0,1,1,3
6.795,6,9,22,4,2,4,4,3
6.8,1,8,6,3,4,4,0,3
6.805,0,7,19,4,1,0,0,4
6.81,1,1,11,2,1,4,5,10
6.815,0,2,12,2,1,0,1,1
6.82,5,3,3,2,1,1,0,4
6.825,0,3,3,1,1,1,1,1
6.83,4,4,9,1,3,1,1,9
6.835,5,2,14,1,2,2,6,24
6.84,8,6,22,4,3,2,1,9
6.845,6,18,12,1,2,4,1,2
6.85,12,7,52,15,5,7,6,6
6.855,2,7,18,7,4,4,0,0
6.86,3,2,9,3,1,3,4,6
6.865,4,4,34,6,0,3,1,3
6.87,13,10,39,15,3,1,3,4
6.875,13,9,64,21,10,6,4,3
6.88,4,1,7,1,2,3,5,8
6.885,0,12,5,1,2,2,14,7
6.89,1,6,16,2,3,1,1,4
6.895,10,5,56,15,1,0,3,5
6.9,4,9,28,6,0,3,1,0
6.905,18,24,115,41,15,13,7,13
6.91,4,11,36,8,3,2,2,4
6.915,2,2,13,5,1,2,0,2
6.92,1,3,12,7,2,3,2,0
6.925,2,8,30,5,1,1,2,1
6.93,1,6,25,3,3,4,0,1
6.935,0,7,1,3,5,3,0,5
6.94,2,0,7,3,2,1,3,5
6.945,2,5,2,2,2,2,1,1
6.95,2,0,3,7,5,0,1,2
6.955,1,3,11,3,2,1,1,1
6.96,4,5,18,13,5,3,10,5
6.965,3,1,27,6,5,2,0,1
6.97,1,2,7,1,0,0,2,1
6.975,0,4,32,12,1,1,1,0
6.98,3,7,10,4,3,2,1,4
6.985,0,6,13,1,2,3,2,1
6.99,3,4,13,3,3,6,4,2
6.995,1,3,14,8,4,0,6,0
7,2,5,12,1,1,0,3,0
7.005,5,9,21,2,1,0,1,2
7.01,4,5,31,20,8,4,1,2
7.015,1,1,23,3,0,1,2,2
7.02,3,3,22,2,2,0,1,1
7.025,1,2,36,5,4,1,0,0
7.03,4,4,32,6,4,4,7,4
7.035,1,0,1,1,0,1,1,3
7.04,2,1,12,4,1,1,2,2
7.045,2,3,8,1,1,0,4,1
7.05,3,8,17,5,3,4,1,3
7.055,6,18,2,1,1,2,3,3
7.06,4,5,21,8,2,1,0,3
7.065,1,4,23,3,1,1,1,1
7.07,1,3,14,0,1,0,0,0
7.075,1,2,1,1,0,1,3,0
7.08,0,2,23,4,0,1,0,1
7.085,0,1,23,6,1,3,0,0
7.09,2,7,4,4,0,1,2,1
7.095,4,1,21,4,3,3,4,3
7.1,1,9,27,9,5,1,2,3
7.105,7,15,21,7,1,0,0,1
7.11,3,21,31,5,2,2,3,1
7.115,2,5,1,1,0,2,1,0
7.12,0,4,4,0,1,1,2,0
7.125,1,13,20,4,3,0,1,2
7.13,5,9,3,4,0,1,1,4
7.135,0,16,6,2,1,1,3,11
7.14,5,8,5,3,1,6,4,16
7.145,1,5,2,0,3,2,0,2
7.15,2,8,30,6,2,1,1,0
7.155,3,16,43,11,3,1,4,7
7.16,3,2,5,4,1,2,2,1
7.165,0,6,5,6,5,3,2,2
7.17,1,12,8,0,2,4,0,7
7.175,7,30,21,7,1,0,2,7
7.18,3,0,40,9,2,2,3,2
7.185,3,7,7,2,0,0,1,3
7.19,4,10,9,1,1,1,0,7
7.195,8,5,4,3,3,5,4,8
7.2,7,10,2,3,2,2,1,9
7.205,5,2,14,3,0,1,1,3
7.21,0,1,6,1,3,2,2,3
7.215,1,0,7,1,3,5,5,2
7.22,2,0,2,1,2,1,1,1
7.225,1,15,14,2,1,1,1,7
7.23,3,28,1,4,4,2,3,3
7.235,5,18,11,3,6,4,3,3
7.24,4,1,44,7,1,0,0,2
7.245,1,4,21,11,9,3,1,3
7.25,0,3,23,10,5,3,1,1
7.255,1,0,9,6,7,5,1,5
7.26,1,17,25,13,6,3,2,0
7.265,9,37,2,8,6,0,2,6
7.27,2,26,19,9,1,2,2,1
7.275,1,10,13,3,5,2,1,1
7.28,1,7,1,7,8,5,3,3
7.285,1,5,2,1,4,5,1,3
7.29,1,2,3,1,1,1,1,1
7.295,0,0,2,2,1,0,0,1
7.3,3,5,17,4,2,1,2,3
7.305,2,2,4,2,2,4,2,3
7.31,2,3,4,8,2,2,3,1
7.315,0,8,12,2,1,2,2,2
7.32,0,3,11,1,2,1,1,1
7.325,0,3,10,3,0,2,1,2
7.33,2,4,5,0,1,1,1,2
7.335,3,2,8,1,2,3,0,1
7.34,0,6,22,3,6,4,0,1
7.345,0,4,6,6,3,1,1,3
7.35,2,6,13,2,2,1,2,0
7.355,0,4,9,1,3,2,1,1
7.36,3,4,4,1,1,2,0,0
7.365,1,8,9,0,0,2,3,0
7.37,1,2,4,1,2,1,0,2
7.375,1,4,4,1,1,1,1,1
7.38,2,5,11,3,5,4,3,3
7.385,2,5,6,1,1,1,1,0
7.39,0,9,3,2,2,0,1,1
7.395,1,6,9,2,3,2,2,3
7.4,0,6,20,1,1,0,2,1
7.405,1,5,13,8,0,1,1,1
7.41,2,9,27,7,1,2,1,3
7.415,4,2,30,4,2,2,2,1
7.42,4,4,2,0,2,2,2,1
7.425,2,2,16,4,2,0,0,0
7.43,3,10,16,4,0,1,0,0
7.435,2,9,4,2,3,1,2,2
7.44,1,13,5,3,3,1,1,1
7.445,2,1,8,1,0,2,1,2
7.45,3,16,2,5,3,2,0,1
7.455,3,41,1,1,1,2,1,1
7.46,1,2,10,8,4,5,2,2
7.465,0,5,15,5,4,2,2,3
7.47,2,2,33,3,1,1,1,2
7.475,3,2,4,2,1,0,3,2
7.48,0,7,4,1,1,1,1,1
7.485,2,5,6,3,2,1,1,0
7.49,4,11,6,2,2,0,1,2
7.495,2,15,6,1,1,2,2,0
7.5,1,7,0,0,2,1,1,2
7.505,2,3,13,2,4,2,0,1
7.51,0,3,14,1,2,1,2,1
7.515,1,11,19,5,8,6,2,1
7.52,4,33,7,12,10,4,1,3
7.525,1,8,3,0,2,3,2,0
7.53,5,6,9,9,3,2,2,2
7.535,5,7,9,3,4,4,3,2
7.54,2,10,5,2,4,1,1,1
7.545,0,5,19,1,1,2,2,1
7.55,3,22,3,0,2,0,0,0
7.555,0,14,0,5,1,0,2,1
7.56,4,2,6,3,0,4,3,4
7.565,3,8,12,10,4,2,0,2
7.57,0,1,3,1,2,0,0,2
7.575,2,15,9,0,3,0,2,0
7.58,1,8,11,5,2,1,2,0
7.585,0,12,18,4,1,1,0,1
7.59,1,6,9,5,1,0,0,1
7.595,0,1,3,0,1,0,0,0
7.6,1,6,5,4,3,0,2,1
7.605,3,11,4,4,8,5,3,3
7.61,4,3,18,7,3,4,2,1
7.615,3,8,2,9,9,5,3,1
7.62,0,3,4,3,8,3,0,0
7.625,1,24,10,5,0,0,1,4
7.63,1,1,1,2,6,1,2,2
7.635,3,12,13,1,2,3,3,2
7.64,0,1,5,3,1,0,1,1
7.645,2,7,23,2,2,2,0,2
7.65,1,4,17,2,1,3,2,3
7.655,1,3,6,4,1,1,2,1
7.66,1,11,11,1,2,1,1,1
7.665,1,9,5,1,0,2,0,1
7.67,1,3,4,1,1,2,1,1
7.675,1,1,16,6,2,2,2,1
7.68,1,3,3,1,1,1,1,3
7.685,0,1,1,2,1,0,0,1
7.69,0,9,9,3,3,1,0,1
7.695,1,5,4,1,0,3,0,0
7.7,1,10,16,5,5,1,1,1
7.705,4,20,6,0,3,1,3,0
7.71,2,7,5,1,3,3,1,2
7.715,2,2,9,2,4,2,3,1
7.72,3,2,5,2,3,3,3,0
7.725,0,4,5,1,1,1,1,0
7.73,1,0,2,5,3,2,1,1
7.735,1,4,3,1,2,2,2,1
7.74,2,1,15,6,3,2,0,2
7.745,3,2,5,2,2,2,1,2
7.75,2,1,4,9,4,1,0,1
7.755,0,11,3,5,1,1,0,1
7.76,1,1,19,8,1,3,2,1
7.765,1,6,36,5,3,2,0,3
7.77,5,9,23,13,7,3,4,3
7.775,1,4,13,1,2,1,0,0
7.78,2,3,12,0,3,3,1,2
7.785,3,5,15,2,2,3,1,1
7.79,2,3,7,1,0,0,1,1
7.795,2,7,2,2,1,2,1,1
7.8,2,6,10,4,6,5,1,2
7.805,1,5,16,2,1,1,3,2
7.81,2,0,26,8,2,0,2,2
7.815,2,4,9,3,1,3,0,0
7.82,5,7,2,3,0,0,1,1
7.825,3,21,6,6,3,5,3,3
7.83,1,7,9,3,2,0,1,0
7.835,0,1,12,0,1,2,1,1
7.84,2,1,11,5,0,2,3,1
7.845,0,0,5,6,0,0,1,0
7.85,0,2,5,1,0,1,0,2
7.855,1,2,1,0,1,2,1,1
7.86,2,3,13,4,1,1,1,2
7.865,2,4,1,10,2,0,3,2
7.87,2,5,36,4,1,0,0,0
7.875,0,4,22,2,2,0,2,0
7.88,3,14,1,1,0,1,3,2
7.885,5,5,8,4,4,3,6,4
7.89,3,8,5,2,2,4,2,2
7.895,1,1,11,2,2,2,1,1
7.9,2,1,3,3,2,0,0,4
7.905,1,4,16,3,3,1,1,5
7.91,1,1,3,2,1,3,1,6
7.915,1,2,9,3,2,4,6,2
7.92,1,1,4,2,1,1,0,4
7.925,0,3,1,2,1,3,5,1
7.93,1,3,3,2,2,1,1,2
7.935,0,5,1,1,1,1,4,3
7.94,7,10,0,2,0,1,0,0
7.945,1,1,4,1,2,2,5,3
7.95,3,5,6,2,2,1,1,4
7.955,0,3,2,2,2,0,1,3
7.96,3,3,9,1,2,1,1,1
7.965,2,2,8,3,1,0,2,0
7.97,2,1,11,5,3,2,1,1
7.975,1,1,1,2,1,1,3,2
7.98,1,1,0,3,2,2,3,3
7.985,12,4,1,2,0,3,6,12
7.99,5,2,5,1,1,0,3,5
7.995,3,5,19,6,1,2,4,2
8,1,4,6,1,0,1,4,3
8.005,4,11,8,3,1,2,1,0
8.01,4,8,4,2,2,1,2,1
8.015,1,16,6,0,1,1,0,0
8.02,1,6,3,7,3,4,3,4
8.025,1,2,10,8,5,2,2,1
8.03,0,1,0,1,1,2,2,1
8.035,3,3,7,9,11,6,2,2
8.04,1,5,6,3,5,4,4,1
8.045,1,4,10,4,1,3,2,2
8.05,3,5,12,9,5,5,2,2
8.055,3,3,6,4,6,3,5,4
8.06,2,2,21,3,2,0,0,1
8.065,0,1,18,3,4,0,1,1
8.07,1,3,5,5,0,0,2,2
8.075,2,0,7,5,2,1,1,0
8.08,1,2,9,4,1,0,0,1
8.085,2,5,7,5,2,2,2,3
8.09,1,3,35,2,2,0,0,0
8.095,10,14,10,9,7,6,4,6
8.1,1,1,10,4,2,1,2,1
8.105,1,5,9,1,1,0,1,2
8.11,1,7,2,4,3,2,0,0
8.115,2,0,10,2,1,0,1,1
8.12,1,7,7,0,3,2,2,0
8.125,1,10,2,2,1,2,3,0
8.13,1,5,9,1,0,1,2,1
8.135,1,2,3,1,2,3,3,2
8.14,1,2,18,3,5,2,1,1
8.145,1,3,4,4,2,1,1,2
8.15,2,6,11,2,4,1,3,2
8.155,4,8,6,0,0,2,8,2
8.16,1,6,2,2,0,0,1,2
8.165,0,12,2,3,3,2,2,3
8.17,5,3,13,5,3,2,1,3
8.175,0,0,2,1,3,1,2,0
8.18,7,23,11,2,1,0,1,2
8.185,0,8,18,1,1,2,5,2
8.19,0,3,13,1,1,3,3,2
8.195,1,6,0,2,2,1,0,1
8.2,2,6,0,1,0,1,1,2
8.205,3,2,4,1,3,2,1,5
8.21,4,4,5,3,2,1,2,7
8.215,3,19,9,5,1,1,4,8
8.22,3,11,6,6,2,3,7,9
8.225,2,4,5,1,2,2,0,6
8.23,1,1,2,2,0,0,1,4
8.235,0,5,2,1,1,4,0,0
8.24,0,5,0,1,1,4,1,0
8.245,3,1,4,2,0,3,9,5
8.25,3,9,6,4,1,1,2,0
8.255,4,2,3,2,5,7,8,4
8.26,1,3,2,2,0,4,9,1
8.265,1,2,8,1,3,3,5,2
8.27,3,6,11,1,4,2,3,1
8.275,2,5,0,2,3,2,2,1
8.28,2,6,1,3,4,7,8,4
8.285,1,0,2,0,0,1,3,1
8.29,1,18,9,4,2,4,7,6
8.295,5,12,10,9,4,5,11,10
8.3,4,4,1,3,4,6,6,8
8.305,3,4,10,6,5,6,11,4
8.31,1,5,9,1,1,1,1,2
8.315,0,2,1,3,1,5,15,3
8.32,4,4,2,2,1,10,15,7
8.325,4,1,7,1,1,0,11,9
8.33,0,4,2,3,0,1,3,1
8.335,0,10,2,0,3,1,2,1
8.34,1,2,7,0,1,1,6,1
8.345,1,5,1,5,5,6,12,2
8.35,0,1,2,2,3,3,6,2
8.355,3,2,4,1,1,1,1,1
8.36,4,7,7,4,5,3,4,1
8.365,1,1,3,5,5,2,2,1
8.37,1,2,2,1,2,0,0,2
8.375,1,6,3,1,1,2,3,0
8.38,9,10,6,3,2,2,4,1
8.385,4,6,1,1,1,0,2,1
8.39,7,15,12,4,4,3,1,1
8.395,1,6,1,0,1,1,1,0
8.4,9,2,3,4,1,2,12,3
8.405,0,5,3,7,1,0,4,4
8.41,3,11,2,3,1,19,32,4
8.415,13,10,4,4,7,9,21,16
8.42,0,4,1,2,1,4,8,4
8.425,3,5,1,0,2,1,2,2
8.43,5,5,2,1,2,2,4,2
8.435,7,0,10,7,4,12,15,4
8.44,1,2,1,0,1,1,1,2
8.445,2,7,3,0,0,1,0,1
8.45,3,23,2,4,3,4,2,5
8.455,4,4,6,4,3,1,3,3
8.46,3,6,11,0,2,1,5,3
8.465,2,3,37,8,1,4,2,1
8.47,2,6,14,3,1,5,4,5
8.475,1,7,33,7,4,3,5,1
8.48,3,5,2,2,1,1,2,1
8.485,4,8,2,6,3,1,1,2
8.49,2,3,9,11,6,0,2,2
8.495,3,11,33,1,0,2,4,2
8.5,2,0,19,5,3,6,4,2
8.505,0,17,7,9,5,1,2,1
8.51,0,23,22,6,3,4,5,1
8.515,0,9,4,1,3,2,5,0
8.52,4,16,10,2,0,2,1,0
8.525,1,7,19,3,2,1,2,0
8.53,2,4,21,3,3,1,0,1
8.535,5,5,5,0,2,1,2,1
8.54,1,6,3,0,1,1,1,1
8.545,2,10,5,3,3,2,1,1
8.55,2,1,18,5,4,4,1,2
8.555,1,9,4,0,0,0,2,0
8.56,1,2,2,1,3,0,0,1
8.565,1,0,13,5,2,4,2,1
8.57,2,3,5,1,1,3,1,3
8.575,1,8,12,1,1,2,1,1
8.58,4,6,5,4,2,2,2,4
8.585,0,3,4,3,2,1,1,2
8.59,0,1,2,2,1,1,0,1
8.595,0,2,7,1,3,0,2,1
8.6,2,3,3,1,5,2,0,1
8.605,1,1,0,4,2,1,1,0
8.61,2,3,1,9,4,1,2,0
8.615,2,0,0,1,2,2,2,1
8.62,1,2,7,9,5,3,2,1
8.625,1,4,11,3,2,1,2,2
8.63,1,7,20,9,4,1,1,0
8.635,1,12,7,3,3,3,1,2
8.64,2,25,1,3,0,1,1,2
8.645,0,3,8,3,1,1,1,0
8.65,1,4,3,1,3,2,1,0
8.655,2,2,2,0,0,2,0,2
8.66,2,3,7,2,1,3,1,0
8.665,1,1,2,2,2,1,1,1
8.67,3,9,26,5,2,3,3,3
8.675,0,1,5,2,1,1,2,1
8.68,0,3,2,1,0,1,2,1
8.685,2,11,21,4,3,1,2,3
8.69,0,4,6,1,1,2,1,0
8.695,0,3,2,2,3,2,1,1
8.7,2,5,8,6,0,2,0,2
8.705,1,4,4,2,1,0,1,1
8.71,0,2,3,1,1,1,2,1
8.715,4,10,2,2,5,3,1,3
8.72,1,2,3,3,1,3,1,0
8.725,1,1,1,1,2,1,0,1
8.73,0,2,7,1,2,0,1,1
8.735,1,4,14,8,2,3,2,0
8.74,2,1,5,2,2,1,2,2
8.745,0,5,10,3,2,1,2,1
8.75,0,1,9,0,2,2,1,2
8.755,1,4,21,7,0,0,2,1
8.76,1,3,42,6,1,1,2,1
8.765,2,2,3,1,5,3,1,1
8.77,0,3,7,4,1,1,1,1
8.775,0,3,3,0,1,2,1,2
8.78,1,0,7,0,0,1,1,1
8.785,1,2,22,5,2,1,1,0
8.79,4,11,15,4,2,2,3,5
8.795,0,1,5,1,1,2,1,1
8.8,1,4,15,6,2,1,1,0
8.805,1,1,7,3,2,2,1,3
8.81,1,4,6,0,0,0,2,1
8.815,1,4,4,1,2,2,1,1
8.82,2,2,1,2,2,3,3,0
8.825,1,1,10,2,1,2,2,1
8.83,1,1,4,3,1,0,0,1
8.835,2,0,14,5,0,3,0,2
8.84,2,2,4,1,2,3,2,3
8.845,1,4,4,1,1,3,1,4
8.85,1,4,2,1,0,2,0,0
8.855,1,0,4,1,1,1,2,2
8.86,3,4,20,11,7,2,1,0
8.865,0,4,8,2,4,2,7,2
8.87,3,1,4,5,4,0,2,5
8.875,4,3,7,4,3,4,13,4
8.88,4,5,6,4,1,6,12,0
8.885,4,2,1,11,6,4,6,2
8.89,2,2,2,2,0,3,1,2
8.895,1,2,4,2,4,2,4,2
8.9,1,3,9,1,1,0,2,0
8.905,0,1,3,5,0,1,4,2
8.91,2,4,0,9,3,3,1,2
8.915,2,4,16,8,4,4,4,3
8.92,0,1,6,1,1,10,17,2
8.925,1,4,4,2,1,0,1,1
8.93,0,13,8,6,2,10,13,2
8.935,0,0,4,1,1,1,9,7
8.94,5,7,4,3,1,4,12,5
8.945,4,1,0,3,5,4,16,1
8.95,2,7,1,4,8,6,14,1
8.955,2,12,2,7,3,0,3,2
8.96,5,3,3,5,1,1,7,5
8.965,0,3,0,3,0,1,2,6
8.97,0,5,5,0,0,1,7,1
8.975,2,0,0,1,1,1,2,2
8.98,1,3,2,0,1,0,3,1
8.985,2,2,1,2,3,2,4,4
8.99,3,8,2,0,0,2,4,6
8.995,0,2,2,0,1,1,4,2
9,0,0,0,4,2,1,2,1
9.005,0,1,1,4,3,4,6,3
9.01,2,0,4,1,3,1,2,4
9.015,0,2,2,2,2,2,1,3
9.02,3,1,10,5,3,2,2,2
9.025,0,2,4,2,2,3,3,2
9.03,1,1,1,2,1,3,1,4
9.035,0,1,3,1,0,0,3,1
9.04,1,1,2,1,2,1,3,2
9.045,0,0,1,1,2,1,3,0
9.05,1,0,2,4,0,1,0,0
9.055,3,0,4,0,1,1,3,5
9.06,1,4,1,0,0,1,2,5
9.065,2,1,1,4,2,4,4,1
9.07,2,0,1,1,2,2,2,2
9.075,3,4,1,2,3,2,3,0
9.08,4,6,2,1,0,1,3,3
9.085,4,3,3,1,2,1,4,13
9.09,1,1,1,2,3,6,8,0
9.095,1,1,3,3,0,1,9,5
9.1,1,2,0,1,2,0,6,8
9.105,0,1,5,0,3,2,3,0
9.11,2,1,1,1,0,2,2,1
9.115,1,2,1,2,3,4,2,3
9.12,2,3,1,0,0,1,2,3
9.125,2,1,6,3,0,3,2,2
9.13,2,1,2,2,1,0,1,0
9.135,2,2,1,1,0,2,2,3
9.14,2,2,2,0,1,2,2,2
9.145,0,2,2,3,4,3,6,1
9.15,2,1,0,1,2,2,2,0
9.155,1,3,2,0,0,4,4,6
9.16,0,0,5,1,1,3,3,6
9.165,3,2,0,1,0,3,7,4
9.17,0,0,2,3,2,6,7,6
9.175,0,2,1,1,2,8,6,1
9.18,1,2,0,4,1,10,5,0
9.185,2,2,3,0,2,5,10,9
9.19,1,0,3,4,4,4,6,10
9.195,1,2,0,3,1,1,0,2
9.2,0,1,1,2,2,10,5,6
9.205,1,1,2,2,1,1,0,2
9.21,0,2,4,2,3,1,6,4
9.215,2,1,2,1,2,2,1,1
9.22,1,1,1,0,0,2,0,1
9.225,2,3,1,1,3,8,12,5
9.23,2,2,0,3,3,1,22,7
9.235,1,1,3,3,2,4,13,12
9.24,5,3,1,1,1,0,12,4
9.245,1,2,1,1,2,17,28,7
9.25,1,2,3,1,1,4,0,0
9.255,3,2,1,1,2,5,6,3
9.26,2,2,2,0,1,0,3,6
9.265,1,3,1,1,0,1,3,3
9.27,0,1,6,1,0,2,3,3
9.275,1,1,1,1,2,3,0,1
9.28,3,1,3,1,2,2,1,1
9.285,1,2,2,2,1,5,3,0
9.29,1,1,2,2,1,8,2,1
9.295,0,1,1,1,0,6,5,5
9.3,2,3,1,4,2,0,3,3
9.305,2,1,2,0,1,2,8,2
9.31,2,3,5,1,5,3,8,3
9.315,0,1,0,2,0,1,1,2
9.32,2,2,1,2,1,2,4,7
9.325,1,1,2,3,2,1,0,1
9.33,1,2,2,2,1,4,1,3
9.335,2,3,3,2,1,1,0,5
9.34,1,1,3,0,1,5,4,3
9.345,1,0,1,1,0,3,9,12
9.35,2,4,5,1,3,4,5,3
9.355,0,2,3,2,0,6,4,1
9.36,3,2,0,1,1,1,3,4
9.365,3,1,3,2,3,4,5,7
9.37,2,4,3,3,3,0,5,4
9.375,0,1,1,0,1,2,6,0
9.38,0,1,1,1,0,7,9,0
9.385,1,3,3,2,1,2,0,2
9.39,0,3,0,2,0,1,7,1
9.395,1,1,2,1,1,4,5,1
9.4,1,1,0,2,1,1,0,5
9.405,0,2,2,2,3,0,5,2
9.41,1,2,3,2,0,1,4,3
9.415,1,1,3,1,0,1,2,1
9.42,0,0,3,2,2,0,1,4
9.425,0,0,2,0,1,4,2,1
9.43,2,2,2,2,2,4,2,4
9.435,0,1,1,1,2,0,1,0
9.44,1,0,4,5,4,4,1,2
9.445,0,0,1,0,1,1,3,2
9.45,2,2,2,2,0,3,6,2
9.455,1,1,3,2,4,2,2,2
9.46,0,0,2,1,2,3,9,4
9.465,1,1,0,0,2,2,1,2
9.47,2,0,0,2,4,1,1,1
9.475,1,2,2,1,2,0,1,2
9.48,1,1,1,2,2,0,1,2
9.485,0,1,1,0,1,2,5,1
9.49,1,1,2,1,0,2,3,0
9.495,1,0,0,0,0,1,1,1
9.5,1,1,0,1,2,2,2,1
9.505,1,1,0,1,3,4,2,1
9.51,1,2,1,1,1,3,2,1
9.515,1,1,2,1,0,2,0,1
9.52,2,0,1,2,0,2,3,2
9.525,0,0,1,2,2,0,1,3
9.53,0,1,6,2,3,0,1,1
9.535,1,1,11,0,1,1,2,2
9.54,1,6,9,0,3,0,2,1
9.545,5,8,20,6,3,2,2,3
9.55,2,6,1,3,4,2,1,0
9.555,0,13,6,1,7,1,3,0
9.56,4,0,7,2,1,0,2,1
9.565,5,11,5,2,3,1,0,0
9.57,1,2,1,4,3,2,2,1
9.575,0,3,3,2,4,2,1,0
9.58,0,1,6,1,4,1,0,1
9.585,0,2,12,2,1,1,2,0
9.59,2,1,22,4,6,0,3,1
9.595,1,13,7,2,1,0,1,0
9.6,2,2,1,5,4,1,2,1
9.605,0,4,7,3,3,3,1,1
9.61,1,1,6,3,4,1,0,1
9.615,1,6,6,3,1,0,0,0
9.62,0,18,7,0,0,0,0,0
9.625,2,5,2,1,2,0,2,0
9.63,1,3,5,1,3,3,1,3
9.635,0,4,3,1,2,2,1,1
9.64,1,5,8,0,0,2,1,2
9.645,3,3,17,4,3,3,2,1
9.65,1,11,9,1,1,1,1,1
9.655,4,0,21,9,5,2,2,2
9.66,0,6,19,1,0,3,0,1
9.665,3,4,3,1,0,2,1,2
9.67,0,2,1,1,2,1,1,0
9.675,3,3,1,5,1,2,2,1
9.68,1,4,12,2,0,1,2,0
9.685,0,2,5,1,1,2,0,1
9.69,1,1,4,2,3,1,0,1
9.695,1,1,4,4,3,2,2,0
9.7,3,8,13,6,5,5,3,3
9.705,2,3,2,3,2,0,2,1
9.71,1,1,1,0,6,4,1,1
9.715,1,1,1,1,4,1,1,2
9.72,3,2,6,2,1,1,2,1
9.725,3,6,3,4,4,3,2,2
9.73,2,0,4,3,6,6,2,2
9.735,2,2,5,1,1,0,2,0
9.74,0,2,14,1,2,3,2,1
9.745,1,3,2,3,2,2,2,0
9.75,0,2,2,0,0,1,1,1
9.755,0,1,2,1,3,2,1,3
9.76,1,1,4,4,2,5,2,1
9.765,0,2,2,1,1,1,2,1
9.77,1,1,0,1,5,2,1,1
9.775,1,1,0,2,1,1,1,1
9.78,1,2,3,1,0,1,0,1
9.785,2,1,8,2,2,1,1,0
9.79,2,6,21,2,1,1,2,2
9.795,2,8,35,7,5,4,3,0
9.8,6,13,20,10,7,5,4,4
9.805,3,0,5,2,0,2,2,2
9.81,2,0,4,1,1,1,5,1
9.815,1,5,16,3,2,1,2,1
9.82,2,5,5,2,5,5,2,1
9.825,1,3,11,0,2,2,2,0
9.83,2,8,7,1,1,2,1,1
9.835,1,16,9,3,2,2,1,1
9.84,1,3,9,4,2,1,1,1
9.845,0,3,2,1,1,0,1,1
9.85,4,10,7,7,1,2,2,3
9.855,1,6,7,0,1,1,1,1
9.86,2,5,9,1,2,0,2,2
9.865,2,2,5,3,1,0,1,1
9.87,1,2,6,2,3,1,0,2
9.875,0,5,34,6,1,1,2,1
9.88,0,2,4,0,1,4,2,1
9.885,2,0,8,0,1,3,1,1
9.89,0,0,4,1,0,1,0,0
9.895,0,3,6,0,1,1,3,2
9.9,1,2,1,2,2,2,2,1
9.905,1,0,1,4,2,4,2,1
9.91,0,0,2,1,1,1,0,0
9.915,1,2,1,0,2,1,1,2
9.92,0,2,1,2,1,0,1,0
9.925,1,2,5,0,1,1,0,1
9.93,3,2,1,0,1,3,2,2
9.935,2,0,1,2,2,3,0,0
9.94,0,3,1,2,1,2,2,0
9.945,0,1,0,3,3,1,1,2
9.95,1,1,8,3,1,2,0,1
9.955,2,1,10,3,3,1,3,1
9.96,1,4,6,2,0,0,1,3
9.965,0,4,7,5,0,1,1,1
9.97,2,5,7,4,1,1,1,2
9.975,0,1,0,2,0,1,1,3
9.98,1,2,7,1,0,1,0,1
9.985,0,1,3,0,3,1,0,0
9.99,1,0,2,3,2,3,3,2
9.995,1,1,4,2,1,2,1,0
10,1,3,10,1,2,1,2,2
10.005,1,2,5,3,0,1,2,2
10.01,2,2,1,6,4,4,3,2
10.015,1,1,4,2,0,0,1,1
10.02,1,1,1,2,1,3,1,0
10.025,2,1,3,0,2,1,1,0
10.03,0,0,2,0,1,2,1,2
10.035,1,1,2,2,3,4,3,1
10.04,1,1,3,2,2,0,3,1
10.045,1,1,1,1,3,3,3,2
10.05,2,2,2,3,2,2,0,2
10.055,2,2,3,1,0,1,0,1
10.06,1,1,1,4,3,2,0,0
10.065,1,1,2,2,4,1,0,0
10.07,0,2,1,1,1,4,1,2
10.075,3,2,3,0,1,0,1,1
10.08,1,1,0,0,2,2,0,0
10.085,2,1,1,0,2,0,0,2
10.09,1,0,2,0,2,2,0,1
10.095,2,3,5,6,1,4,3,0
10.1,2,2,1,2,3,4,3,1
10.105,1,1,0,1,1,2,1,1
10.11,1,1,1,1,1,1,0,0
10.115,2,3,1,1,1,2,1,2
10.12,2,0,2,3,1,2,0,1
10.125,1,2,1,0,1,1,1,0
10.13,3,1,1,1,3,3,1,2
10.135,1,0,3,3,1,0,1,0
10.14,0,0,1,2,1,0,2,1
10.145,2,1,3,2,2,1,0,1
10.15,2,2,2,0,0,0,2,2
10.155,1,0,0,2,0,1,1,0
10.16,1,1,1,1,1,0,0,1
10.165,2,0,2,1,4,1,2,0
10.17,1,0,1,3,1,3,1,2
10.175,2,2,1,4,3,3,3,2
10.18,2,3,1,1,1,1,1,0
10.185,1,0,0,1,0,0,1,1
10.19,2,1,1,1,1,0,0,1
10.195,2,0,1,1,0,0,0,2
10.2,0,1,1,3,4,3,1,1
10.205,2,1,2,3,3,4,1,2
10.21,1,2,0,1,1,2,1,2
10.215,0,1,1,1,0,0,0,0
10.22,1,0,1,0,1,1,1,3
10.225,1,2,3,0,0,3,2,1
10.23,2,1,1,2,0,2,2,1
10.235,0,0,1,2,3,4,3,1
10.24,1,1,3,4,3,2,3,2
10.245,1,1,0,2,1,0,0,0
10.25,2,2,1,1,1,1,0,1
